image,alpha,perturb,iou,pixel_change,base_err,perturbed_err
1012026,1,dilate_r1,0.5871121718377088,1384,55.08104705810547,55.05856704711914
1012026,1,dilate_r2,0.412751677852349,2800,55.08104705810547,54.64665222167969
1012026,1,erode_r1,0.4024390243902439,1176,55.08104705810547,55.996429443359375
1012026,1,erode_r2,0.0,1968,55.08104705810547,
1012026,1,region_drop_10pct,1.0,0,55.08104705810547,55.08104705810547
1012026,1,region_drop_25pct,0.8211382113821138,352,55.08104705810547,58.1588020324707
1012026,1,region_drop_50pct,0.3333333333333333,1312,55.08104705810547,28.83274269104004
1012026,1,blur_rethresh,0.9471544715447154,104,55.08104705810547,55.185874938964844
1012026,3,dilate_r1,0.5893909626719057,3344,56.75355529785156,56.88093948364258
1012026,3,dilate_r2,0.4143646408839779,6784,56.75355529785156,56.655582427978516
1012026,3,erode_r1,0.4083333333333333,2840,56.75355529785156,57.151363372802734
1012026,3,erode_r2,0.006666666666666667,4768,56.75355529785156,49.003517150878906
1012026,3,region_drop_10pct,0.9033333333333333,464,56.75355529785156,57.73768615722656
1012026,3,region_drop_25pct,0.8266666666666667,832,56.75355529785156,59.85962677001953
1012026,3,region_drop_50pct,0.6966666666666667,1456,56.75355529785156,62.159847259521484
1012026,3,blur_rethresh,0.9462835727670206,258,56.75355529785156,56.79740524291992
1012026,5,dilate_r1,0.586940572267058,4504,57.419090270996094,58.063743591308594
1012026,5,dilate_r2,0.41237113402061853,9120,57.419090270996094,58.96127700805664
1012026,5,erode_r1,0.405625,3804,57.419090270996094,57.70772933959961
1012026,5,erode_r2,0.0125,6320,57.419090270996094,62.028297424316406
1012026,5,region_drop_10pct,0.9725,176,57.419090270996094,57.9532470703125
1012026,5,region_drop_25pct,0.8725,816,57.419090270996094,58.73712921142578
1012026,5,region_drop_50pct,0.6925,1968,57.419090270996094,58.17158126831055
1012026,5,blur_rethresh,0.941974730931212,372,57.419090270996094,57.327842712402344
1012026,10,dilate_r1,0.6008945014469876,6068,56.1707878112793,56.29441833496094
1012026,10,dilate_r2,0.42643764002987306,12288,56.1707878112793,56.99536895751953
1012026,10,erode_r1,0.43695271453590195,5144,56.1707878112793,57.318477630615234
1012026,10,erode_r2,0.0595446584938704,8592,56.1707878112793,71.65011596679688
1012026,10,region_drop_10pct,0.9509632224168126,448,56.1707878112793,55.82651901245117
1012026,10,region_drop_25pct,0.425569176882662,5248,56.1707878112793,47.37324905395508
1012026,10,region_drop_50pct,0.7863397548161121,1952,56.1707878112793,56.12500762939453
1012026,10,blur_rethresh,0.9430504036657211,522,56.1707878112793,56.104549407958984
1012026,25,dilate_r1,0.6503833125334284,7844,52.98357009887695,54.18647003173828
1012026,25,dilate_r2,0.4843335103558152,15536,52.98357009887695,55.584205627441406
1012026,25,erode_r1,0.518640350877193,7024,52.98357009887695,52.25830841064453
1012026,25,erode_r2,0.1600877192982456,12256,52.98357009887695,53.4269905090332
1012026,25,region_drop_10pct,0.993421052631579,96,52.98357009887695,52.69849395751953
1012026,25,region_drop_25pct,0.6732456140350878,4768,52.98357009887695,55.73035430908203
1012026,25,region_drop_50pct,0.11074561403508772,12976,52.98357009887695,58.16096878051758
1012026,25,blur_rethresh,0.9478743568914162,770,52.98357009887695,52.59921646118164
1012026,50,dilate_r1,0.7081723200228996,8156,52.68451690673828,54.88200378417969
1012026,50,dilate_r2,0.5622727272727273,15408,52.68451690673828,57.30033493041992
1012026,50,erode_r1,0.597413096200485,7968,52.68451690673828,51.3859748840332
1012026,50,erode_r2,0.25949878738884397,14656,52.68451690673828,50.170005798339844
1012026,50,region_drop_10pct,0.9991915925626516,16,52.68451690673828,52.71208190917969
1012026,50,region_drop_25pct,0.9830234438156831,336,52.68451690673828,51.27727508544922
1012026,50,region_drop_50pct,0.9781729991915926,432,52.68451690673828,51.34455871582031
1012026,50,blur_rethresh,0.9535965172652617,938,52.68451690673828,52.10960388183594
1012026,100,dilate_r1,0.7578581190209964,7796,53.22559356689453,56.41636276245117
1012026,100,dilate_r2,0.6364774624373957,13936,53.22559356689453,60.10835266113281
1012026,100,erode_r1,0.6604918032786885,8284,53.22559356689453,51.238670349121094
1012026,100,erode_r2,0.34885245901639345,15888,53.22559356689453,49.27879333496094
1012026,100,region_drop_10pct,0.9986885245901639,32,53.22559356689453,53.18110656738281
1012026,100,region_drop_25pct,0.9973770491803279,64,53.22559356689453,53.064640045166016
1012026,100,region_drop_50pct,0.9757377049180328,592,53.22559356689453,51.35457992553711
1012026,100,blur_rethresh,0.9598001998001998,1006,53.22559356689453,52.60563278198242
1017023,1,dilate_r1,0.5995777621393384,2276,53.42044448852539,56.147891998291016
1017023,1,dilate_r2,0.4209486166007905,4688,53.42044448852539,58.20814895629883
1017023,1,erode_r1,0.4495305164319249,1876,53.42044448852539,46.702327728271484
1017023,1,erode_r2,0.09389671361502347,3088,53.42044448852539,4.14546012878418
1017023,1,region_drop_10pct,0.9530516431924883,160,53.42044448852539,51.4122428894043
1017023,1,region_drop_25pct,0.8450704225352113,528,53.42044448852539,51.09052658081055
1017023,1,region_drop_50pct,0.5258215962441315,1616,53.42044448852539,44.42338180541992
1017023,1,blur_rethresh,0.9413145539906104,200,53.42044448852539,52.39743423461914
1017023,3,dilate_r1,0.59496090356212,4662,54.74053955078125,55.919647216796875
1017023,3,dilate_r2,0.4169508037018997,9576,54.74053955078125,56.989078521728516
1017023,3,erode_r1,0.43545560747663553,3866,54.74053955078125,51.516265869140625
1017023,3,erode_r2,0.06658878504672897,6392,54.74053955078125,9.549117088317871
1017023,3,region_drop_10pct,0.9112149532710281,608,54.74053955078125,55.2218132019043
1017023,3,region_drop_25pct,0.7476635514018691,1728,54.74053955078125,55.457862854003906
1017023,3,region_drop_50pct,0.48364485981308414,3536,54.74053955078125,56.80348587036133
1017023,3,blur_rethresh,0.9410305064954021,404,54.74053955078125,54.21763610839844
1017023,5,dilate_r1,0.5953342890655545,6210,54.072261810302734,55.08084487915039
1017023,5,dilate_r2,0.41785583607757043,12728,54.072261810302734,56.114112854003906
1017023,5,erode_r1,0.43629597197898423,5150,54.072261810302734,51.769229888916016
1017023,5,erode_r2,0.07092819614711034,8488,54.072261810302734,21.001680374145508
1017023,5,region_drop_10pct,0.8896672504378283,1008,54.072261810302734,55.0815315246582
1017023,5,region_drop_25pct,0.7180385288966725,2576,54.072261810302734,53.43684768676758
1017023,5,region_drop_50pct,0.5394045534150613,4208,54.072261810302734,53.00246810913086
1017023,5,blur_rethresh,0.9385926573426573,562,54.072261810302734,53.67731857299805
1017023,10,dilate_r1,0.6003309333214079,8937,56.37425994873047,56.8637809753418
1017023,10,dilate_r2,0.42357692793133916,18268,56.37425994873047,57.38914489746094
1017023,10,erode_r1,0.4446513706793802,7455,56.37425994873047,55.354591369628906
1017023,10,erode_r2,0.08075089392133493,12340,56.37425994873047,39.865352630615234
1017023,10,region_drop_10pct,0.9249106078665077,1008,56.37425994873047,56.08917999267578
1017023,10,region_drop_25pct,0.7389749702026222,3504,56.37425994873047,56.57659912109375
1017023,10,region_drop_50pct,0.6078665077473182,5264,56.37425994873047,51.33758544921875
1017023,10,blur_rethresh,0.9374397031539888,843,56.37425994873047,56.200218200683594
1017023,25,dilate_r1,0.6289832628506761,12458,56.99312210083008,57.298152923583984
1017023,25,dilate_r2,0.45897079276773295,24896,56.99312210083008,57.59381103515625
1017023,25,erode_r1,0.48551136363636366,10866,56.99312210083008,56.750572204589844
1017023,25,erode_r2,0.12272727272727273,18528,56.99312210083008,55.696372985839844
1017023,25,region_drop_10pct,0.9356060606060606,1360,56.99312210083008,57.3433837890625
1017023,25,region_drop_25pct,0.4583333333333333,11440,56.99312210083008,54.93100357055664
1017023,25,region_drop_50pct,0.35984848484848486,13520,56.99312210083008,59.467838287353516
1017023,25,blur_rethresh,0.9394449904066638,1294,56.99312210083008,56.93499755859375
1017023,50,dilate_r1,0.6685319903003171,14216,56.884544372558594,57.25115966796875
1017023,50,dilate_r2,0.5130260521042084,27216,56.884544372558594,57.533203125
1017023,50,erode_r1,0.5333426339285714,13380,56.884544372558594,56.34877014160156
1017023,50,erode_r2,0.16741071428571427,23872,56.884544372558594,55.16972732543945
1017023,50,region_drop_10pct,0.9988839285714286,32,56.884544372558594,56.87948989868164
1017023,50,region_drop_25pct,0.9849330357142857,432,56.884544372558594,56.521644592285156
1017023,50,region_drop_50pct,0.033482142857142856,27712,56.884544372558594,54.33289337158203
1017023,50,blur_rethresh,0.9470533912508123,1548,56.884544372558594,56.86552429199219
1017023,100,dilate_r1,0.7356102221160735,13284,56.685665130615234,57.25300598144531
1017023,100,dilate_r2,0.6101426307448494,23616,56.685665130615234,57.613922119140625
1017023,100,erode_r1,0.6201298701298701,14040,56.685665130615234,55.689361572265625
1017023,100,erode_r2,0.2792207792207792,26640,56.685665130615234,53.64500427246094
1017023,100,region_drop_10pct,1.0,0,56.685665130615234,56.685665130615234
1017023,100,region_drop_25pct,1.0,0,56.685665130615234,56.685665130615234
1017023,100,region_drop_50pct,0.9995670995670995,16,56.685665130615234,56.67218780517578
1017023,100,blur_rethresh,0.9579929373319981,1594,56.685665130615234,56.6570930480957
1027025,1,dilate_r1,0.5704584040747029,1012,91.18153381347656,92.95036315917969
1027025,1,dilate_r2,0.39436619718309857,2064,91.18153381347656,93.27921295166016
1027025,1,erode_r1,0.38095238095238093,832,91.18153381347656,87.25862884521484
1027025,1,erode_r2,0.0,1344,91.18153381347656,
1027025,1,region_drop_10pct,1.0,0,91.18153381347656,91.18153381347656
1027025,1,region_drop_25pct,0.8095238095238095,256,91.18153381347656,61.29789352416992
1027025,1,region_drop_50pct,0.6785714285714286,432,91.18153381347656,80.27775573730469
1027025,1,blur_rethresh,0.9315985130111524,92,91.18153381347656,90.41679382324219
1027025,3,dilate_r1,0.56,2816,58.00239181518555,59.163726806640625
1027025,3,dilate_r2,0.38095238095238093,5824,58.00239181518555,59.88014221191406
1027025,3,erode_r1,0.3705357142857143,2256,58.00239181518555,56.21919631958008
1027025,3,erode_r2,0.0,3584,58.00239181518555,
1027025,3,region_drop_10pct,0.8348214285714286,592,58.00239181518555,44.908851623535156
1027025,3,region_drop_25pct,0.7098214285714286,1040,58.00239181518555,48.47334289550781
1027025,3,region_drop_50pct,0.44642857142857145,1984,58.00239181518555,90.06902313232422
1027025,3,blur_rethresh,0.920803123257111,284,58.00239181518555,57.666194915771484
1027025,5,dilate_r1,0.5620253164556962,4152,63.632965087890625,64.39669036865234
1027025,5,dilate_r2,0.38408304498269896,8544,63.632965087890625,65.1165771484375
1027025,5,erode_r1,0.3716216216216216,3348,63.632965087890625,62.77738571166992
1027025,5,erode_r2,0.0,5328,63.632965087890625,
1027025,5,region_drop_10pct,0.8618618618618619,736,63.632965087890625,51.90253448486328
1027025,5,region_drop_25pct,0.8438438438438438,832,63.632965087890625,69.099853515625
1027025,5,region_drop_50pct,0.5735735735735735,2272,63.632965087890625,58.52958679199219
1027025,5,blur_rethresh,0.923827392120075,406,63.632965087890625,63.55597686767578
1027025,10,dilate_r1,0.5769230769230769,5456,68.13920593261719,67.8598861694336
1027025,10,dilate_r2,0.39879931389365353,11216,68.13920593261719,68.07816314697266
1027025,10,erode_r1,0.40161290322580645,4452,68.13920593261719,70.260986328125
1027025,10,erode_r2,0.03225806451612903,7200,68.13920593261719,61.891544342041016
1027025,10,region_drop_10pct,0.9204301075268817,592,68.13920593261719,69.48912811279297
1027025,10,region_drop_25pct,0.821505376344086,1328,68.13920593261719,71.21977233886719
1027025,10,region_drop_50pct,0.4967741935483871,3744,68.13920593261719,65.0605239868164
1027025,10,blur_rethresh,0.9273458445040215,542,68.13920593261719,68.2386474609375
1027025,25,dilate_r1,0.6157461809635723,6540,71.65504455566406,70.59209442138672
1027025,25,dilate_r2,0.4416722859069454,13248,71.65504455566406,70.15180206298828
1027025,25,erode_r1,0.4679389312977099,5576,71.65504455566406,73.59535217285156
1027025,25,erode_r2,0.10381679389312977,9392,71.65504455566406,70.68696594238281
1027025,25,region_drop_10pct,0.9740458015267176,272,71.65504455566406,71.7970199584961
1027025,25,region_drop_25pct,0.3755725190839695,6544,71.65504455566406,63.22117233276367
1027025,25,region_drop_50pct,0.8030534351145038,2064,71.65504455566406,76.57005310058594
1027025,25,blur_rethresh,0.9351729351729352,686,71.65504455566406,71.80474853515625
1027025,50,dilate_r1,0.6365079365079365,7328,71.50794982910156,70.58792114257812
1027025,50,dilate_r2,0.46845794392523366,14560,71.50794982910156,70.00194549560547
1027025,50,erode_r1,0.49283042394014964,6508,71.50794982910156,73.47212219238281
1027025,50,erode_r2,0.12094763092269327,11280,71.50794982910156,73.341796875
1027025,50,region_drop_10pct,0.9850374064837906,192,71.50794982910156,71.74636840820312
1027025,50,region_drop_25pct,0.8840399002493765,1488,71.50794982910156,72.6222915649414
1027025,50,region_drop_50pct,0.9226932668329177,992,71.50794982910156,72.9463882446289
1027025,50,blur_rethresh,0.9354690374003679,842,71.50794982910156,71.6462173461914
1027025,100,dilate_r1,0.7005141388174807,7456,71.1800537109375,70.1068115234375
1027025,100,dilate_r2,0.5480140774258422,14384,71.1800537109375,69.39274597167969
1027025,100,erode_r1,0.5963302752293578,7040,71.1800537109375,73.25894927978516
1027025,100,erode_r2,0.2706422018348624,12720,71.1800537109375,75.42481231689453
1027025,100,region_drop_10pct,0.9972477064220183,48,71.1800537109375,71.2641830444336
1027025,100,region_drop_25pct,0.981651376146789,320,71.1800537109375,71.40484619140625
1027025,100,region_drop_50pct,0.9587155963302753,720,71.1800537109375,72.57134246826172
1027025,100,blur_rethresh,0.946662175060356,950,71.1800537109375,71.30109405517578
1027028,1,dilate_r1,0.5996810207336523,1506,90.53691864013672,90.76839447021484
1027028,1,dilate_r2,0.42406015037593986,3064,90.53691864013672,90.7003173828125
1027028,1,erode_r1,0.44592198581560283,1250,90.53691864013672,88.45231628417969
1027028,1,erode_r2,0.09574468085106383,2040,90.53691864013672,64.08383178710938
1027028,1,region_drop_10pct,0.9148936170212766,192,90.53691864013672,96.70633697509766
1027028,1,region_drop_25pct,0.8368794326241135,368,90.53691864013672,79.20748138427734
1027028,1,region_drop_50pct,0.5035460992907801,1120,90.53691864013672,83.9897689819336
1027028,1,blur_rethresh,0.941541186891054,132,90.53691864013672,90.59711456298828
1027028,3,dilate_r1,0.5836734693877551,3264,91.21800231933594,90.93216705322266
1027028,3,dilate_r2,0.4045261669024045,6736,91.21800231933594,90.96434783935547
1027028,3,erode_r1,0.42132867132867136,2648,91.21800231933594,91.61450958251953
1027028,3,erode_r2,0.06643356643356643,4272,91.21800231933594,66.00764465332031
1027028,3,region_drop_10pct,0.9370629370629371,288,91.21800231933594,88.95576477050781
1027028,3,region_drop_25pct,0.7867132867132867,976,91.21800231933594,89.1360855102539
1027028,3,region_drop_50pct,0.4230769230769231,2640,91.21800231933594,88.96417999267578
1027028,3,blur_rethresh,0.9301615015277171,320,91.21800231933594,91.28705596923828
1027028,5,dilate_r1,0.5842536515853224,4668,87.03263092041016,87.1328125
1027028,5,dilate_r2,0.40433925049309666,9664,87.03263092041016,87.33221435546875
1027028,5,erode_r1,0.4219512195121951,3792,87.03263092041016,87.0060806274414
1027028,5,erode_r2,0.06097560975609756,6160,87.03263092041016,68.46903991699219
1027028,5,region_drop_10pct,0.9609756097560975,256,87.03263092041016,86.82685852050781
1027028,5,region_drop_25pct,0.7682926829268293,1520,87.03263092041016,84.47440338134766
1027028,5,region_drop_50pct,0.6878048780487804,2048,87.03263092041016,91.14691162109375
1027028,5,blur_rethresh,0.9308769792935444,454,87.03263092041016,87.02835845947266
1027028,10,dilate_r1,0.5841026255844622,6938,87.52227783203125,87.36376190185547
1027028,10,dilate_r2,0.4046511627906977,14336,87.52227783203125,87.23175048828125
1027028,10,erode_r1,0.41810344827586204,5670,87.52227783203125,88.29467010498047
1027028,10,erode_r2,0.04926108374384237,9264,87.52227783203125,77.9201431274414
1027028,10,region_drop_10pct,0.9244663382594417,736,87.52227783203125,87.21631622314453
1027028,10,region_drop_25pct,0.7947454844006568,2000,87.52227783203125,91.3062515258789
1027028,10,region_drop_50pct,0.5221674876847291,4656,87.52227783203125,89.9570541381836
1027028,10,blur_rethresh,0.9289952936361776,694,87.52227783203125,87.59907531738281
1027028,25,dilate_r1,0.6040619913664992,11190,82.70132446289062,82.85472869873047
1027028,25,dilate_r2,0.42928988131160734,22696,82.70132446289062,82.84249114990234
1027028,25,erode_r1,0.4431818181818182,9506,82.70132446289062,83.13765716552734
1027028,25,erode_r2,0.06513589503280225,15960,82.70132446289062,90.10942840576172
1027028,25,region_drop_10pct,0.8762886597938144,2112,82.70132446289062,81.48657989501953
1027028,25,region_drop_25pct,0.6307403936269915,6304,82.70132446289062,80.47224426269531
1027028,25,region_drop_50pct,0.5529522024367385,7632,82.70132446289062,82.05316925048828
1027028,25,blur_rethresh,0.9340263662233579,1136,82.70132446289062,82.7115707397461
1027028,50,dilate_r1,0.6512878866245991,13484,80.64128875732422,81.03654479980469
1027028,50,dilate_r2,0.49110764430577225,26096,80.64128875732422,81.45594787597656
1027028,50,erode_r1,0.5055590851334181,12452,80.64128875732422,80.6180648803711
1027028,50,erode_r2,0.12770012706480305,21968,80.64128875732422,80.70938110351562
1027028,50,region_drop_10pct,0.9974587039390089,64,80.64128875732422,80.62432098388672
1027028,50,region_drop_25pct,0.9637865311308768,912,80.64128875732422,79.946044921875
1027028,50,region_drop_50pct,0.9777636594663278,560,80.64128875732422,80.22876739501953
1027028,50,blur_rethresh,0.9440024957104975,1436,80.64128875732422,80.49787902832031
1027028,100,dilate_r1,0.7207049995637379,12804,79.47840881347656,80.60739135742188
1027028,100,dilate_r2,0.5858987090367428,23352,79.47840881347656,81.55204772949219
1027028,100,erode_r1,0.602179176755448,13144,79.47840881347656,77.93548583984375
1027028,100,erode_r2,0.2520581113801453,24712,79.47840881347656,73.75717163085938
1027028,100,region_drop_10pct,1.0,0,79.47840881347656,79.47840881347656
1027028,100,region_drop_25pct,0.9990314769975787,32,79.47840881347656,79.44635772705078
1027028,100,region_drop_50pct,0.9951573849878934,160,79.47840881347656,79.30732727050781
1027028,100,blur_rethresh,0.955719557195572,1500,79.47840881347656,79.22775268554688
1043022,1,dilate_r1,0.588094286855773,2062,51.677459716796875,51.46333694458008
1043022,1,dilate_r2,0.4134831460674157,4176,51.677459716796875,51.47563171386719
1043022,1,erode_r1,0.41372282608695654,1726,51.677459716796875,52.267005920410156
1043022,1,erode_r2,0.03804347826086957,2832,51.677459716796875,32.902164459228516
1043022,1,region_drop_10pct,1.0,0,51.677459716796875,51.677459716796875
1043022,1,region_drop_25pct,0.7663043478260869,688,51.677459716796875,55.71292495727539
1043022,1,region_drop_50pct,0.45108695652173914,1616,51.677459716796875,66.9646987915039
1043022,1,blur_rethresh,0.9429347826086957,168,51.677459716796875,51.52903366088867
1043022,3,dilate_r1,0.5965523920201433,4166,49.5185661315918,49.60627746582031
1043022,3,dilate_r2,0.4203056768558952,8496,49.5185661315918,49.7454948425293
1043022,3,erode_r1,0.4314935064935065,3502,49.5185661315918,49.536041259765625
1043022,3,erode_r2,0.05194805194805195,5840,49.5185661315918,48.65311813354492
1043022,3,region_drop_10pct,0.8935064935064935,656,49.5185661315918,53.637569427490234
1043022,3,region_drop_25pct,0.7792207792207793,1360,49.5185661315918,49.6633186340332
1043022,3,region_drop_50pct,0.5844155844155844,2560,49.5185661315918,41.60544967651367
1043022,3,blur_rethresh,0.9461038961038961,332,49.5185661315918,49.42881393432617
1043022,5,dilate_r1,0.5966185439666487,5225,48.71765899658203,48.98325729370117
1043022,5,dilate_r2,0.4193618406772303,10700,48.71765899658203,49.166900634765625
1043022,5,erode_r1,0.4354296066252588,4363,48.71765899658203,48.00840377807617
1043022,5,erode_r2,0.06159420289855073,7252,48.71765899658203,44.304473876953125
1043022,5,region_drop_10pct,0.968944099378882,240,48.71765899658203,48.99123764038086
1043022,5,region_drop_25pct,0.6480331262939959,2720,48.71765899658203,42.54292678833008
1043022,5,region_drop_50pct,0.5362318840579711,3584,48.71765899658203,42.57219696044922
1043022,5,blur_rethresh,0.9442287784679089,431,48.71765899658203,48.64994430541992
1043022,10,dilate_r1,0.5976091059886747,7035,47.93994140625,47.940277099609375
1043022,10,dilate_r2,0.42000321595111756,14428,47.93994140625,48.172882080078125
1043022,10,erode_r1,0.435968606431853,5893,47.93994140625,48.141292572021484
1043022,10,erode_r2,0.05627871362940275,9860,47.93994140625,46.595542907714844
1043022,10,region_drop_10pct,0.9280245022970903,752,47.93994140625,48.846187591552734
1043022,10,region_drop_25pct,0.7656967840735069,2448,47.93994140625,49.89255142211914
1043022,10,region_drop_50pct,0.5160796324655437,5056,47.93994140625,40.34346008300781
1043022,10,blur_rethresh,0.9423738532110092,603,47.93994140625,48.089298248291016
1043022,25,dilate_r1,0.612997400519896,9677,45.5830192565918,45.85297393798828
1043022,25,dilate_r2,0.4380930604778781,19660,45.5830192565918,46.40952682495117
1043022,25,erode_r1,0.4588335073068894,8295,45.5830192565918,45.76662826538086
1043022,25,erode_r2,0.07802713987473904,14132,45.5830192565918,47.60203170776367
1043022,25,region_drop_10pct,0.9112734864300627,1360,45.5830192565918,46.103782653808594
1043022,25,region_drop_25pct,0.872651356993737,1952,45.5830192565918,48.04393768310547
1043022,25,region_drop_50pct,0.5991649269311065,6144,45.5830192565918,38.41062545776367
1043022,25,blur_rethresh,0.9402356902356902,923,45.5830192565918,45.58271789550781
1043022,50,dilate_r1,0.656014001879882,10613,44.63796615600586,45.17131805419922
1043022,50,dilate_r2,0.4917873457090096,20916,44.63796615600586,45.905662536621094
1043022,50,erode_r1,0.520405138339921,9707,44.63796615600586,44.233341217041016
1043022,50,erode_r2,0.14565217391304347,17292,44.63796615600586,43.503623962402344
1043022,50,region_drop_10pct,0.9399209486166008,1216,44.63796615600586,44.379417419433594
1043022,50,region_drop_25pct,0.9177865612648222,1664,44.63796615600586,45.79747772216797
1043022,50,region_drop_50pct,0.21027667984189724,15984,44.63796615600586,52.063018798828125
1043022,50,blur_rethresh,0.9470279210039887,1089,44.63796615600586,44.53022003173828
1043022,100,dilate_r1,0.7018209196620284,10693,44.74827575683594,45.269866943359375
1043022,100,dilate_r2,0.5528512433002373,20356,44.74827575683594,45.9945182800293
1043022,100,erode_r1,0.5892005721551176,10339,44.74827575683594,44.58336639404297
1043022,100,erode_r2,0.24745708836617927,18940,44.74827575683594,45.83661651611328
1043022,100,region_drop_10pct,0.989192625556262,272,44.74827575683594,44.94677734375
1043022,100,region_drop_25pct,0.9834710743801653,416,44.74827575683594,45.1539306640625
1043022,100,region_drop_50pct,0.9281627463445645,1808,44.74827575683594,43.146846771240234
1043022,100,blur_rethresh,0.955059245400686,1153,44.74827575683594,44.518985748291016
1044023,1,dilate_r1,0.5901526848516041,2389,28.29865264892578,26.498497009277344
1044023,1,dilate_r2,0.41168022977501195,4916,28.29865264892578,26.086313247680664
1044023,1,erode_r1,0.4258720930232558,1975,28.29865264892578,33.20680618286133
1044023,1,erode_r2,0.05232558139534884,3260,28.29865264892578,69.45909118652344
1044023,1,region_drop_10pct,0.9674418604651163,112,28.29865264892578,28.911428451538086
1044023,1,region_drop_25pct,0.7627906976744186,816,28.29865264892578,20.155391693115234
1044023,1,region_drop_50pct,0.4697674418604651,1824,28.29865264892578,47.42684555053711
1044023,1,blur_rethresh,0.938135347081034,213,28.29865264892578,28.69379425048828
1044023,3,dilate_r1,0.595903165735568,4123,36.66419982910156,36.259395599365234
1044023,3,dilate_r2,0.41815680880330125,8460,36.66419982910156,36.63462829589844
1044023,3,erode_r1,0.4294407894736842,3469,36.66419982910156,38.306884765625
1044023,3,erode_r2,0.03881578947368421,5844,36.66419982910156,59.934024810791016
1044023,3,region_drop_10pct,0.8605263157894737,848,36.66419982910156,39.24363708496094
1044023,3,region_drop_25pct,0.7131578947368421,1744,36.66419982910156,32.3022575378418
1044023,3,region_drop_50pct,0.5684210526315789,2624,36.66419982910156,30.34787368774414
1044023,3,blur_rethresh,0.9411089238845144,359,36.66419982910156,36.64761734008789
1044023,5,dilate_r1,0.5910748932867675,5269,43.28079605102539,43.05064010620117
1044023,5,dilate_r2,0.4118537746052347,10876,43.28079605102539,43.37043762207031
1044023,5,erode_r1,0.42345063025210083,4391,43.28079605102539,44.25068664550781
1044023,5,erode_r2,0.03308823529411765,7364,43.28079605102539,62.67695617675781
1044023,5,region_drop_10pct,0.9096638655462185,688,43.28079605102539,41.54894256591797
1044023,5,region_drop_25pct,0.8151260504201681,1408,43.28079605102539,39.711822509765625
1044023,5,region_drop_50pct,0.453781512605042,4160,43.28079605102539,41.22142791748047
1044023,5,blur_rethresh,0.9370171533324604,481,43.28079605102539,43.08197021484375
1044023,10,dilate_r1,0.5955663394728135,7334,49.09424591064453,48.70944595336914
1044023,10,dilate_r2,0.41653810552298676,15128,49.09424591064453,48.70370864868164
1044023,10,erode_r1,0.43537037037037035,6098,49.09424591064453,49.65857696533203
1044023,10,erode_r2,0.05703703703703704,10184,49.09424591064453,57.499935150146484
1044023,10,region_drop_10pct,0.9437037037037037,608,49.09424591064453,48.65062713623047
1044023,10,region_drop_25pct,0.6622222222222223,3648,49.09424591064453,51.00040054321289
1044023,10,region_drop_50pct,0.4533333333333333,5904,49.09424591064453,51.72857666015625
1044023,10,blur_rethresh,0.935251798561151,702,49.09424591064453,49.01190948486328
1044023,25,dilate_r1,0.6191309215590232,10886,51.49201965332031,51.27236557006836
1044023,25,dilate_r2,0.4447125050261359,22096,51.49201965332031,51.3427848815918
1044023,25,erode_r1,0.4700497287522604,9378,51.49201965332031,51.72225570678711
1044023,25,erode_r2,0.0922242314647378,16064,51.49201965332031,51.22626495361328
1044023,25,region_drop_10pct,0.9150090415913201,1504,51.49201965332031,52.18598556518555
1044023,25,region_drop_25pct,0.8679927667269439,2336,51.49201965332031,51.04621505737305
1044023,25,region_drop_50pct,0.5343580470162749,8240,51.49201965332031,50.622676849365234
1044023,25,blur_rethresh,0.9357326478149101,1150,51.49201965332031,51.507503509521484
1044023,50,dilate_r1,0.6796525671994655,12466,51.001747131347656,51.0698127746582
1044023,50,dilate_r2,0.5248452135259565,23944,51.001747131347656,51.17924499511719
1044023,50,erode_r1,0.5471113127646703,11978,51.001747131347656,50.7969856262207
1044023,50,erode_r2,0.16848154869933454,21992,51.001747131347656,49.00528335571289
1044023,50,region_drop_10pct,0.9927404718693285,192,51.001747131347656,50.729774475097656
1044023,50,region_drop_25pct,0.19782214156079855,21216,51.001747131347656,32.135860443115234
1044023,50,region_drop_50pct,0.868723532970357,3472,51.001747131347656,50.46489715576172
1044023,50,blur_rethresh,0.947189349112426,1428,51.001747131347656,51.000022888183594
1044023,100,dilate_r1,0.7736807242216824,10250,50.87863540649414,51.101219177246094
1044023,100,dilate_r2,0.655002243158367,18456,50.87863540649414,51.220237731933594
1044023,100,erode_r1,0.684189497716895,11066,50.87863540649414,50.32216262817383
1044023,100,erode_r2,0.3801369863013699,21720,50.87863540649414,48.71139144897461
1044023,100,region_drop_10pct,0.9995433789954338,16,50.87863540649414,50.87894058227539
1044023,100,region_drop_25pct,0.9945205479452055,192,50.87863540649414,50.950923919677734
1044023,100,region_drop_50pct,0.029223744292237442,34016,50.87863540649414,41.73185729980469
1044023,100,blur_rethresh,0.9617054436157185,1376,50.87863540649414,50.849727630615234
1051024,1,dilate_r1,0.5790010193679919,1652,14.371675491333008,14.471323013305664
1051024,1,dilate_r2,0.3972027972027972,3448,14.371675491333008,14.924713134765625
1051024,1,erode_r1,0.4102112676056338,1340,14.371675491333008,14.21127700805664
1051024,1,erode_r2,0.03169014084507042,2200,14.371675491333008,9.137861251831055
1051024,1,region_drop_10pct,0.971830985915493,64,14.371675491333008,14.198701858520508
1051024,1,region_drop_25pct,0.7323943661971831,608,14.371675491333008,14.387730598449707
1051024,1,region_drop_50pct,0.5211267605633803,1088,14.371675491333008,13.518499374389648
1051024,1,blur_rethresh,0.9313380281690141,156,14.371675491333008,14.17578125
1051024,3,dilate_r1,0.5708182012390515,4018,22.036592483520508,22.188875198364258
1051024,3,dilate_r2,0.38995913601868065,8360,22.036592483520508,22.649070739746094
1051024,3,erode_r1,0.3925898203592814,3246,22.036592483520508,22.10342788696289
1051024,3,erode_r2,0.01347305389221557,5272,22.036592483520508,9.137861251831055
1051024,3,region_drop_10pct,0.8383233532934131,864,22.036592483520508,23.359085083007812
1051024,3,region_drop_25pct,0.7125748502994012,1536,22.036592483520508,21.161909103393555
1051024,3,region_drop_50pct,0.49101796407185627,2720,22.036592483520508,21.325244903564453
1051024,3,blur_rethresh,0.9277694610778443,386,22.036592483520508,21.948883056640625
1051024,5,dilate_r1,0.5837640620249316,5476,23.355710983276367,23.799314498901367
1051024,5,dilate_r2,0.40370058873002523,11344,23.355710983276367,24.349376678466797
1051024,5,erode_r1,0.4192708333333333,4460,23.355710983276367,22.685670852661133
1051024,5,erode_r2,0.052083333333333336,7280,23.355710983276367,14.649518966674805
1051024,5,region_drop_10pct,0.9541666666666667,352,23.355710983276367,23.344390869140625
1051024,5,region_drop_25pct,0.79375,1584,23.355710983276367,24.873760223388672
1051024,5,region_drop_50pct,0.5041666666666667,3808,23.355710983276367,27.32498550415039
1051024,5,blur_rethresh,0.9313394018205462,528,23.355710983276367,23.210628509521484
1051024,10,dilate_r1,0.596928784911883,7822,26.49314308166504,26.730182647705078
1051024,10,dilate_r2,0.41837619185206587,16104,26.49314308166504,27.203250885009766
1051024,10,erode_r1,0.4390538674033149,6498,26.49314308166504,26.223535537719727
1051024,10,erode_r2,0.06698895027624309,10808,26.49314308166504,21.931194305419922
1051024,10,region_drop_10pct,0.9433701657458563,656,26.49314308166504,26.244199752807617
1051024,10,region_drop_25pct,0.8218232044198895,2064,26.49314308166504,26.568504333496094
1051024,10,region_drop_50pct,0.5276243093922652,5472,26.49314308166504,27.071670532226562
1051024,10,blur_rethresh,0.9335051546391753,774,26.49314308166504,26.438587188720703
1051024,25,dilate_r1,0.6213151927437641,12024,32.77334213256836,32.51074981689453
1051024,25,dilate_r2,0.4489350081922447,24216,32.77334213256836,32.61332702636719
1051024,25,erode_r1,0.47120843471208435,10432,32.77334213256836,33.461761474609375
1051024,25,erode_r2,0.09529602595296026,17848,32.77334213256836,34.724449157714844
1051024,25,region_drop_10pct,0.9667477696674777,656,32.77334213256836,33.03590774536133
1051024,25,region_drop_25pct,0.7153284671532847,5616,32.77334213256836,31.987592697143555
1051024,25,region_drop_50pct,0.43309002433090027,11184,32.77334213256836,33.05401611328125
1051024,25,blur_rethresh,0.9344508381285964,1310,32.77334213256836,32.80553436279297
1051024,50,dilate_r1,0.6794768896652661,13578,35.567054748535156,34.913490295410156
1051024,50,dilate_r2,0.5274113163295221,25792,35.567054748535156,34.54001998901367
1051024,50,erode_r1,0.5469010561423013,13042,35.567054748535156,36.705501556396484
1051024,50,erode_r2,0.1784324624791551,23648,35.567054748535156,38.6360969543457
1051024,50,region_drop_10pct,0.03557531962201223,27760,35.567054748535156,29.262836456298828
1051024,50,region_drop_25pct,0.990550305725403,272,35.567054748535156,35.709381103515625
1051024,50,region_drop_50pct,0.9794330183435241,592,35.567054748535156,35.59318542480469
1051024,50,blur_rethresh,0.9475222622527361,1544,35.567054748535156,35.743370056152344
1051024,100,dilate_r1,0.7544684098485761,12226,37.062461853027344,35.5836181640625
1051024,100,dilate_r2,0.6335671883432272,21728,37.062461853027344,34.51483917236328
1051024,100,erode_r1,0.6507133730834753,13122,37.062461853027344,39.28264236450195
1051024,100,erode_r2,0.3262350936967632,25312,37.062461853027344,42.89823532104492
1051024,100,region_drop_10pct,0.997870528109029,80,37.062461853027344,37.10928726196289
1051024,100,region_drop_25pct,0.9982964224872232,64,37.062461853027344,37.105186462402344
1051024,100,region_drop_50pct,0.004258943781942078,37408,37.062461853027344,23.023059844970703
1051024,100,blur_rethresh,0.9593529655744505,1568,37.062461853027344,37.21071243286133
1056023,1,dilate_r1,0.5580029368575624,1204,26.548873901367188,34.28997039794922
1056023,1,dilate_r2,0.3784860557768924,2496,26.548873901367188,43.887237548828125
1056023,1,erode_r1,0.3684210526315789,960,26.548873901367188,22.56305694580078
1056023,1,erode_r2,0.0,1520,26.548873901367188,
1056023,1,region_drop_10pct,0.9157894736842105,128,26.548873901367188,27.361726760864258
1056023,1,region_drop_25pct,0.8526315789473684,224,26.548873901367188,28.6267032623291
1056023,1,region_drop_50pct,0.3684210526315789,960,26.548873901367188,33.08681106567383
1056023,1,blur_rethresh,0.9197368421052632,122,26.548873901367188,24.153573989868164
1056023,3,dilate_r1,0.5573095401509952,2580,73.8686294555664,74.80068969726562
1056023,3,dilate_r2,0.37732342007434944,5360,73.8686294555664,77.00818634033203
1056023,3,erode_r1,0.3682266009852217,2052,73.8686294555664,74.37616729736328
1056023,3,erode_r2,0.0,3248,73.8686294555664,
1056023,3,region_drop_10pct,0.9211822660098522,256,73.8686294555664,63.64487075805664
1056023,3,region_drop_25pct,0.8423645320197044,512,73.8686294555664,81.21703338623047
1056023,3,region_drop_50pct,0.35467980295566504,2096,73.8686294555664,83.93418884277344
1056023,3,blur_rethresh,0.9187192118226601,264,73.8686294555664,73.76736450195312
1056023,5,dilate_r1,0.5617740232312566,3320,67.47946166992188,68.9202651977539
1056023,5,dilate_r2,0.382183908045977,6880,67.47946166992188,71.46823120117188
1056023,5,erode_r1,0.37406015037593987,2664,67.47946166992188,67.00910949707031
1056023,5,erode_r2,0.0,4256,67.47946166992188,
1056023,5,region_drop_10pct,0.8984962406015038,432,67.47946166992188,70.64817810058594
1056023,5,region_drop_25pct,0.8195488721804511,768,67.47946166992188,72.48639678955078
1056023,5,region_drop_50pct,0.5902255639097744,1744,67.47946166992188,69.41925811767578
1056023,5,blur_rethresh,0.9202252463632098,340,67.47946166992188,67.19071197509766
1056023,10,dilate_r1,0.5712086220169361,4456,67.74262237548828,68.63777160644531
1056023,10,dilate_r2,0.39135021097046413,9232,67.74262237548828,71.08063507080078
1056023,10,erode_r1,0.39285714285714285,3604,67.74262237548828,68.57764434814453
1056023,10,erode_r2,0.018867924528301886,5824,67.74262237548828,76.63768005371094
1056023,10,region_drop_10pct,0.9272237196765498,432,67.74262237548828,69.41913604736328
1056023,10,region_drop_25pct,0.8086253369272237,1136,67.74262237548828,64.11714172363281
1056023,10,region_drop_50pct,0.633423180592992,2176,67.74262237548828,68.473876953125
1056023,10,blur_rethresh,0.9204697986577182,474,67.74262237548828,67.46094512939453
1056023,25,dilate_r1,0.5937921727395412,6020,64.98800659179688,66.36195373535156
1056023,25,dilate_r2,0.41635124905374715,12336,64.98800659179688,68.91056823730469
1056023,25,erode_r1,0.42818181818181816,5032,64.98800659179688,64.78614807128906
1056023,25,erode_r2,0.04727272727272727,8384,64.98800659179688,68.17891693115234
1056023,25,region_drop_10pct,0.7454545454545455,2240,64.98800659179688,58.983299255371094
1056023,25,region_drop_25pct,0.5254545454545455,4176,64.98800659179688,55.788211822509766
1056023,25,region_drop_50pct,0.52,4224,64.98800659179688,67.76126861572266
1056023,25,blur_rethresh,0.9252673044456949,664,64.98800659179688,64.51372528076172
1056023,50,dilate_r1,0.6131451257168063,7016,61.6038932800293,64.41864013671875
1056023,50,dilate_r2,0.439595192915876,14176,61.6038932800293,68.46868133544922
1056023,50,erode_r1,0.4528776978417266,6084,61.6038932800293,59.749324798583984
1056023,50,erode_r2,0.060431654676258995,10448,61.6038932800293,62.71244812011719
1056023,50,region_drop_10pct,0.9525179856115108,528,61.6038932800293,62.4378776550293
1056023,50,region_drop_25pct,0.753956834532374,2736,61.6038932800293,62.51935958862305
1056023,50,region_drop_50pct,0.3064748201438849,7712,61.6038932800293,54.03086471557617
1056023,50,blur_rethresh,0.925709737330857,840,61.6038932800293,60.720001220703125
1056023,100,dilate_r1,0.6767157297393155,7292,57.307464599609375,62.96947479248047
1056023,100,dilate_r2,0.5215965008201203,14000,57.307464599609375,69.91098022460938
1056023,100,erode_r1,0.5408805031446541,7008,57.307464599609375,52.23468017578125
1056023,100,erode_r2,0.15723270440251572,12864,57.307464599609375,47.81755828857422
1056023,100,region_drop_10pct,0.9979035639412998,32,57.307464599609375,57.085025787353516
1056023,100,region_drop_25pct,0.9863731656184487,208,57.307464599609375,55.35371017456055
1056023,100,region_drop_50pct,0.040880503144654086,14640,57.307464599609375,59.16664123535156
1056023,100,blur_rethresh,0.9399859541594842,940,57.307464599609375,55.9770622253418
1062026,1,dilate_r1,0.5742738589211618,2052,35.925777435302734,37.326541900634766
1062026,1,dilate_r2,0.3967889908256881,4208,35.925777435302734,38.52474594116211
1062026,1,erode_r1,0.38872832369942195,1692,35.925777435302734,34.57443618774414
1062026,1,erode_r2,0.0,2768,35.925777435302734,
1062026,1,region_drop_10pct,0.9248554913294798,208,35.925777435302734,32.715782165527344
1062026,1,region_drop_25pct,0.7803468208092486,608,35.925777435302734,32.8343391418457
1062026,1,region_drop_50pct,0.5202312138728323,1328,35.925777435302734,27.797401428222656
1062026,1,blur_rethresh,0.9335740072202167,184,35.925777435302734,35.375267028808594
1062026,3,dilate_r1,0.5840568271507498,4216,56.519256591796875,58.906890869140625
1062026,3,dilate_r2,0.4054794520547945,8680,56.519256591796875,60.59714126586914
1062026,3,erode_r1,0.4168918918918919,3452,56.519256591796875,51.32365417480469
1062026,3,erode_r2,0.05,5624,56.519256591796875,0.8178640604019165
1062026,3,region_drop_10pct,0.972972972972973,160,56.519256591796875,56.28142547607422
1062026,3,region_drop_25pct,0.6,2368,56.519256591796875,59.30536651611328
1062026,3,region_drop_50pct,0.3864864864864865,3632,56.519256591796875,75.84478759765625
1062026,3,blur_rethresh,0.9315576534052596,406,56.519256591796875,55.59135818481445
1062026,5,dilate_r1,0.5855722445525703,5877,61.85097122192383,63.262664794921875
1062026,5,dilate_r2,0.40713865463816434,12092,61.85097122192383,64.3237533569336
1062026,5,erode_r1,0.42015895953757226,4815,61.85097122192383,58.582942962646484
1062026,5,erode_r2,0.05539499036608863,7844,61.85097122192383,3.223905086517334
1062026,5,region_drop_10pct,0.9171483622350675,688,61.85097122192383,61.83206558227539
1062026,5,region_drop_25pct,0.7996146435452793,1664,61.85097122192383,62.19523620605469
1062026,5,region_drop_50pct,0.4277456647398844,4752,61.85097122192383,59.9464225769043
1062026,5,blur_rethresh,0.9320995072707607,565,61.85097122192383,61.393009185791016
1062026,10,dilate_r1,0.6036436666188495,8289,64.0522232055664,64.93724822998047
1062026,10,dilate_r2,0.42758433816556024,16900,64.0522232055664,65.55106353759766
1062026,10,erode_r1,0.45001584283903673,6943,64.0522232055664,62.14763641357422
1062026,10,erode_r2,0.08776932826362484,11516,64.0522232055664,33.5354118347168
1062026,10,region_drop_10pct,0.9036755386565273,1216,64.0522232055664,64.68760681152344
1062026,10,region_drop_25pct,0.788339670468948,2672,64.0522232055664,63.92988967895508
1062026,10,region_drop_50pct,0.33460076045627374,8400,64.0522232055664,68.24362182617188
1062026,10,blur_rethresh,0.9382443410363593,783,64.0522232055664,63.73422622680664
1062026,25,dilate_r1,0.620094952039531,11763,66.20494842529297,66.72977447509766
1062026,25,dilate_r2,0.45032367013791164,23436,66.20494842529297,67.05970001220703
1062026,25,erode_r1,0.46828125,10209,66.20494842529297,65.10723876953125
1062026,25,erode_r2,0.103125,17220,66.20494842529297,52.070343017578125
1062026,25,region_drop_10pct,0.9675,624,66.20494842529297,66.5826187133789
1062026,25,region_drop_25pct,0.9291666666666667,1360,66.20494842529297,66.71488189697266
1062026,25,region_drop_50pct,0.5441666666666667,8752,66.20494842529297,64.20884704589844
1062026,25,blur_rethresh,0.9375321866309609,1213,66.20494842529297,66.07347869873047
1062026,50,dilate_r1,0.6704313968180294,12781,67.7074203491211,67.64884948730469
1062026,50,dilate_r2,0.5164058155239533,24348,67.7074203491211,67.54106903076172
1062026,50,erode_r1,0.5334230769230769,12131,67.7074203491211,67.58944702148438
1062026,50,erode_r2,0.16353846153846155,21748,67.7074203491211,64.10530090332031
1062026,50,region_drop_10pct,0.9987692307692307,32,67.7074203491211,67.6858139038086
1062026,50,region_drop_25pct,0.9975384615384615,64,67.7074203491211,67.66719055175781
1062026,50,region_drop_50pct,0.9926153846153846,192,67.7074203491211,67.6888198852539
1062026,50,blur_rethresh,0.9480886677222348,1377,67.7074203491211,67.76953887939453
1062026,100,dilate_r1,0.7295391755995138,12237,68.49400329589844,68.28977966308594
1062026,100,dilate_r2,0.6006259553097023,21948,68.49400329589844,67.96219635009766
1062026,100,erode_r1,0.6113972370334464,12827,68.49400329589844,68.8402099609375
1062026,100,erode_r2,0.26357246728065925,24308,68.49400329589844,69.20651245117188
1062026,100,region_drop_10pct,1.0,0,68.49400329589844,68.49400329589844
1062026,100,region_drop_25pct,0.0024236548715462916,32928,68.49400329589844,69.60902404785156
1062026,100,region_drop_50pct,0.001454192922927775,32960,68.49400329589844,57.6884651184082
1062026,100,blur_rethresh,0.9570003541494511,1457,68.49400329589844,68.5245361328125
1068028,1,dilate_r1,0.5623471882640587,2864,74.29714965820312,73.87967681884766
1068028,1,dilate_r2,0.3859060402684564,5856,74.29714965820312,73.69677734375
1068028,1,erode_r1,0.3695652173913043,2320,74.29714965820312,74.69236755371094
1068028,1,erode_r2,0.0,3680,74.29714965820312,
1068028,1,region_drop_10pct,0.8521739130434782,544,74.29714965820312,72.97979736328125
1068028,1,region_drop_25pct,0.6608695652173913,1248,74.29714965820312,73.75244140625
1068028,1,region_drop_50pct,0.47391304347826085,1936,74.29714965820312,61.24193572998047
1068028,1,blur_rethresh,0.9245180559326636,278,74.29714965820312,74.43018341064453
1068028,3,dilate_r1,0.571517316353471,5518,72.27591705322266,72.41276550292969
1068028,3,dilate_r2,0.39638087031451963,11208,72.27591705322266,72.62256622314453
1068028,3,erode_r1,0.38668478260869565,4514,72.27591705322266,71.63999938964844
1068028,3,erode_r2,0.02282608695652174,7192,72.27591705322266,43.29010772705078
1068028,3,region_drop_10pct,0.9065217391304348,688,72.27591705322266,71.0580825805664
1068028,3,region_drop_25pct,0.8282608695652174,1264,72.27591705322266,73.84481811523438
1068028,3,region_drop_50pct,0.4326086956521739,4176,72.27591705322266,65.50135803222656
1068028,3,blur_rethresh,0.9283873592838736,528,72.27591705322266,72.22686004638672
1068028,5,dilate_r1,0.5778388278388278,7376,69.89353942871094,70.18909454345703
1068028,5,dilate_r2,0.4043575776994553,14872,69.89353942871094,70.8041000366211
1068028,5,erode_r1,0.39421553090332806,6116,69.89353942871094,69.19314575195312
1068028,5,erode_r2,0.026148969889064975,9832,69.89353942871094,46.66023635864258
1068028,5,region_drop_10pct,0.9128367670364501,880,69.89353942871094,68.80026245117188
1068028,5,region_drop_25pct,0.8256735340729001,1760,69.89353942871094,73.66266632080078
1068028,5,region_drop_50pct,0.687797147385103,3152,69.89353942871094,63.340145111083984
1068028,5,blur_rethresh,0.9299526440410418,710,69.89353942871094,69.7410888671875
1068028,10,dilate_r1,0.5948871679573653,9730,74.9411849975586,74.3876953125
1068028,10,dilate_r2,0.42182333490788854,19584,74.9411849975586,74.49250793457031
1068028,10,erode_r1,0.4276315789473684,8178,74.9411849975586,76.38318634033203
1068028,10,erode_r2,0.06382978723404255,13376,74.9411849975586,65.20158386230469
1068028,10,region_drop_10pct,0.9417693169092946,832,74.9411849975586,73.51516723632812
1068028,10,region_drop_25pct,0.8566629339305711,2048,74.9411849975586,73.43179321289062
1068028,10,region_drop_50pct,0.43673012318029114,8048,74.9411849975586,58.91706848144531
1068028,10,blur_rethresh,0.9316286826014453,984,74.9411849975586,75.04669952392578
1068028,25,dilate_r1,0.6327357895685073,12231,76.64429473876953,76.03044891357422
1068028,25,dilate_r2,0.4680586406041759,23948,76.64429473876953,76.05123138427734
1068028,25,erode_r1,0.4800208807896735,10957,76.64429473876953,78.41593933105469
1068028,25,erode_r2,0.10535307517084283,18852,76.64429473876953,80.68980407714844
1068028,25,region_drop_10pct,0.8853454821564161,2416,76.64429473876953,77.27436828613281
1068028,25,region_drop_25pct,0.4646924829157175,11280,76.64429473876953,70.5230712890625
1068028,25,region_drop_50pct,0.17691723614274868,17344,76.64429473876953,85.8599624633789
1068028,25,blur_rethresh,0.9375875268415648,1337,76.64429473876953,76.7217025756836
1068028,50,dilate_r1,0.6631183311051131,13355,77.9164810180664,77.23237609863281
1068028,50,dilate_r2,0.5109228018347197,25164,77.9164810180664,77.0051498413086
1068028,50,erode_r1,0.5148737066342057,12753,77.9164810180664,79.39904022216797
1068028,50,erode_r2,0.13435788192331102,22756,77.9164810180664,82.0160140991211
1068028,50,region_drop_10pct,0.9993913572732805,16,77.9164810180664,77.93997192382812
1068028,50,region_drop_25pct,0.9945222154595252,144,77.9164810180664,77.95404052734375
1068028,50,region_drop_50pct,0.9817407181984176,480,77.9164810180664,77.2490234375
1068028,50,blur_rethresh,0.9433807948250864,1523,77.9164810180664,78.03802490234375
1068028,100,dilate_r1,0.7598325648598687,11303,78.54571533203125,77.87678527832031
1068028,100,dilate_r2,0.6386170440745768,20236,78.54571533203125,77.5483627319336
1068028,100,erode_r1,0.6683165548098434,11861,78.54571533203125,79.21082305908203
1068028,100,erode_r2,0.3717002237136465,22468,78.54571533203125,78.04606628417969
1068028,100,region_drop_10pct,1.0,0,78.54571533203125,78.54571533203125
1068028,100,region_drop_25pct,0.9991051454138703,32,78.54571533203125,78.53691864013672
1068028,100,region_drop_50pct,0.9982102908277405,64,78.54571533203125,78.56381225585938
1068028,100,blur_rethresh,0.9600611503917447,1463,78.54571533203125,78.64161682128906
1078028,1,dilate_r1,0.5719207579672696,994,30.5273380279541,30.237985610961914
1078028,1,dilate_r2,0.3915094339622642,2064,30.5273380279541,30.617446899414062
1078028,1,erode_r1,0.3990963855421687,798,30.5273380279541,30.977123260498047
1078028,1,erode_r2,0.03614457831325301,1280,30.5273380279541,1.7897876501083374
1078028,1,region_drop_10pct,0.9156626506024096,112,30.5273380279541,28.0225772857666
1078028,1,region_drop_25pct,0.6746987951807228,432,30.5273380279541,35.75751876831055
1078028,1,region_drop_50pct,0.42168674698795183,768,30.5273380279541,28.84982681274414
1078028,1,blur_rethresh,0.9262048192771084,98,30.5273380279541,30.450895309448242
1078028,3,dilate_r1,0.588926693473554,2658,55.1887092590332,53.737125396728516
1078028,3,dilate_r2,0.40963855421686746,5488,55.1887092590332,53.024375915527344
1078028,3,erode_r1,0.4259453781512605,2186,55.1887092590332,58.772972106933594
1078028,3,erode_r2,0.0546218487394958,3600,55.1887092590332,61.334651947021484
1078028,3,region_drop_10pct,0.9285714285714286,272,55.1887092590332,53.512001037597656
1078028,3,region_drop_25pct,0.7647058823529411,896,55.1887092590332,48.843238830566406
1078028,3,region_drop_50pct,0.6176470588235294,1456,55.1887092590332,42.08401107788086
1078028,3,blur_rethresh,0.9359916054564533,244,55.1887092590332,55.55397033691406
1078028,5,dilate_r1,0.5919390415079205,4070,57.62073516845703,56.75154113769531
1078028,5,dilate_r2,0.4132138857782755,8384,57.62073516845703,56.475425720214844
1078028,5,erode_r1,0.42649051490514905,3386,57.62073516845703,59.89874267578125
1078028,5,erode_r2,0.04336043360433604,5648,57.62073516845703,77.44560241699219
1078028,5,region_drop_10pct,0.9214092140921409,464,57.62073516845703,56.84115219116211
1078028,5,region_drop_25pct,0.8021680216802168,1168,57.62073516845703,55.06277084350586
1078028,5,region_drop_50pct,0.5826558265582655,2464,57.62073516845703,55.23239517211914
1078028,5,blur_rethresh,0.9381338742393509,366,57.62073516845703,57.88594436645508
1078028,10,dilate_r1,0.5886734300757673,6406,60.005126953125,59.46248245239258
1078028,10,dilate_r2,0.4101646385110952,13184,60.005126953125,59.110382080078125
1078028,10,erode_r1,0.4212478184991274,5306,60.005126953125,61.12708282470703
1078028,10,erode_r2,0.041884816753926704,8784,60.005126953125,75.53440856933594
1078028,10,region_drop_10pct,0.7382198952879581,2400,60.005126953125,57.187442779541016
1078028,10,region_drop_25pct,0.7417102966841187,2368,60.005126953125,61.35561752319336
1078028,10,region_drop_50pct,0.5567190226876091,4064,60.005126953125,62.389732360839844
1078028,10,blur_rethresh,0.9320008689984792,626,60.005126953125,60.18960952758789
1078028,25,dilate_r1,0.6249707921177662,9630,59.7237663269043,59.228736877441406
1078028,25,dilate_r2,0.4534358047016275,19344,59.7237663269043,59.006168365478516
1078028,25,erode_r1,0.47794117647058826,8378,59.7237663269043,60.691890716552734
1078028,25,erode_r2,0.10667996011964108,14336,59.7237663269043,66.66090393066406
1078028,25,region_drop_10pct,0.9531405782652044,752,59.7237663269043,60.168785095214844
1078028,25,region_drop_25pct,0.5603190428713859,7056,59.7237663269043,53.4037971496582
1078028,25,region_drop_50pct,0.5862412761714856,6640,59.7237663269043,63.95812225341797
1078028,25,blur_rethresh,0.9390018484288355,990,59.7237663269043,59.781982421875
1078028,50,dilate_r1,0.6723383568303355,10784,58.86084747314453,58.77376174926758
1078028,50,dilate_r2,0.5153717160424819,20808,58.86084747314453,58.92197799682617
1078028,50,erode_r1,0.5397686189443239,10184,58.86084747314453,59.17890930175781
1078028,50,erode_r2,0.1681127982646421,18408,58.86084747314453,60.889461517333984
1078028,50,region_drop_10pct,0.9934924078091106,144,58.86084747314453,58.89619064331055
1078028,50,region_drop_25pct,0.970354302241504,656,58.86084747314453,58.64655303955078
1078028,50,region_drop_50pct,0.8944323933477947,2336,58.86084747314453,57.49585723876953
1078028,50,blur_rethresh,0.9463336875664187,1212,58.86084747314453,58.80219268798828
1078028,100,dilate_r1,0.7319576830417932,10236,58.701297760009766,58.8596305847168
1078028,100,dilate_r2,0.597775876817793,18808,58.701297760009766,59.12848663330078
1078028,100,erode_r1,0.6232112192329708,10532,58.701297760009766,58.322269439697266
1078028,100,erode_r2,0.28477389811104753,19992,58.701297760009766,56.63698196411133
1078028,100,region_drop_10pct,0.998282770463652,48,58.701297760009766,58.61067581176758
1078028,100,region_drop_25pct,0.9971379507727532,80,58.701297760009766,58.62342071533203
1078028,100,region_drop_50pct,0.011448196908986834,27632,58.701297760009766,37.03821563720703
1078028,100,blur_rethresh,0.9548704356014369,1294,58.701297760009766,58.64653015136719
108026,1,dilate_r1,0.6136783733826248,836,40.426055908203125,41.976436614990234
108026,1,dilate_r2,0.4356955380577428,1720,40.426055908203125,43.046504974365234
108026,1,erode_r1,0.4879518072289157,680,40.426055908203125,35.40700912475586
108026,1,erode_r2,0.1746987951807229,1096,40.426055908203125,14.470680236816406
108026,1,region_drop_10pct,1.0,0,40.426055908203125,40.426055908203125
108026,1,region_drop_25pct,0.7590361445783133,320,40.426055908203125,47.43049240112305
108026,1,region_drop_50pct,0.30120481927710846,928,40.426055908203125,10.57535171508789
108026,1,blur_rethresh,0.9398043641835967,80,40.426055908203125,40.091609954833984
108026,3,dilate_r1,0.5901970692268823,2433,48.82191848754883,50.21257400512695
108026,3,dilate_r2,0.4134025483718735,4972,48.82191848754883,50.99867630004883
108026,3,erode_r1,0.4283675799086758,2003,48.82191848754883,45.06266784667969
108026,3,erode_r2,0.07191780821917808,3252,48.82191848754883,16.496631622314453
108026,3,region_drop_10pct,0.91324200913242,304,48.82191848754883,52.478885650634766
108026,3,region_drop_25pct,0.7945205479452054,720,48.82191848754883,47.23317337036133
108026,3,region_drop_50pct,0.3287671232876712,2352,48.82191848754883,60.59031677246094
108026,3,blur_rethresh,0.9369831765041345,221,48.82191848754883,48.46782684326172
108026,5,dilate_r1,0.594373647511421,3374,49.844478607177734,50.59925079345703
108026,5,dilate_r2,0.4172856178257934,6904,49.844478607177734,50.9496955871582
108026,5,erode_r1,0.4372977346278317,2782,49.844478607177734,47.0578498840332
108026,5,erode_r2,0.0825242718446602,4536,49.844478607177734,20.070785522460938
108026,5,region_drop_10pct,0.8964401294498382,512,49.844478607177734,51.539634704589844
108026,5,region_drop_25pct,0.8220064724919094,880,49.844478607177734,47.657142639160156
108026,5,region_drop_50pct,0.4692556634304207,2624,49.844478607177734,48.90507507324219
108026,5,blur_rethresh,0.9381693271367954,306,49.844478607177734,49.655052185058594
108026,10,dilate_r1,0.5952751449992927,5722,51.65255355834961,51.573612213134766
108026,10,dilate_r2,0.4179578863726659,11720,51.65255355834961,51.47169494628906
108026,10,erode_r1,0.43369771863117873,4766,51.65255355834961,50.99799346923828
108026,10,erode_r2,0.06178707224334601,7896,51.65255355834961,25.13033103942871
108026,10,region_drop_10pct,0.9296577946768061,592,51.65255355834961,51.17329788208008
108026,10,region_drop_25pct,0.785171102661597,1808,51.65255355834961,51.666595458984375
108026,10,region_drop_50pct,0.3574144486692015,5408,51.65255355834961,45.62312316894531
108026,10,blur_rethresh,0.9397461748309809,508,51.65255355834961,51.67320251464844
108026,25,dilate_r1,0.598712185639655,9909,52.377235412597656,52.4544792175293
108026,25,dilate_r2,0.423222260391618,20148,52.377235412597656,52.32103729248047
108026,25,erode_r1,0.4340503246753247,8367,52.377235412597656,52.18217849731445
108026,25,erode_r2,0.05438311688311688,13980,52.377235412597656,38.74346923828125
108026,25,region_drop_10pct,0.946969696969697,784,52.377235412597656,50.88124084472656
108026,25,region_drop_25pct,0.6179653679653679,5648,52.377235412597656,53.91666793823242
108026,25,region_drop_50pct,0.4231601731601732,8528,52.377235412597656,51.250667572021484
108026,25,blur_rethresh,0.9402371648025872,887,52.377235412597656,52.31407165527344
108026,50,dilate_r1,0.6318154324721335,12783,52.461639404296875,52.46232604980469
108026,50,dilate_r2,0.4641557342361405,25324,52.461639404296875,52.42741775512695
108026,50,erode_r1,0.4819018964259664,11365,52.461639404296875,52.51415252685547
108026,50,erode_r2,0.10412107950401167,19652,52.461639404296875,51.54399871826172
108026,50,region_drop_10pct,0.9438366156090445,1232,52.461639404296875,52.582733154296875
108026,50,region_drop_25pct,0.5492341356673961,9888,52.461639404296875,51.11069107055664
108026,50,region_drop_50pct,0.19693654266958424,17616,52.461639404296875,40.76787567138672
108026,50,blur_rethresh,0.9459447274694558,1199,52.461639404296875,52.412235260009766
108026,100,dilate_r1,0.6772609631618411,13343,52.21845626831055,52.422550201416016
108026,100,dilate_r2,0.526592943654555,25172,52.21845626831055,52.546600341796875
108026,100,erode_r1,0.5389642857142857,12909,52.21845626831055,51.94454574584961
108026,100,erode_r2,0.163,23436,52.21845626831055,52.087738037109375
108026,100,region_drop_10pct,0.9994285714285714,16,52.21845626831055,52.22064971923828
108026,100,region_drop_25pct,0.9834285714285714,464,52.21845626831055,52.18087387084961
108026,100,region_drop_50pct,0.9691428571428572,864,52.21845626831055,52.49067687988281
108026,100,blur_rethresh,0.9516828773353859,1381,52.21845626831055,52.09925079345703
1090028,1,dilate_r1,0.693052864655411,2218,73.50655364990234,66.1709213256836
1090028,1,dilate_r2,0.5278246205733558,4480,73.50655364990234,62.40028381347656
1090028,1,erode_r1,0.5962460063897763,2022,73.50655364990234,85.10456848144531
1090028,1,erode_r2,0.26198083067092653,3696,73.50655364990234,62.37388610839844
1090028,1,region_drop_10pct,1.0,0,73.50655364990234,73.50655364990234
1090028,1,region_drop_25pct,0.3961661341853035,3024,73.50655364990234,76.05607604980469
1090028,1,region_drop_50pct,0.7859424920127795,1072,73.50655364990234,70.39732360839844
1090028,1,blur_rethresh,0.9796407185628743,102,73.50655364990234,73.99614715576172
1090028,3,dilate_r1,0.6580976863753213,3990,74.49409484863281,71.36431884765625
1090028,3,dilate_r2,0.48632218844984804,8112,74.49409484863281,69.81389617919922
1090028,3,erode_r1,0.5377604166666666,3550,74.49409484863281,78.54287719726562
1090028,3,erode_r2,0.17291666666666666,6352,74.49409484863281,63.217071533203125
1090028,3,region_drop_10pct,0.9375,480,74.49409484863281,75.03073120117188
1090028,3,region_drop_25pct,0.525,3648,74.49409484863281,77.28219604492188
1090028,3,region_drop_50pct,0.3229166666666667,5200,74.49409484863281,66.5364990234375
1090028,3,blur_rethresh,0.9703279541905258,228,74.49409484863281,74.82169342041016
1090028,5,dilate_r1,0.6458100558659218,5072,73.83747863769531,71.29446411132812
1090028,5,dilate_r2,0.4722222222222222,10336,73.83747863769531,70.16402435302734
1090028,5,erode_r1,0.5168685121107266,4468,73.83747863769531,77.60930633544922
1090028,5,erode_r2,0.14359861591695502,7920,73.83747863769531,63.217071533203125
1090028,5,region_drop_10pct,0.9653979238754326,320,73.83747863769531,74.4266128540039
1090028,5,region_drop_25pct,0.4982698961937716,4640,73.83747863769531,76.71440887451172
1090028,5,region_drop_50pct,0.41695501730103807,5392,73.83747863769531,79.84283447265625
1090028,5,blur_rethresh,0.9639464594127807,334,73.83747863769531,74.19036102294922
1090028,10,dilate_r1,0.6342670493912699,7390,74.68733215332031,72.77603149414062
1090028,10,dilate_r2,0.459552495697074,15072,74.68733215332031,72.26167297363281
1090028,10,erode_r1,0.49547440699126094,6466,74.68733215332031,78.39278411865234
1090028,10,erode_r2,0.11235955056179775,11376,74.68733215332031,65.9344253540039
1090028,10,region_drop_10pct,0.8813982521847691,1520,74.68733215332031,73.75267028808594
1090028,10,region_drop_25pct,0.8789013732833958,1552,74.68733215332031,76.64977264404297
1090028,10,region_drop_50pct,0.418227215980025,7456,74.68733215332031,84.4657974243164
1090028,10,blur_rethresh,0.9584500466853408,534,74.68733215332031,75.0645523071289
1090028,25,dilate_r1,0.6474085472476744,10082,76.39250183105469,75.21623229980469
1090028,25,dilate_r2,0.47662203913491247,20328,76.39250183105469,74.72330474853516
1090028,25,erode_r1,0.5156655142610199,8966,76.39250183105469,78.64521789550781
1090028,25,erode_r2,0.14304235090751943,15864,76.39250183105469,79.78358459472656
1090028,25,region_drop_10pct,0.9835782195332757,304,76.39250183105469,76.82757568359375
1090028,25,region_drop_25pct,0.41659464131374246,10800,76.39250183105469,82.40530395507812
1090028,25,region_drop_50pct,0.334485738980121,12320,76.39250183105469,85.58378601074219
1090028,25,blur_rethresh,0.9540242203407995,858,76.39250183105469,76.57535552978516
1090028,50,dilate_r1,0.6817799193056805,10963,77.36547088623047,75.91448974609375
1090028,50,dilate_r2,0.5244261855854246,21300,77.36547088623047,75.13681030273438
1090028,50,erode_r1,0.5561563351498637,10425,77.36547088623047,79.7039794921875
1090028,50,erode_r2,0.184775204359673,19148,77.36547088623047,82.92639923095703
1090028,50,region_drop_10pct,0.9965940054495913,80,77.36547088623047,77.37857818603516
1090028,50,region_drop_25pct,0.9305177111716622,1632,77.36547088623047,77.16082000732422
1090028,50,region_drop_50pct,0.09741144414168937,21200,77.36547088623047,78.36898040771484
1090028,50,blur_rethresh,0.9572979088966181,1019,77.36547088623047,77.56904602050781
1090028,100,dilate_r1,0.7203645069117306,10863,76.74530792236328,75.56350708007812
1090028,100,dilate_r2,0.5790911348398311,20340,76.74530792236328,74.78716278076172
1090028,100,erode_r1,0.6081689536878216,10965,76.74530792236328,78.62716674804688
1090028,100,erode_r2,0.2585763293310463,20748,76.74530792236328,82.00119018554688
1090028,100,region_drop_10pct,0.9994282447112636,16,76.74530792236328,76.75118255615234
1090028,100,region_drop_25pct,0.0577472841623785,26368,76.74530792236328,61.77299118041992
1090028,100,region_drop_50pct,0.05088622069754145,26560,76.74530792236328,57.24107360839844
1090028,100,blur_rethresh,0.9612435668522215,1107,76.74530792236328,76.9078598022461
1099026,1,dilate_r1,0.5669441141498216,1821,68.16159057617188,68.29381561279297
1099026,1,dilate_r2,0.3887801696020874,3748,68.16159057617188,68.55599975585938
1099026,1,erode_r1,0.3863255033557047,1463,68.16159057617188,67.17430877685547
1099026,1,erode_r2,0.028523489932885907,2316,68.16159057617188,20.678558349609375
1099026,1,region_drop_10pct,0.9530201342281879,112,68.16159057617188,70.8849105834961
1099026,1,region_drop_25pct,0.8120805369127517,448,68.16159057617188,78.8436279296875
1099026,1,region_drop_50pct,0.40939597315436244,1408,68.16159057617188,55.09503173828125
1099026,1,blur_rethresh,0.9249161073825504,179,68.16159057617188,68.33289337158203
1099026,3,dilate_r1,0.572463768115942,3776,54.31489181518555,55.087364196777344
1099026,3,dilate_r2,0.39327940261356564,7800,54.31489181518555,55.990325927734375
1099026,3,erode_r1,0.39556962025316456,3056,54.31489181518555,53.232032775878906
1099026,3,erode_r2,0.02689873417721519,4920,54.31489181518555,36.5758056640625
1099026,3,region_drop_10pct,0.9746835443037974,128,54.31489181518555,52.9820671081543
1099026,3,region_drop_25pct,0.6835443037974683,1600,54.31489181518555,57.77475357055664
1099026,3,region_drop_50pct,0.6012658227848101,2016,54.31489181518555,58.536415100097656
1099026,3,blur_rethresh,0.9261307525182698,374,54.31489181518555,54.0699348449707
1099026,5,dilate_r1,0.586707410236822,5410,53.166297912597656,53.96924591064453
1099026,5,dilate_r2,0.4071246819338422,11184,53.166297912597656,54.833152770996094
1099026,5,erode_r1,0.42161458333333335,4442,53.166297912597656,52.07712173461914
1099026,5,erode_r2,0.04791666666666667,7312,53.166297912597656,47.042022705078125
1099026,5,region_drop_10pct,0.9291666666666667,544,53.166297912597656,55.64494705200195
1099026,5,region_drop_25pct,0.68125,2448,53.166297912597656,54.54767608642578
1099026,5,region_drop_50pct,0.46041666666666664,4144,53.166297912597656,53.118873596191406
1099026,5,blur_rethresh,0.9324499870096129,520,53.166297912597656,52.8607292175293
1099026,10,dilate_r1,0.6065339556148205,8262,54.566532135009766,55.2994384765625
1099026,10,dilate_r2,0.4281871974179666,17008,54.566532135009766,55.99287414550781
1099026,10,erode_r1,0.4571293969849246,6914,54.566532135009766,53.84574508666992
1099026,10,erode_r2,0.08793969849246232,11616,54.566532135009766,51.76110076904297
1099026,10,region_drop_10pct,0.885678391959799,1456,54.566532135009766,53.42744445800781
1099026,10,region_drop_25pct,0.7022613065326633,3792,54.566532135009766,51.36526870727539
1099026,10,region_drop_50pct,0.49120603015075376,6480,54.566532135009766,50.57200241088867
1099026,10,blur_rethresh,0.9382523057683289,790,54.566532135009766,54.19267272949219
1099026,25,dilate_r1,0.6516728733542504,11879,54.83893585205078,55.23125457763672
1099026,25,dilate_r2,0.4815810002600329,23924,54.83893585205078,55.80183792114258
1099026,25,erode_r1,0.5289326853851691,10469,54.83893585205078,54.66448211669922
1099026,25,erode_r2,0.17728581713462924,18284,54.83893585205078,54.221492767333984
1099026,25,region_drop_10pct,0.9827213822894169,384,54.83893585205078,54.57167053222656
1099026,25,region_drop_25pct,0.8488120950323974,3360,54.83893585205078,53.06694793701172
1099026,25,region_drop_50pct,0.45716342692584594,12064,54.83893585205078,65.4244384765625
1099026,25,blur_rethresh,0.945949552916055,1215,54.83893585205078,54.5156364440918
1099026,50,dilate_r1,0.7086467446881036,12821,55.76150894165039,56.1256217956543
1099026,50,dilate_r2,0.5616310064116418,24340,55.76150894165039,56.52342987060547
1099026,50,erode_r1,0.6004681888147768,12459,55.76150894165039,55.17874526977539
1099026,50,erode_r2,0.2659055926115957,22892,55.76150894165039,53.0771598815918
1099026,50,region_drop_10pct,0.05797845048742945,29376,55.76150894165039,67.60630798339844
1099026,50,region_drop_25pct,0.9846074910210364,480,55.76150894165039,55.469337463378906
1099026,50,region_drop_50pct,0.04515135967162647,29776,55.76150894165039,60.046653747558594
1099026,50,blur_rethresh,0.9548898179874886,1435,55.76150894165039,55.6101188659668
1099026,100,dilate_r1,0.777015870549156,11479,55.84886169433594,56.388084411621094
1099026,100,dilate_r2,0.661769571835087,20444,55.84886169433594,56.872257232666016
1099026,100,erode_r1,0.690875,12365,55.84886169433594,54.9334716796875
1099026,100,erode_r2,0.4003,23988,55.84886169433594,52.630470275878906
1099026,100,region_drop_10pct,1.0,0,55.84886169433594,55.84886169433594
1099026,100,region_drop_25pct,0.9996,16,55.84886169433594,55.80682373046875
1099026,100,region_drop_50pct,0.0024,39904,55.84886169433594,47.421634674072266
1099026,100,blur_rethresh,0.9637965969289358,1483,55.84886169433594,55.73078918457031
1100028,1,dilate_r1,0.6109716744352814,2170,22.981721878051758,24.281442642211914
1100028,1,dilate_r2,0.4364754098360656,4400,22.981721878051758,24.925434112548828
1100028,1,erode_r1,0.45481220657276994,1858,22.981721878051758,19.755834579467773
1100028,1,erode_r2,0.07511737089201878,3152,22.981721878051758,2.7110118865966797
1100028,1,region_drop_10pct,1.0,0,22.981721878051758,22.981721878051758
1100028,1,region_drop_25pct,0.7699530516431925,784,22.981721878051758,25.887876510620117
1100028,1,region_drop_50pct,0.5070422535211268,1680,22.981721878051758,28.13623046875
1100028,1,blur_rethresh,0.954225352112676,156,22.981721878051758,22.434703826904297
1100028,3,dilate_r1,0.5984996403247353,3907,58.81911087036133,60.47032165527344
1100028,3,dilate_r2,0.42190669371196754,7980,58.81911087036133,61.06216812133789
1100028,3,erode_r1,0.4373282967032967,3277,58.81911087036133,54.54429244995117
1100028,3,erode_r2,0.0625,5460,58.81911087036133,3.44421124458313
1100028,3,region_drop_10pct,0.9587912087912088,240,58.81911087036133,60.03199005126953
1100028,3,region_drop_25pct,0.5439560439560439,2656,58.81911087036133,78.77708435058594
1100028,3,region_drop_50pct,0.6291208791208791,2160,58.81911087036133,49.219337463378906
1100028,3,blur_rethresh,0.9459134615384616,315,58.81911087036133,58.281917572021484
1100028,5,dilate_r1,0.5966544267645859,4943,61.64375305175781,63.439937591552734
1100028,5,dilate_r2,0.4193622390456527,10124,61.64375305175781,64.1492919921875
1100028,5,erode_r1,0.43804704595185995,4109,61.64375305175781,56.823699951171875
1100028,5,erode_r2,0.07166301969365427,6788,61.64375305175781,3.6939287185668945
1100028,5,region_drop_10pct,0.936542669584245,464,61.64375305175781,62.5236930847168
1100028,5,region_drop_25pct,0.5973741794310722,2944,61.64375305175781,72.0035629272461
1100028,5,region_drop_50pct,0.3435448577680525,4800,61.64375305175781,66.60814666748047
1100028,5,blur_rethresh,0.9429704595185996,417,61.64375305175781,60.989070892333984
1100028,10,dilate_r1,0.589278276908431,6903,60.83228302001953,61.99910354614258
1100028,10,dilate_r2,0.41081798573087774,14204,60.83228302001953,62.6622428894043
1100028,10,erode_r1,0.42518174474959614,5693,60.83228302001953,58.032901763916016
1100028,10,erode_r2,0.05452342487883683,9364,60.83228302001953,9.781488418579102
1100028,10,region_drop_10pct,0.9143780290791599,848,60.83228302001953,60.811866760253906
1100028,10,region_drop_25pct,0.7592891760904685,2384,60.83228302001953,56.99631881713867
1100028,10,region_drop_50pct,0.5460420032310178,4496,60.83228302001953,63.1608772277832
1100028,10,blur_rethresh,0.9377396569122098,617,60.83228302001953,60.46841049194336
1100028,25,dilate_r1,0.6032840056760592,9785,65.5603256225586,65.6510009765625
1100028,25,dilate_r2,0.4275370647052063,19924,65.5603256225586,65.63230895996094
1100028,25,erode_r1,0.4422715053763441,8299,65.5603256225586,65.25521087646484
1100028,25,erode_r2,0.06048387096774194,13980,65.5603256225586,54.05469512939453
1100028,25,region_drop_10pct,0.9698924731182795,448,65.5603256225586,65.94975280761719
1100028,25,region_drop_25pct,0.8021505376344086,2944,65.5603256225586,57.120361328125
1100028,25,region_drop_50pct,0.278494623655914,10736,65.5603256225586,54.08979415893555
1100028,25,blur_rethresh,0.9373080518093203,939,65.5603256225586,65.63389587402344
1100028,50,dilate_r1,0.6342979841681889,11411,65.74927520751953,65.5204849243164
1100028,50,dilate_r2,0.4659572464450513,22684,65.74927520751953,65.3531494140625
1100028,50,erode_r1,0.485196038803557,10189,65.74927520751953,66.02609252929688
1100028,50,erode_r2,0.10084882780921585,17796,65.74927520751953,64.7071533203125
1100028,50,region_drop_10pct,0.9886822958771221,224,65.74927520751953,65.86492919921875
1100028,50,region_drop_25pct,0.9547291835084882,896,65.74927520751953,65.60015106201172
1100028,50,region_drop_50pct,0.6734033953112368,6464,65.74927520751953,66.18037414550781
1100028,50,blur_rethresh,0.9408864541832669,1187,65.74927520751953,65.83415985107422
1100028,100,dilate_r1,0.6711772665764547,11907,66.16370391845703,65.82947540283203
1100028,100,dilate_r2,0.5142615319509098,22956,66.16370391845703,65.63510131835938
1100028,100,erode_r1,0.5371543778801844,11249,66.16370391845703,66.59295654296875
1100028,100,erode_r2,0.16375905200789995,20324,66.16370391845703,66.73173522949219
1100028,100,region_drop_10pct,0.9973666886109283,64,66.16370391845703,66.17874145507812
1100028,100,region_drop_25pct,0.9802501645819618,480,66.16370391845703,66.05001068115234
1100028,100,region_drop_50pct,0.9618169848584596,928,66.16370391845703,66.03837585449219
1100028,100,blur_rethresh,0.9452435633990088,1359,66.16370391845703,66.1696548461914
1101028,1,dilate_r1,0.5983889528193326,1396,10.621356010437012,11.185376167297363
1101028,1,dilate_r2,0.42414355628058725,2824,10.621356010437012,11.963294982910156
1101028,1,erode_r1,0.4269230769230769,1192,10.621356010437012,10.469109535217285
1101028,1,erode_r2,0.03461538461538462,2008,10.621356010437012,9.552982330322266
1101028,1,region_drop_10pct,1.0,0,10.621356010437012,10.621356010437012
1101028,1,region_drop_25pct,0.7692307692307693,480,10.621356010437012,10.006867408752441
1101028,1,region_drop_50pct,0.5615384615384615,912,10.621356010437012,10.49919605255127
1101028,1,blur_rethresh,0.9500240269101393,104,10.621356010437012,10.469862937927246
1101028,3,dilate_r1,0.5881787602114368,3428,26.957902908325195,27.2125301361084
1101028,3,dilate_r2,0.4112903225806452,7008,26.957902908325195,27.517284393310547
1101028,3,erode_r1,0.41748366013071897,2852,26.957902908325195,26.785404205322266
1101028,3,erode_r2,0.0392156862745098,4704,26.957902908325195,22.407812118530273
1101028,3,region_drop_10pct,0.8758169934640523,608,26.957902908325195,26.184350967407227
1101028,3,region_drop_25pct,0.6535947712418301,1696,26.957902908325195,26.24514389038086
1101028,3,region_drop_50pct,0.5261437908496732,2320,26.957902908325195,22.291107177734375
1101028,3,blur_rethresh,0.9407800694302634,290,26.957902908325195,26.905818939208984
1101028,5,dilate_r1,0.5899304966943549,4838,30.68291664123535,30.691513061523438
1101028,5,dilate_r2,0.41330166270783847,9880,30.68291664123535,30.766033172607422
1101028,5,erode_r1,0.4232758620689655,4014,30.68291664123535,30.708438873291016
1101028,5,erode_r2,0.054022988505747126,6584,30.68291664123535,28.855188369750977
1101028,5,region_drop_10pct,0.8873563218390804,784,30.68291664123535,32.30864715576172
1101028,5,region_drop_25pct,0.7954022988505747,1424,30.68291664123535,29.044193267822266
1101028,5,region_drop_50pct,0.5149425287356322,3376,30.68291664123535,32.78368377685547
1101028,5,blur_rethresh,0.9405257865249246,414,30.68291664123535,30.696529388427734
1101028,10,dilate_r1,0.5851834540780556,7100,32.01872253417969,32.1489143371582
1101028,10,dilate_r2,0.40848287112561177,14504,32.01872253417969,32.337791442871094
1101028,10,erode_r1,0.41413738019169327,5868,32.01872253417969,31.926156997680664
1101028,10,erode_r2,0.0439297124600639,9576,32.01872253417969,29.584434509277344
1101028,10,region_drop_10pct,0.8578274760383386,1424,32.01872253417969,31.613866806030273
1101028,10,region_drop_25pct,0.7667731629392971,2336,32.01872253417969,28.519189834594727
1101028,10,region_drop_50pct,0.46166134185303515,5392,32.01872253417969,32.864566802978516
1101028,10,blur_rethresh,0.9373378567152265,628,32.01872253417969,31.988683700561523
1101028,25,dilate_r1,0.5891268533772652,9976,31.629316329956055,31.66059684753418
1101028,25,dilate_r2,0.41350601295097134,20288,31.629316329956055,31.72771453857422
1101028,25,erode_r1,0.41834451901565994,8320,31.629316329956055,31.455169677734375
1101028,25,erode_r2,0.0447427293064877,13664,31.629316329956055,28.609289169311523
1101028,25,region_drop_10pct,0.9552572706935123,640,31.629316329956055,31.546159744262695
1101028,25,region_drop_25pct,0.6577181208053692,4896,31.629316329956055,31.58428955078125
1101028,25,region_drop_50pct,0.4451901565995526,7936,31.629316329956055,30.48940086364746
1101028,25,blur_rethresh,0.9341363224953004,946,31.629316329956055,31.62049674987793
1101028,50,dilate_r1,0.6133742249483299,11598,31.913848876953125,32.0421142578125
1101028,50,dilate_r2,0.44205266192581205,23224,31.913848876953125,32.14265823364258
1101028,50,erode_r1,0.4533695652173913,10058,31.913848876953125,31.65933609008789
1101028,50,erode_r2,0.07260869565217391,17064,31.913848876953125,30.677919387817383
1101028,50,region_drop_10pct,0.9860869565217392,256,31.913848876953125,31.720190048217773
1101028,50,region_drop_25pct,0.6321739130434783,6768,31.913848876953125,32.16884994506836
1101028,50,region_drop_50pct,0.4991304347826087,9216,31.913848876953125,35.41688919067383
1101028,50,blur_rethresh,0.9369926348045804,1172,31.913848876953125,31.84276008605957
1101028,100,dilate_r1,0.6380034032898468,12764,32.521705627441406,32.37417221069336
1101028,100,dilate_r2,0.4769335142469471,24672,32.521705627441406,32.30974578857422
1101028,100,erode_r1,0.4786628733997155,11728,32.521705627441406,32.723045349121094
1101028,100,erode_r2,0.08748221906116643,20528,32.521705627441406,32.06539535522461
1101028,100,region_drop_10pct,0.9694167852062588,688,32.521705627441406,32.58900451660156
1101028,100,region_drop_25pct,0.9914651493598862,192,32.521705627441406,32.5584716796875
1101028,100,region_drop_50pct,0.9815078236130867,416,32.521705627441406,32.43828582763672
1101028,100,blur_rethresh,0.9405707304302295,1362,32.521705627441406,32.559478759765625
113026,1,dilate_r1,0.5578231292517006,520,24.867414474487305,27.339792251586914
113026,1,dilate_r2,0.3761467889908257,1088,24.867414474487305,32.20677185058594
113026,1,erode_r1,0.3719512195121951,412,24.867414474487305,23.360124588012695
113026,1,erode_r2,0.0,656,24.867414474487305,
113026,1,region_drop_10pct,1.0,0,24.867414474487305,24.867414474487305
113026,1,region_drop_25pct,0.7317073170731707,176,24.867414474487305,26.756868362426758
113026,1,region_drop_50pct,0.2682926829268293,480,24.867414474487305,25.606456756591797
113026,1,blur_rethresh,0.9176829268292683,54,24.867414474487305,24.10365104675293
113026,3,dilate_r1,0.5628604382929643,1516,61.5878791809082,61.55685043334961
113026,3,dilate_r2,0.38485804416403785,3120,61.5878791809082,64.11001586914062
113026,3,erode_r1,0.3729508196721312,1224,61.5878791809082,65.22261810302734
113026,3,erode_r2,0.0,1952,61.5878791809082,
113026,3,region_drop_10pct,0.7868852459016393,416,61.5878791809082,72.34664154052734
113026,3,region_drop_25pct,0.6065573770491803,768,61.5878791809082,73.89974212646484
113026,3,region_drop_50pct,0.45081967213114754,1072,61.5878791809082,59.20418167114258
113026,3,blur_rethresh,0.9252049180327869,146,61.5878791809082,61.710445404052734
113026,5,dilate_r1,0.5670498084291188,2260,72.68367767333984,72.41990661621094
113026,5,dilate_r2,0.38865546218487396,4656,72.68367767333984,73.52501678466797
113026,5,erode_r1,0.37972972972972974,1836,72.68367767333984,73.91018676757812
113026,5,erode_r2,0.0,2960,72.68367767333984,
113026,5,region_drop_10pct,0.7297297297297297,800,72.68367767333984,85.38439178466797
113026,5,region_drop_25pct,0.8432432432432433,464,72.68367767333984,59.65594482421875
113026,5,region_drop_50pct,0.7135135135135136,848,72.68367767333984,34.22266387939453
113026,5,blur_rethresh,0.9283783783783783,212,72.68367767333984,72.52271270751953
113026,10,dilate_r1,0.5761316872427984,3296,69.32735443115234,69.61101531982422
113026,10,dilate_r2,0.4,6720,69.32735443115234,71.17520904541016
113026,10,erode_r1,0.39464285714285713,2712,69.32735443115234,72.92135620117188
113026,10,erode_r2,0.02142857142857143,4384,69.32735443115234,69.62203979492188
113026,10,region_drop_10pct,0.9714285714285714,128,69.32735443115234,66.25128173828125
113026,10,region_drop_25pct,0.8928571428571429,480,69.32735443115234,68.84598541259766
113026,10,region_drop_50pct,0.6357142857142857,1632,69.32735443115234,68.61363220214844
113026,10,blur_rethresh,0.927507227040249,326,69.32735443115234,69.19493103027344
113026,25,dilate_r1,0.5985611510791367,4464,72.37026977539062,73.74637603759766
113026,25,dilate_r2,0.42535787321063395,8992,72.37026977539062,76.03089141845703
113026,25,erode_r1,0.43209134615384615,3780,72.37026977539062,73.69682312011719
113026,25,erode_r2,0.06009615384615385,6256,72.37026977539062,72.62613677978516
113026,25,region_drop_10pct,0.9591346153846154,272,72.37026977539062,70.51762390136719
113026,25,region_drop_25pct,0.8100961538461539,1264,72.37026977539062,72.57564544677734
113026,25,region_drop_50pct,0.7019230769230769,1984,72.37026977539062,67.27954864501953
113026,25,blur_rethresh,0.9329359165424739,450,72.37026977539062,72.15045928955078
113026,50,dilate_r1,0.6326673187089563,5258,73.86209106445312,76.8373794555664
113026,50,dilate_r2,0.4681555004135649,10288,73.86209106445312,80.19176483154297
113026,50,erode_r1,0.47681095406360424,4738,73.86209106445312,71.6659164428711
113026,50,erode_r2,0.09363957597173145,8208,73.86209106445312,67.3322982788086
113026,50,region_drop_10pct,0.9628975265017667,336,73.86209106445312,73.4029769897461
113026,50,region_drop_25pct,0.9434628975265018,512,73.86209106445312,71.28691864013672
113026,50,region_drop_50pct,0.8833922261484098,1056,73.86209106445312,69.95341491699219
113026,50,blur_rethresh,0.9387489139878367,564,73.86209106445312,72.9692611694336
113026,100,dilate_r1,0.6846290801186944,5314,69.41015625,75.15523529052734
113026,100,dilate_r2,0.5376584638329605,9920,69.41015625,80.7696304321289
113026,100,erode_r1,0.5466366158113731,5230,69.41015625,64.14411926269531
113026,100,erode_r2,0.16920943134535368,9584,69.41015625,57.86811447143555
113026,100,region_drop_10pct,0.9972260748959778,32,69.41015625,69.48877716064453
113026,100,region_drop_25pct,0.9930651872399445,80,69.41015625,69.19441986083984
113026,100,region_drop_50pct,0.9667128987517337,384,69.41015625,66.50238800048828
113026,100,blur_rethresh,0.947239367548829,624,69.41015625,68.0884017944336
1164026,1,dilate_r1,0.6215205650186955,1822,22.256942749023438,23.83961296081543
1164026,1,dilate_r2,0.4473684210526316,3696,22.256942749023438,24.67608070373535
1164026,1,erode_r1,0.47393048128342247,1574,22.256942749023438,18.920684814453125
1164026,1,erode_r2,0.0962566844919786,2704,22.256942749023438,0.0
1164026,1,region_drop_10pct,1.0,0,22.256942749023438,22.256942749023438
1164026,1,region_drop_25pct,0.1925133689839572,2416,22.256942749023438,54.554039001464844
1164026,1,region_drop_50pct,0.16042780748663102,2512,22.256942749023438,48.53165817260742
1164026,1,blur_rethresh,0.9585561497326203,124,22.256942749023438,21.73038673400879
1164026,3,dilate_r1,0.6131310489144651,2958,40.313377380371094,41.4620475769043
1164026,3,dilate_r2,0.43796711509715996,6016,40.313377380371094,41.6586799621582
1164026,3,erode_r1,0.4552047781569966,2554,40.313377380371094,36.74287033081055
1164026,3,erode_r2,0.06143344709897611,4400,40.313377380371094,0.0
1164026,3,region_drop_10pct,0.9965870307167235,16,40.313377380371094,40.4264030456543
1164026,3,region_drop_25pct,0.8361774744027304,768,40.313377380371094,27.83970069885254
1164026,3,region_drop_50pct,0.2935153583617747,3312,40.313377380371094,49.608524322509766
1164026,3,blur_rethresh,0.9569112627986348,202,40.313377380371094,39.90486526489258
1164026,5,dilate_r1,0.6139171905484501,3562,46.28323745727539,46.97930908203125
1164026,5,dilate_r2,0.43866171003717475,7248,46.28323745727539,46.80292510986328
1164026,5,erode_r1,0.4551553672316384,3086,46.28323745727539,43.764320373535156
1164026,5,erode_r2,0.05649717514124294,5344,46.28323745727539,14.583074569702148
1164026,5,region_drop_10pct,0.943502824858757,320,46.28323745727539,42.0195426940918
1164026,5,region_drop_25pct,0.9180790960451978,464,46.28323745727539,45.20942306518555
1164026,5,region_drop_50pct,0.6864406779661016,1776,46.28323745727539,30.11648941040039
1164026,5,blur_rethresh,0.9562533074616334,248,46.28323745727539,46.022705078125
1164026,10,dilate_r1,0.6163244527405396,4522,48.79110336303711,48.66941833496094
1164026,10,dilate_r2,0.43992248062015504,9248,48.79110336303711,48.212860107421875
1164026,10,erode_r1,0.4650330396475771,3886,48.79110336303711,48.978797912597656
1164026,10,erode_r2,0.07709251101321586,6704,48.79110336303711,46.65285873413086
1164026,10,region_drop_10pct,0.9647577092511013,256,48.79110336303711,48.373321533203125
1164026,10,region_drop_25pct,0.8678414096916299,960,48.79110336303711,44.92152786254883
1164026,10,region_drop_50pct,0.2599118942731278,5376,48.79110336303711,56.27056884765625
1164026,10,blur_rethresh,0.9532646048109966,340,48.79110336303711,48.747867584228516
1164026,25,dilate_r1,0.631224938559048,5702,49.11775588989258,48.73405456542969
1164026,25,dilate_r2,0.456245325355273,11632,49.11775588989258,48.00275421142578
1164026,25,erode_r1,0.49200819672131146,4958,49.11775588989258,49.374568939208984
1164026,25,erode_r2,0.11311475409836065,8656,49.11775588989258,47.46466064453125
1164026,25,region_drop_10pct,0.9688524590163935,304,49.11775588989258,49.945350646972656
1164026,25,region_drop_25pct,0.9,976,49.11775588989258,48.61720275878906
1164026,25,region_drop_50pct,0.380327868852459,6048,49.11775588989258,50.673309326171875
1164026,25,blur_rethresh,0.9489058524173029,502,49.11775588989258,49.21822738647461
1164026,50,dilate_r1,0.6678734959003301,6238,50.230018615722656,49.51139831542969
1164026,50,dilate_r2,0.503209242618742,12384,50.230018615722656,48.47455596923828
1164026,50,erode_r1,0.5416135204081632,5750,50.230018615722656,50.98347473144531
1164026,50,erode_r2,0.1683673469387755,10432,50.230018615722656,51.56978988647461
1164026,50,region_drop_10pct,0.7933673469387755,2592,50.230018615722656,44.91425323486328
1164026,50,region_drop_25pct,0.9528061224489796,592,50.230018615722656,50.325035095214844
1164026,50,region_drop_50pct,0.7576530612244898,3040,50.230018615722656,45.86088180541992
1164026,50,blur_rethresh,0.9529911170505463,598,50.230018615722656,50.50349044799805
1164026,100,dilate_r1,0.709683374873073,6290,52.05542755126953,50.43020248413086
1164026,100,dilate_r2,0.5583962812318419,12160,52.05542755126953,48.73259735107422
1164026,100,erode_r1,0.6018470343392299,6122,52.05542755126953,53.7575569152832
1164026,100,erode_r2,0.25286160249739853,11488,52.05542755126953,55.743446350097656
1164026,100,region_drop_10pct,1.0,0,52.05542755126953,52.05542755126953
1164026,100,region_drop_25pct,0.991675338189386,128,52.05542755126953,52.337589263916016
1164026,100,region_drop_50pct,0.9531737773152965,720,52.05542755126953,52.210750579833984
1164026,100,blur_rethresh,0.9552438635639146,702,52.05542755126953,52.51631546020508
1209024,1,dilate_r1,0.5548266166822868,1900,70.1532974243164,70.6771011352539
1209024,1,dilate_r2,0.37707006369426754,3912,70.1532974243164,71.67513275146484
1209024,1,erode_r1,0.36486486486486486,1504,70.1532974243164,69.94070434570312
1209024,1,erode_r2,0.016891891891891893,2328,70.1532974243164,62.15582275390625
1209024,1,region_drop_10pct,0.9121621621621622,208,70.1532974243164,69.67017364501953
1209024,1,region_drop_25pct,0.6418918918918919,848,70.1532974243164,68.62549591064453
1209024,1,region_drop_50pct,0.40540540540540543,1408,70.1532974243164,60.287254333496094
1209024,1,blur_rethresh,0.9155761924862811,200,70.1532974243164,70.08657836914062
1209024,3,dilate_r1,0.5622326339376655,4298,67.17306518554688,67.4726791381836
1209024,3,dilate_r2,0.38397328881469117,8856,67.17306518554688,67.88311767578125
1209024,3,erode_r1,0.3764492753623188,3442,67.17306518554688,66.90043640136719
1209024,3,erode_r2,0.015942028985507246,5432,67.17306518554688,48.938697814941406
1209024,3,region_drop_10pct,0.9710144927536232,160,67.17306518554688,67.34703063964844
1209024,3,region_drop_25pct,0.7246376811594203,1520,67.17306518554688,71.84534454345703
1209024,3,region_drop_50pct,0.42318840579710143,3184,67.17306518554688,60.98527908325195
1209024,3,blur_rethresh,0.9200289487968156,442,67.17306518554688,67.17120361328125
1209024,5,dilate_r1,0.5660272449263275,6244,65.3970718383789,65.5794906616211
1209024,5,dilate_r2,0.38914373088685017,12784,65.3970718383789,65.6507568359375
1209024,5,erode_r1,0.38163064833005894,5036,65.3970718383789,65.08634185791016
1209024,5,erode_r2,0.023575638506876228,7952,65.3970718383789,60.06367111206055
1209024,5,region_drop_10pct,0.9390962671905697,496,65.3970718383789,66.43418884277344
1209024,5,region_drop_25pct,0.8113948919449901,1536,65.3970718383789,65.44078826904297
1209024,5,region_drop_50pct,0.5717092337917485,3488,65.3970718383789,65.78289794921875
1209024,5,blur_rethresh,0.924181082075819,618,65.3970718383789,65.36808013916016
1209024,10,dilate_r1,0.5766032156717797,9164,61.382843017578125,61.579681396484375
1209024,10,dilate_r2,0.4014410705095214,18608,61.382843017578125,61.676937103271484
1209024,10,erode_r1,0.39775641025641023,7516,61.382843017578125,60.9312858581543
1209024,10,erode_r2,0.03717948717948718,12016,61.382843017578125,61.525970458984375
1209024,10,region_drop_10pct,0.9756410256410256,304,61.382843017578125,61.18547821044922
1209024,10,region_drop_25pct,0.791025641025641,2608,61.382843017578125,60.16249084472656
1209024,10,region_drop_50pct,0.5012820512820513,6224,61.382843017578125,56.377079010009766
1209024,10,blur_rethresh,0.9271798147556691,912,61.382843017578125,61.26515197753906
1209024,25,dilate_r1,0.6099692889203875,13208,57.914031982421875,58.22460174560547
1209024,25,dilate_r2,0.44091530054644806,26192,57.914031982421875,58.38481521606445
1209024,25,erode_r1,0.4479085979860573,11404,57.914031982421875,57.410972595214844
1209024,25,erode_r2,0.08133230054221534,18976,57.914031982421875,55.807525634765625
1209024,25,region_drop_10pct,0.9821843532145623,368,57.914031982421875,58.46885299682617
1209024,25,region_drop_25pct,0.6297443841982959,7648,57.914031982421875,58.70295333862305
1209024,25,region_drop_50pct,0.48644461657629745,10608,57.914031982421875,51.82136917114258
1209024,25,blur_rethresh,0.9355302232014561,1346,57.914031982421875,57.793270111083984
1209024,50,dilate_r1,0.6637814695890921,14450,56.77460861206055,57.560035705566406
1209024,50,dilate_r2,0.5126509488211616,27120,56.77460861206055,58.20979690551758
1209024,50,erode_r1,0.5180173864273696,13750,56.77460861206055,55.48805618286133
1209024,50,erode_r2,0.14750420639371845,24320,56.77460861206055,51.92111587524414
1209024,50,region_drop_10pct,1.0,0,56.77460861206055,56.77460861206055
1209024,50,region_drop_25pct,0.015703869882220976,28080,56.77460861206055,24.660898208618164
1209024,50,region_drop_50pct,0.02860347728547392,27712,56.77460861206055,71.8703842163086
1209024,50,blur_rethresh,0.947120832331834,1540,56.77460861206055,56.512428283691406
1209024,100,dilate_r1,0.7391217325167126,13034,55.91588592529297,57.289695739746094
1209024,100,dilate_r2,0.6221024258760108,22432,55.91588592529297,58.396888732910156
1209024,100,erode_r1,0.6172551993067591,14134,55.91588592529297,53.76179504394531
1209024,100,erode_r2,0.27339688041594457,26832,55.91588592529297,48.99012756347656
1209024,100,region_drop_10pct,1.0,0,55.91588592529297,55.91588592529297
1209024,100,region_drop_25pct,1.0,0,55.91588592529297,55.91588592529297
1209024,100,region_drop_50pct,0.9978336221837089,80,55.91588592529297,55.94523620605469
1209024,100,blur_rethresh,0.9571770523713076,1628,55.91588592529297,55.6949577331543
1209025,1,dilate_r1,0.5860805860805861,678,49.771324157714844,49.887550354003906
1209025,1,dilate_r2,0.40816326530612246,1392,49.771324157714844,49.62671661376953
1209025,1,erode_r1,0.41041666666666665,566,49.771324157714844,49.97916030883789
1209025,1,erode_r2,0.016666666666666666,944,49.771324157714844,3.6470084190368652
1209025,1,region_drop_10pct,1.0,0,49.771324157714844,49.771324157714844
1209025,1,region_drop_25pct,0.9,96,49.771324157714844,40.253841400146484
1209025,1,region_drop_50pct,0.6666666666666666,320,49.771324157714844,54.28057861328125
1209025,1,blur_rethresh,0.9416666666666667,56,49.771324157714844,49.90996551513672
1209025,3,dilate_r1,0.5826247689463956,2258,55.20954895019531,55.249202728271484
1209025,3,dilate_r2,0.4020408163265306,4688,55.20954895019531,55.626243591308594
1209025,3,erode_r1,0.4067258883248731,1870,55.20954895019531,53.310401916503906
1209025,3,erode_r2,0.005076142131979695,3136,55.20954895019531,3.6470084190368652
1209025,3,region_drop_10pct,0.949238578680203,160,55.20954895019531,55.62325668334961
1209025,3,region_drop_25pct,0.7208121827411168,880,55.20954895019531,44.85977554321289
1209025,3,region_drop_50pct,0.5380710659898477,1456,55.20954895019531,46.72134017944336
1209025,3,blur_rethresh,0.936608557844691,200,55.20954895019531,55.37324523925781
1209025,5,dilate_r1,0.5848513902205177,3464,58.18806838989258,58.629173278808594
1209025,5,dilate_r2,0.40558510638297873,7152,58.18806838989258,58.933841705322266
1209025,5,erode_r1,0.4098360655737705,2880,58.18806838989258,56.10377502441406
1209025,5,erode_r2,0.013114754098360656,4816,58.18806838989258,31.918643951416016
1209025,5,region_drop_10pct,0.8852459016393442,560,58.18806838989258,58.624969482421875
1209025,5,region_drop_25pct,0.7770491803278688,1088,58.18806838989258,59.82298278808594
1209025,5,region_drop_50pct,0.4918032786885246,2480,58.18806838989258,51.172550201416016
1209025,5,blur_rethresh,0.9361963190184049,312,58.18806838989258,58.29839324951172
1209025,10,dilate_r1,0.5973611715238509,5554,60.57147979736328,60.601905822753906
1209025,10,dilate_r2,0.41903986981285596,11424,60.57147979736328,60.36870193481445
1209025,10,erode_r1,0.4298543689320388,4698,60.57147979736328,59.775054931640625
1209025,10,erode_r2,0.02912621359223301,8000,60.57147979736328,55.9461669921875
1209025,10,region_drop_10pct,0.9223300970873787,640,60.57147979736328,62.01132583618164
1209025,10,region_drop_25pct,0.7184466019417476,2320,60.57147979736328,62.382652282714844
1209025,10,region_drop_50pct,0.47184466019417476,4352,60.57147979736328,65.27105712890625
1209025,10,blur_rethresh,0.9391157284368205,504,60.57147979736328,60.70143508911133
1209025,25,dilate_r1,0.6478896782281655,8426,63.00619888305664,62.83158874511719
1209025,25,dilate_r2,0.47863670041985673,16888,63.00619888305664,62.4178581237793
1209025,25,erode_r1,0.5181888544891641,7470,63.00619888305664,63.07229995727539
1209025,25,erode_r2,0.15737874097007223,13064,63.00619888305664,61.50664138793945
1209025,25,region_drop_10pct,0.9721362229102167,432,63.00619888305664,62.51237487792969
1209025,25,region_drop_25pct,0.40144478844169246,9280,63.00619888305664,58.52580642700195
1209025,25,region_drop_50pct,0.21981424148606812,12096,63.00619888305664,58.864967346191406
1209025,25,blur_rethresh,0.9464456487089576,840,63.00619888305664,63.088531494140625
1209025,50,dilate_r1,0.701577287066246,9460,61.61648941040039,61.8978157043457
1209025,50,dilate_r2,0.5519158229104626,18056,61.61648941040039,62.07760238647461
1209025,50,erode_r1,0.5904676258992806,9108,61.61648941040039,61.20443344116211
1209025,50,erode_r2,0.2514388489208633,16648,61.61648941040039,59.66466522216797
1209025,50,region_drop_10pct,0.9971223021582734,64,61.61648941040039,61.64875411987305
1209025,50,region_drop_25pct,0.9884892086330935,256,61.61648941040039,61.845523834228516
1209025,50,region_drop_50pct,0.058992805755395686,20928,61.61648941040039,51.414093017578125
1209025,50,blur_rethresh,0.9534391534391534,1056,61.61648941040039,61.584571838378906
1209025,100,dilate_r1,0.7626152288591677,8910,60.804710388183594,61.829307556152344
1209025,100,dilate_r2,0.6437567470313063,15840,60.804710388183594,62.71160888671875
1209025,100,erode_r1,0.6644074902179988,9606,60.804710388183594,59.72499084472656
1209025,100,erode_r2,0.34935718278367806,18624,60.804710388183594,57.969482421875
1209025,100,region_drop_10pct,1.0,0,60.804710388183594,60.804710388183594
1209025,100,region_drop_25pct,0.9994410285075461,16,60.804710388183594,60.80077362060547
1209025,100,region_drop_50pct,0.007825600894354388,28400,60.804710388183594,44.60260772705078
1209025,100,blur_rethresh,0.962117598964366,1112,60.804710388183594,60.793277740478516
1214025,1,dilate_r1,0.5758542141230069,1862,31.857725143432617,32.051734924316406
1214025,1,dilate_r2,0.4010152284263959,3776,31.857725143432617,32.21410369873047
1214025,1,erode_r1,0.38686708860759494,1550,31.857725143432617,31.590818405151367
1214025,1,erode_r2,0.0,2528,31.857725143432617,
1214025,1,region_drop_10pct,1.0,0,31.857725143432617,31.857725143432617
1214025,1,region_drop_25pct,0.9556962025316456,112,31.857725143432617,32.31247329711914
1214025,1,region_drop_50pct,0.4430379746835443,1408,31.857725143432617,11.506680488586426
1214025,1,blur_rethresh,0.9382911392405063,156,31.857725143432617,31.832189559936523
1214025,3,dilate_r1,0.5766458433445459,3524,42.502010345458984,42.31766891479492
1214025,3,dilate_r2,0.40080160320641284,7176,42.502010345458984,41.814735412597656
1214025,3,erode_r1,0.3958333333333333,2900,42.502010345458984,41.97343826293945
1214025,3,erode_r2,0.025,4680,42.502010345458984,24.203765869140625
1214025,3,region_drop_10pct,0.9766666666666667,112,42.502010345458984,42.95151901245117
1214025,3,region_drop_25pct,0.86,672,42.502010345458984,43.859981536865234
1214025,3,region_drop_50pct,0.49333333333333335,2432,42.502010345458984,33.08474349975586
1214025,3,blur_rethresh,0.9345969589668819,314,42.502010345458984,42.59120559692383
1214025,5,dilate_r1,0.5764576457645765,4620,44.480499267578125,44.20798873901367
1214025,5,dilate_r2,0.40040753948038715,9416,44.480499267578125,43.697086334228516
1214025,5,erode_r1,0.39631043256997456,3796,44.480499267578125,44.1668815612793
1214025,5,erode_r2,0.026717557251908396,6120,44.480499267578125,19.904268264770508
1214025,5,region_drop_10pct,0.8600508905852418,880,44.480499267578125,47.148597717285156
1214025,5,region_drop_25pct,0.7760814249363868,1408,44.480499267578125,39.40317153930664
1214025,5,region_drop_50pct,0.6259541984732825,2352,44.480499267578125,38.76470184326172
1214025,5,blur_rethresh,0.932634254845885,424,44.480499267578125,44.60721206665039
1214025,10,dilate_r1,0.578934074261177,6668,46.33082962036133,46.21904754638672
1214025,10,dilate_r2,0.40210526315789474,13632,46.33082962036133,45.78813934326172
1214025,10,erode_r1,0.4040139616055846,5464,46.33082962036133,45.295467376708984
1214025,10,erode_r2,0.038394415357766144,8816,46.33082962036133,28.417591094970703
1214025,10,region_drop_10pct,0.8411867364746946,1456,46.33082962036133,49.291202545166016
1214025,10,region_drop_25pct,0.7766143106457243,2048,46.33082962036133,46.99580383300781
1214025,10,region_drop_50pct,0.5200698080279232,4400,46.33082962036133,46.20936584472656
1214025,10,blur_rethresh,0.9313874972772817,630,46.33082962036133,46.45503616333008
1214025,25,dilate_r1,0.5955099096040403,9531,47.45539474487305,47.511680603027344
1214025,25,dilate_r2,0.42178670193579415,19236,47.45539474487305,47.09392166137695
1214025,25,erode_r1,0.42666761687571264,8045,47.45539474487305,46.20640182495117
1214025,25,erode_r2,0.05273660205245154,13292,47.45539474487305,29.36347198486328
1214025,25,region_drop_10pct,0.7537058152793614,3456,47.45539474487305,49.74482727050781
1214025,25,region_drop_25pct,0.7787913340935005,3104,47.45539474487305,51.02751922607422
1214025,25,region_drop_50pct,0.6020524515393386,5584,47.45539474487305,41.04582595825195
1214025,25,blur_rethresh,0.9357375655377639,907,47.45539474487305,47.55674743652344
1214025,50,dilate_r1,0.6260221509160543,10839,47.05171203613281,47.05897521972656
1214025,50,dilate_r2,0.4597141988446336,21324,47.05171203613281,46.62161636352539
1214025,50,erode_r1,0.46996252204585537,9617,47.05171203613281,46.03071594238281
1214025,50,erode_r2,0.0941358024691358,16436,47.05171203613281,37.78843307495117
1214025,50,region_drop_10pct,0.31393298059964725,12448,47.05171203613281,25.758581161499023
1214025,50,region_drop_25pct,0.2874779541446208,12928,47.05171203613281,26.401987075805664
1214025,50,region_drop_50pct,0.7839506172839507,3920,47.05171203613281,49.02659225463867
1214025,50,blur_rethresh,0.9425568986170096,1055,47.05171203613281,47.226654052734375
1214025,100,dilate_r1,0.659596713965646,11395,46.27886962890625,46.06606674194336
1214025,100,dilate_r2,0.5042477391066046,21708,46.27886962890625,45.650264739990234
1214025,100,erode_r1,0.5151721014492754,10705,46.27886962890625,46.246456146240234
1214025,100,erode_r2,0.14184782608695654,18948,46.27886962890625,45.56055450439453
1214025,100,region_drop_10pct,0.9992753623188406,16,46.27886962890625,46.285247802734375
1214025,100,region_drop_25pct,0.9557971014492753,976,46.27886962890625,47.097450256347656
1214025,100,region_drop_50pct,0.08188405797101449,20272,46.27886962890625,31.928733825683594
1214025,100,blur_rethresh,0.9449993341323745,1239,46.27886962890625,46.44295120239258
1214026,1,dilate_r1,0.6039296794208894,1532,32.13336181640625,30.87660026550293
1214026,1,dilate_r2,0.4294117647058823,3104,32.13336181640625,30.108989715576172
1214026,1,erode_r1,0.4332191780821918,1324,32.13336181640625,35.5194091796875
1214026,1,erode_r2,0.0273972602739726,2272,32.13336181640625,37.98109436035156
1214026,1,region_drop_10pct,1.0,0,32.13336181640625,32.13336181640625
1214026,1,region_drop_25pct,0.8493150684931506,352,32.13336181640625,36.765689849853516
1214026,1,region_drop_50pct,0.5273972602739726,1104,32.13336181640625,19.796955108642578
1214026,1,blur_rethresh,0.9554794520547946,104,32.13336181640625,32.424129486083984
1214026,3,dilate_r1,0.5902358749314317,2988,31.614805221557617,30.849390029907227
1214026,3,dilate_r2,0.41448382126348227,6080,31.614805221557617,30.508281707763672
1214026,3,erode_r1,0.41263940520446096,2528,31.614805221557617,33.771156311035156
1214026,3,erode_r2,0.01486988847583643,4240,31.614805221557617,37.98109436035156
1214026,3,region_drop_10pct,0.9739776951672863,112,31.614805221557617,31.96930503845215
1214026,3,region_drop_25pct,0.7026022304832714,1280,31.614805221557617,32.08411407470703
1214026,3,region_drop_50pct,0.483271375464684,2224,31.614805221557617,35.948001861572266
1214026,3,blur_rethresh,0.9456572224802601,234,31.614805221557617,31.81717872619629
1214026,5,dilate_r1,0.5846027171675586,4036,29.516576766967773,28.63980484008789
1214026,5,dilate_r2,0.4092219020172911,8200,29.516576766967773,28.248140335083008
1214026,5,erode_r1,0.40492957746478875,3380,29.516576766967773,31.795564651489258
1214026,5,erode_r2,0.018309859154929577,5576,29.516576766967773,78.99209594726562
1214026,5,region_drop_10pct,0.9859154929577465,80,29.516576766967773,29.262611389160156
1214026,5,region_drop_25pct,0.7267605633802817,1552,29.516576766967773,30.41828155517578
1214026,5,region_drop_50pct,0.5267605633802817,2688,29.516576766967773,36.43135452270508
1214026,5,blur_rethresh,0.9412282245292979,334,29.516576766967773,29.77663230895996
1214026,10,dilate_r1,0.5843983518402123,5951,36.0920524597168,35.77509307861328
1214026,10,dilate_r2,0.4081951219512195,12132,36.0920524597168,35.472599029541016
1214026,10,erode_r1,0.4066682600382409,4965,36.0920524597168,36.70600128173828
1214026,10,erode_r2,0.021510516252390057,8188,36.0920524597168,66.9118423461914
1214026,10,region_drop_10pct,0.9464627151051626,448,36.0920524597168,33.79877853393555
1214026,10,region_drop_25pct,0.739961759082218,2176,36.0920524597168,40.6458740234375
1214026,10,region_drop_50pct,0.384321223709369,5152,36.0920524597168,36.05475616455078
1214026,10,blur_rethresh,0.940157668418538,501,36.0920524597168,36.103675842285156
1214026,25,dilate_r1,0.6148820675409521,8017,43.01734924316406,42.270023345947266
1214026,25,dilate_r2,0.44217217078900095,16148,43.01734924316406,41.66063690185547
1214026,25,erode_r1,0.460078125,6911,43.01734924316406,44.54446792602539
1214026,25,erode_r2,0.0840625,11724,43.01734924316406,56.221981048583984
1214026,25,region_drop_10pct,0.955,576,43.01734924316406,43.76409149169922
1214026,25,region_drop_25pct,0.64125,4592,43.01734924316406,37.12664794921875
1214026,25,region_drop_50pct,0.42625,7344,43.01734924316406,39.738216400146484
1214026,25,blur_rethresh,0.9473643290312549,677,43.01734924316406,43.1312141418457
1214026,50,dilate_r1,0.632330611072352,8959,42.94730758666992,42.28863525390625
1214026,50,dilate_r2,0.4627027027027027,17892,42.94730758666992,41.81886672973633
1214026,50,erode_r1,0.4859164070612669,7921,42.94730758666992,44.151729583740234
1214026,50,erode_r2,0.10825545171339564,13740,42.94730758666992,53.272518157958984
1214026,50,region_drop_10pct,0.9283489096573209,1104,42.94730758666992,42.85995864868164
1214026,50,region_drop_25pct,0.4195223260643821,8944,42.94730758666992,41.00967025756836
1214026,50,region_drop_50pct,0.8920041536863966,1664,42.94730758666992,42.402557373046875
1214026,50,blur_rethresh,0.9493630163428131,787,42.94730758666992,43.018001556396484
1214026,100,dilate_r1,0.6437150888978131,9759,42.6562614440918,42.07324981689453
1214026,100,dilate_r2,0.47803925821494414,19252,42.6562614440918,41.681461334228516
1214026,100,erode_r1,0.4990358439201452,8833,42.6562614440918,43.82878112792969
1214026,100,erode_r2,0.11819419237749547,15548,42.6562614440918,51.71596145629883
1214026,100,region_drop_10pct,0.9981851179673321,32,42.6562614440918,42.703941345214844
1214026,100,region_drop_25pct,0.9401088929219601,1056,42.6562614440918,41.82994842529297
1214026,100,region_drop_50pct,0.06896551724137931,16416,42.6562614440918,56.87517166137695
1214026,100,blur_rethresh,0.9471269512672746,945,42.6562614440918,42.72108459472656
1231028,1,dilate_r1,0.6105593308938839,1490,22.58705711364746,26.102802276611328
1231028,1,dilate_r2,0.43517138599105815,3032,22.58705711364746,29.193363189697266
1231028,1,erode_r1,0.4648972602739726,1250,22.58705711364746,16.695449829101562
1231028,1,erode_r2,0.11301369863013698,2072,22.58705711364746,0.0
1231028,1,region_drop_10pct,1.0,0,22.58705711364746,22.58705711364746
1231028,1,region_drop_25pct,0.8082191780821918,448,22.58705711364746,26.784320831298828
1231028,1,region_drop_50pct,0.6095890410958904,912,22.58705711364746,29.01958656311035
1231028,1,blur_rethresh,0.9486301369863014,120,22.58705711364746,21.116422653198242
1231028,3,dilate_r1,0.5848111547312846,3067,71.38331604003906,71.92095947265625
1231028,3,dilate_r2,0.4061677322301617,6316,71.38331604003906,72.05245971679688
1231028,3,erode_r1,0.42106481481481484,2501,71.38331604003906,68.48856353759766
1231028,3,erode_r2,0.062037037037037036,4052,71.38331604003906,3.293438196182251
1231028,3,region_drop_10pct,0.9481481481481482,224,71.38331604003906,70.3272705078125
1231028,3,region_drop_25pct,0.9259259259259259,320,71.38331604003906,71.06761169433594
1231028,3,region_drop_50pct,0.5555555555555556,1920,71.38331604003906,75.02169036865234
1231028,3,blur_rethresh,0.9344907407407408,283,71.38331604003906,71.01099395751953
1231028,5,dilate_r1,0.5852322738386309,4241,76.33434295654297,76.08704376220703
1231028,5,dilate_r2,0.4066322370209296,8732,76.33434295654297,75.9280014038086
1231028,5,erode_r1,0.41794786096256686,3483,76.33434295654297,75.9649887084961
1231028,5,erode_r2,0.047459893048128345,5700,76.33434295654297,22.33355712890625
1231028,5,region_drop_10pct,0.9224598930481284,464,76.33434295654297,75.9950180053711
1231028,5,region_drop_25pct,0.7647058823529411,1408,76.33434295654297,72.761474609375
1231028,5,region_drop_50pct,0.5802139037433155,2512,76.33434295654297,68.81853485107422
1231028,5,blur_rethresh,0.935370741482966,387,76.33434295654297,76.34162139892578
1231028,10,dilate_r1,0.5917144513884415,6337,76.75765228271484,75.94757843017578
1231028,10,dilate_r2,0.4148148148148148,12956,76.75765228271484,75.51336669921875
1231028,10,erode_r1,0.4256315331010453,5275,76.75765228271484,77.8982162475586
1231028,10,erode_r2,0.051829268292682924,8708,76.75765228271484,48.966278076171875
1231028,10,region_drop_10pct,0.9041811846689896,880,76.75765228271484,78.57539367675781
1231028,10,region_drop_25pct,0.6498257839721254,3216,76.75765228271484,62.225440979003906
1231028,10,region_drop_50pct,0.5714285714285714,3936,76.75765228271484,80.04194641113281
1231028,10,blur_rethresh,0.9356483993488877,593,76.75765228271484,76.88982391357422
1231028,25,dilate_r1,0.6138157096030108,9543,73.05608367919922,72.79344177246094
1231028,25,dilate_r2,0.44098150947784626,19228,73.05608367919922,72.82074737548828
1231028,25,erode_r1,0.45932225738396626,8201,73.05608367919922,73.60124969482422
1231028,25,erode_r2,0.08623417721518987,13860,73.05608367919922,77.37238311767578
1231028,25,region_drop_10pct,0.9388185654008439,928,73.05608367919922,71.54102325439453
1231028,25,region_drop_25pct,0.6265822784810127,5664,73.05608367919922,75.79268646240234
1231028,25,region_drop_50pct,0.4388185654008439,8512,73.05608367919922,77.12911987304688
1231028,25,blur_rethresh,0.939522719843086,925,73.05608367919922,72.924072265625
1231028,50,dilate_r1,0.6527834661793894,11021,74.14837646484375,73.84198760986328
1231028,50,dilate_r2,0.4905767591627995,21516,74.14837646484375,73.7076644897461
1231028,50,erode_r1,0.5129826254826255,10091,74.14837646484375,74.5515365600586
1231028,50,erode_r2,0.1411196911196911,17796,74.14837646484375,76.30757904052734
1231028,50,region_drop_10pct,0.976061776061776,496,74.14837646484375,73.421630859375
1231028,50,region_drop_25pct,0.3806949806949807,12832,74.14837646484375,70.29591369628906
1231028,50,region_drop_50pct,0.20540540540540542,16464,74.14837646484375,68.33622741699219
1231028,50,blur_rethresh,0.9475735538761348,1103,74.14837646484375,74.09160614013672
1231028,100,dilate_r1,0.7004657925203952,11125,72.71385955810547,73.07415008544922
1231028,100,dilate_r2,0.5581395348837209,20596,72.71385955810547,73.56536102294922
1231028,100,erode_r1,0.5703028905289053,11179,72.71385955810547,72.35194396972656
1231028,100,erode_r2,0.20003075030750309,20812,72.71385955810547,72.1514663696289
1231028,100,region_drop_10pct,1.0,0,72.71385955810547,72.71385955810547
1231028,100,region_drop_25pct,0.998769987699877,32,72.71385955810547,72.61951446533203
1231028,100,region_drop_50pct,0.9883148831488315,304,72.71385955810547,72.81776428222656
1231028,100,blur_rethresh,0.9531402416147671,1249,72.71385955810547,72.47884368896484
1295026,1,dilate_r1,0.5847953216374269,2272,51.09684753417969,50.82640075683594
1295026,1,dilate_r2,0.4069175991861648,4664,51.09684753417969,52.45783615112305
1295026,1,erode_r1,0.40625,1900,51.09684753417969,52.219417572021484
1295026,1,erode_r2,0.0075,3176,51.09684753417969,17.474254608154297
1295026,1,region_drop_10pct,0.875,400,51.09684753417969,52.42036819458008
1295026,1,region_drop_25pct,0.96,128,51.09684753417969,46.749752044677734
1295026,1,region_drop_50pct,0.435,1808,51.09684753417969,38.6655158996582
1295026,1,blur_rethresh,0.9394506866416978,194,51.09684753417969,51.15270233154297
1295026,3,dilate_r1,0.5894236482471776,4146,73.04639434814453,73.2631607055664
1295026,3,dilate_r2,0.40946615299944966,8584,73.04639434814453,73.64142608642578
1295026,3,erode_r1,0.4230510752688172,3434,73.04639434814453,72.79557800292969
1295026,3,erode_r2,0.036290322580645164,5736,73.04639434814453,67.05921173095703
1295026,3,region_drop_10pct,0.9623655913978495,224,73.04639434814453,73.23777770996094
1295026,3,region_drop_25pct,0.7661290322580645,1392,73.04639434814453,68.88465118408203
1295026,3,region_drop_50pct,0.5456989247311828,2704,73.04639434814453,72.25410461425781
1295026,3,blur_rethresh,0.9356352665102247,384,73.04639434814453,72.89842224121094
1295026,5,dilate_r1,0.5932203389830508,5376,74.44116973876953,75.07070922851562
1295026,5,dilate_r2,0.41228439209087087,11176,74.44116973876953,75.34226989746094
1295026,5,erode_r1,0.4301020408163265,4468,74.44116973876953,73.71076965332031
1295026,5,erode_r2,0.03775510204081633,7544,74.44116973876953,72.83976745605469
1295026,5,region_drop_10pct,0.8387755102040816,1264,74.44116973876953,72.9576416015625
1295026,5,region_drop_25pct,0.863265306122449,1072,74.44116973876953,72.90059661865234
1295026,5,region_drop_50pct,0.5163265306122449,3792,74.44116973876953,68.19381713867188
1295026,5,blur_rethresh,0.9359186268277178,504,74.44116973876953,74.11730194091797
1295026,10,dilate_r1,0.6296785557023338,6728,75.08219146728516,76.08311462402344
1295026,10,dilate_r2,0.45339251743817377,13792,75.08219146728516,76.47515869140625
1295026,10,erode_r1,0.49335664335664337,5796,75.08219146728516,72.98136138916016
1295026,10,erode_r2,0.12027972027972028,10064,75.08219146728516,58.535404205322266
1295026,10,region_drop_10pct,0.9258741258741259,848,75.08219146728516,76.64390563964844
1295026,10,region_drop_25pct,0.7762237762237763,2560,75.08219146728516,73.62894439697266
1295026,10,region_drop_50pct,0.6363636363636364,4160,75.08219146728516,67.82202911376953
1295026,10,blur_rethresh,0.9399342219144885,694,75.08219146728516,74.75288391113281
1295026,25,dilate_r1,0.6684948202315661,8704,72.8615951538086,74.40535736083984
1295026,25,dilate_r2,0.5033264510208764,17320,72.8615951538086,75.12418365478516
1295026,25,erode_r1,0.5453509571558797,7980,72.8615951538086,69.26768493652344
1295026,25,erode_r2,0.17821330902461258,14424,72.8615951538086,53.01163864135742
1295026,25,region_drop_10pct,0.9234275296262534,1344,72.8615951538086,69.6387710571289
1295026,25,region_drop_25pct,0.9179580674567,1440,72.8615951538086,73.31907653808594
1295026,25,region_drop_50pct,0.8012762078395624,3488,72.8615951538086,67.13211822509766
1295026,25,blur_rethresh,0.9418702140741155,1040,72.8615951538086,72.49360656738281
1295026,50,dilate_r1,0.7046408442259263,9852,71.44468688964844,72.95634460449219
1295026,50,dilate_r2,0.5569668246445497,18696,71.44468688964844,73.82328033447266
1295026,50,erode_r1,0.5850918992511913,9752,71.44468688964844,68.49903869628906
1295026,50,erode_r2,0.22157930565010212,18296,71.44468688964844,58.65076446533203
1295026,50,region_drop_10pct,0.998638529611981,32,71.44468688964844,71.39604949951172
1295026,50,region_drop_25pct,0.9945541184479237,128,71.44468688964844,71.47460174560547
1295026,50,region_drop_50pct,0.9183117767188563,1920,71.44468688964844,68.14588165283203
1295026,50,blur_rethresh,0.9480605683468161,1252,71.44468688964844,71.0865707397461
1295026,100,dilate_r1,0.8628984940348132,5608,69.317626953125,72.08390045166016
1295026,100,dilate_r2,0.7777190199189141,10088,69.317626953125,74.1539535522461
1295026,100,erode_r1,0.8254759746146872,6160,69.317626953125,65.80110168457031
1295026,100,erode_r2,0.6516319129646418,12296,69.317626953125,61.51737976074219
1295026,100,region_drop_10pct,1.0,0,69.317626953125,69.317626953125
1295026,100,region_drop_25pct,0.04397098821396192,33744,69.317626953125,6.687537670135498
1295026,100,region_drop_50pct,0.04261106074342702,33792,69.317626953125,6.833248138427734
1295026,100,blur_rethresh,0.9776196455978792,802,69.317626953125,69.06986999511719
1301022,1,dilate_r1,0.576221016280217,1718,11.676546096801758,11.88616943359375
1301022,1,dilate_r2,0.40054869684499317,3496,11.676546096801758,12.268548965454102
1301022,1,erode_r1,0.3895547945205479,1426,11.676546096801758,11.551467895507812
1301022,1,erode_r2,0.003424657534246575,2328,11.676546096801758,1.149884819984436
1301022,1,region_drop_10pct,1.0,0,11.676546096801758,11.676546096801758
1301022,1,region_drop_25pct,0.952054794520548,112,11.676546096801758,11.859896659851074
1301022,1,region_drop_50pct,0.5,1168,11.676546096801758,8.370765686035156
1301022,1,blur_rethresh,0.9375,146,11.676546096801758,11.599810600280762
1301022,3,dilate_r1,0.5760743321718932,2920,47.1241569519043,46.9721794128418
1301022,3,dilate_r2,0.4009700889248181,5928,47.1241569519043,46.67190933227539
1301022,3,erode_r1,0.3901209677419355,2420,47.1241569519043,47.321189880371094
1301022,3,erode_r2,0.010080645161290322,3928,47.1241569519043,35.488990783691406
1301022,3,region_drop_10pct,0.9919354838709677,32,47.1241569519043,47.24517822265625
1301022,3,region_drop_25pct,0.7379032258064516,1040,47.1241569519043,41.198246002197266
1301022,3,region_drop_50pct,0.43548387096774194,2240,47.1241569519043,13.294212341308594
1301022,3,blur_rethresh,0.9365079365079365,252,47.1241569519043,47.167789459228516
1301022,5,dilate_r1,0.5734621250635485,3356,46.498477935791016,46.490684509277344
1301022,5,dilate_r2,0.3980239943542696,6824,46.498477935791016,46.32899475097656
1301022,5,erode_r1,0.38652482269503546,2768,46.498477935791016,46.368621826171875
1301022,5,erode_r2,0.008865248226950355,4472,46.498477935791016,35.488990783691406
1301022,5,region_drop_10pct,0.9645390070921985,160,46.498477935791016,46.258975982666016
1301022,5,region_drop_25pct,0.7021276595744681,1344,46.498477935791016,46.43034362792969
1301022,5,region_drop_50pct,0.43617021276595747,2544,46.498477935791016,42.63637161254883
1301022,5,blur_rethresh,0.9344116995346776,296,46.498477935791016,46.489952087402344
1301022,10,dilate_r1,0.5728395061728395,4152,43.050865173339844,43.32212448120117
1301022,10,dilate_r2,0.39612976664769495,8488,43.050865173339844,43.36579132080078
1301022,10,erode_r1,0.3879310344827586,3408,43.050865173339844,42.579044342041016
1301022,10,erode_r2,0.010057471264367816,5512,43.050865173339844,52.85051727294922
1301022,10,region_drop_10pct,0.8275862068965517,960,43.050865173339844,38.50141143798828
1301022,10,region_drop_25pct,0.6609195402298851,1888,43.050865173339844,42.7161750793457
1301022,10,region_drop_50pct,0.5890804597701149,2288,43.050865173339844,47.71957015991211
1301022,10,blur_rethresh,0.9318018664752333,380,43.050865173339844,42.99954605102539
1301022,25,dilate_r1,0.5786864931846345,5440,42.88547897338867,43.03386306762695
1301022,25,dilate_r2,0.40137516115169747,11144,42.88547897338867,43.0553092956543
1301022,25,erode_r1,0.3993576017130621,4488,42.88547897338867,42.79193878173828
1301022,25,erode_r2,0.018201284796573874,7336,42.88547897338867,49.145904541015625
1301022,25,region_drop_10pct,0.9379014989293362,464,42.88547897338867,43.0623664855957
1301022,25,region_drop_25pct,0.8008565310492506,1488,42.88547897338867,38.15675735473633
1301022,25,region_drop_50pct,0.44325481798715205,4160,42.88547897338867,39.68825912475586
1301022,25,blur_rethresh,0.9321581196581197,508,42.88547897338867,42.887969970703125
1301022,50,dilate_r1,0.5927071253704419,6322,42.55363082885742,42.90343475341797
1301022,50,dilate_r2,0.4159132007233273,12920,42.55363082885742,43.106449127197266
1301022,50,erode_r1,0.4258695652173913,5282,42.55363082885742,42.364166259765625
1301022,50,erode_r2,0.04782608695652174,8760,42.55363082885742,41.0035514831543
1301022,50,region_drop_10pct,0.9826086956521739,160,42.55363082885742,42.523807525634766
1301022,50,region_drop_25pct,0.6382608695652174,3328,42.55363082885742,45.34184646606445
1301022,50,region_drop_50pct,0.41043478260869565,5424,42.55363082885742,49.53327941894531
1301022,50,blur_rethresh,0.932972972972973,620,42.55363082885742,42.52079772949219
1301022,100,dilate_r1,0.6053716705672574,7082,42.88444137573242,43.13608169555664
1301022,100,dilate_r2,0.43207126948775054,14280,42.88444137573242,43.34827423095703
1301022,100,erode_r1,0.4420103092783505,6062,42.88444137573242,42.69276428222656
1301022,100,erode_r2,0.06111929307805596,10200,42.88444137573242,41.6038932800293
1301022,100,region_drop_10pct,0.9160530191458026,912,42.88444137573242,42.00817108154297
1301022,100,region_drop_25pct,0.33136966126656847,7264,42.88444137573242,36.80472183227539
1301022,100,region_drop_50pct,0.7304860088365243,2928,42.88444137573242,43.46013259887695
1301022,100,blur_rethresh,0.9333029612756264,732,42.88444137573242,42.88074493408203
1312022,1,dilate_r1,0.5656565656565656,1806,51.32720184326172,51.23102569580078
1312022,1,dilate_r2,0.3904382470119522,3672,51.32720184326172,51.00767135620117
1312022,1,erode_r1,0.3818027210884354,1454,51.32720184326172,51.141021728515625
1312022,1,erode_r2,0.03741496598639456,2264,51.32720184326172,26.962013244628906
1312022,1,region_drop_10pct,1.0,0,51.32720184326172,51.32720184326172
1312022,1,region_drop_25pct,0.5170068027210885,1136,51.32720184326172,55.11552810668945
1312022,1,region_drop_50pct,0.7006802721088435,704,51.32720184326172,52.45033645629883
1312022,1,blur_rethresh,0.9251700680272109,176,51.32720184326172,51.54384994506836
1312022,3,dilate_r1,0.5844587115342041,3754,67.03506469726562,66.43229675292969
1312022,3,dilate_r2,0.4074074074074074,7680,67.03506469726562,66.09681701660156
1312022,3,erode_r1,0.41628787878787876,3082,67.03506469726562,68.15391540527344
1312022,3,erode_r2,0.05454545454545454,4992,67.03506469726562,62.1234130859375
1312022,3,region_drop_10pct,0.9636363636363636,192,67.03506469726562,67.07677459716797
1312022,3,region_drop_25pct,0.8393939393939394,848,67.03506469726562,69.30518341064453
1312022,3,region_drop_50pct,0.4121212121212121,3104,67.03506469726562,63.40129470825195
1312022,3,blur_rethresh,0.9348978046934141,344,67.03506469726562,67.42506408691406
1312022,5,dilate_r1,0.5856387939073671,5332,67.08148956298828,66.31645202636719
1312022,5,dilate_r2,0.4092093831450912,10880,67.08148956298828,66.08639526367188
1312022,5,erode_r1,0.4150743099787686,4408,67.08148956298828,68.78858184814453
1312022,5,erode_r2,0.04670912951167728,7184,67.08148956298828,66.91928100585938
1312022,5,region_drop_10pct,0.9002123142250531,752,67.08148956298828,65.37995910644531
1312022,5,region_drop_25pct,0.8577494692144374,1072,67.08148956298828,70.55351257324219
1312022,5,region_drop_50pct,0.5923566878980892,3072,67.08148956298828,54.28190231323242
1312022,5,blur_rethresh,0.9358685570425335,484,67.08148956298828,67.49718475341797
1312022,10,dilate_r1,0.5865754595981189,7736,65.64253234863281,64.94799041748047
1312022,10,dilate_r2,0.4104098115465151,15768,65.64253234863281,64.6100845336914
1312022,10,erode_r1,0.41690962099125367,6400,65.64253234863281,67.02136993408203
1312022,10,erode_r2,0.05029154518950437,10424,65.64253234863281,61.480979919433594
1312022,10,region_drop_10pct,0.8658892128279884,1472,65.64253234863281,66.31114959716797
1312022,10,region_drop_25pct,0.7959183673469388,2240,65.64253234863281,63.10594940185547
1312022,10,region_drop_50pct,0.5,5488,65.64253234863281,65.95423889160156
1312022,10,blur_rethresh,0.9349090909090909,716,65.64253234863281,66.11870574951172
1312022,25,dilate_r1,0.603914526845035,11029,66.1471176147461,65.5341567993164
1312022,25,dilate_r2,0.4304289955974199,22252,66.1471176147461,65.26435852050781
1312022,25,erode_r1,0.44154376784015226,9391,66.1471176147461,67.12389373779297
1312022,25,erode_r2,0.06636536631779258,15700,66.1471176147461,68.5892105102539
1312022,25,region_drop_10pct,0.780209324452902,3696,66.1471176147461,51.28217315673828
1312022,25,region_drop_25pct,0.5718363463368221,7200,66.1471176147461,46.91606903076172
1312022,25,region_drop_50pct,0.6241674595623216,6320,66.1471176147461,72.79728698730469
1312022,25,blur_rethresh,0.9368986482498082,1069,66.1471176147461,66.4738998413086
1312022,50,dilate_r1,0.641429471393391,12522,65.29378509521484,64.85208129882812
1312022,50,dilate_r2,0.47692045648100834,24568,65.29378509521484,64.64387512207031
1312022,50,erode_r1,0.49741071428571426,11258,65.29378509521484,65.93232727050781
1312022,50,erode_r2,0.12892857142857142,19512,65.29378509521484,64.52194213867188
1312022,50,region_drop_10pct,0.7828571428571428,4864,65.29378509521484,51.31155014038086
1312022,50,region_drop_25pct,0.9807142857142858,432,65.29378509521484,65.58984375
1312022,50,region_drop_50pct,0.07642857142857143,20688,65.29378509521484,49.88051986694336
1312022,50,blur_rethresh,0.944613217100339,1258,65.29378509521484,65.53981018066406
1312022,100,dilate_r1,0.6830474118752163,12822,64.012451171875,64.09089660644531
1312022,100,dilate_r2,0.5326137239784117,24248,64.012451171875,64.1279067993164
1312022,100,erode_r1,0.5539229878401853,12326,64.012451171875,63.82556915283203
1312022,100,erode_r2,0.1942675159235669,22264,64.012451171875,61.657997131347656
1312022,100,region_drop_10pct,0.998262883613202,48,64.012451171875,63.96650314331055
1312022,100,region_drop_25pct,0.986682107701216,368,64.012451171875,64.05443572998047
1312022,100,region_drop_50pct,0.022003474232773594,27024,64.012451171875,43.271942138671875
1312022,100,blur_rethresh,0.9484346224677717,1456,64.012451171875,64.05943298339844
1325022,1,dilate_r1,0.5751211631663974,1052,25.550012588500977,22.27172088623047
1325022,1,dilate_r2,0.4,2136,25.550012588500977,22.108795166015625
1325022,1,erode_r1,0.39325842696629215,864,25.550012588500977,37.293601989746094
1325022,1,erode_r2,0.028089887640449437,1384,25.550012588500977,66.33216857910156
1325022,1,region_drop_10pct,1.0,0,25.550012588500977,25.550012588500977
1325022,1,region_drop_25pct,0.9662921348314607,48,25.550012588500977,25.177501678466797
1325022,1,region_drop_50pct,0.4943820224719101,720,25.550012588500977,36.866825103759766
1325022,1,blur_rethresh,0.9339887640449438,94,25.550012588500977,26.203542709350586
1325022,3,dilate_r1,0.57339593114241,2726,29.04961585998535,26.856531143188477
1325022,3,dilate_r2,0.39722463139635733,5560,29.04961585998535,26.97523307800293
1325022,3,erode_r1,0.39465065502183405,2218,29.04961585998535,37.89312744140625
1325022,3,erode_r2,0.03711790393013101,3528,29.04961585998535,42.94241714477539
1325022,3,region_drop_10pct,0.9213973799126638,288,29.04961585998535,29.563596725463867
1325022,3,region_drop_25pct,0.7161572052401747,1040,29.04961585998535,24.680774688720703
1325022,3,region_drop_50pct,0.5807860262008734,1536,29.04961585998535,28.514583587646484
1325022,3,blur_rethresh,0.9306768558951966,254,29.04961585998535,29.63520050048828
1325022,5,dilate_r1,0.5737254072350327,4030,27.555620193481445,25.851844787597656
1325022,5,dilate_r2,0.3974208675263775,8224,27.555620193481445,26.157197952270508
1325022,5,erode_r1,0.3941740412979351,3286,27.555620193481445,34.68497848510742
1325022,5,erode_r2,0.032448377581120944,5248,27.555620193481445,39.50717544555664
1325022,5,region_drop_10pct,0.9616519174041298,208,27.555620193481445,28.176069259643555
1325022,5,region_drop_25pct,0.7551622418879056,1328,27.555620193481445,26.283721923828125
1325022,5,region_drop_50pct,0.5545722713864307,2416,27.555620193481445,22.810876846313477
1325022,5,blur_rethresh,0.9296371339104808,382,27.555620193481445,27.892141342163086
1325022,10,dilate_r1,0.6003567693916467,6497,42.8586311340332,37.124298095703125
1325022,10,dilate_r2,0.42397914856646396,13260,42.8586311340332,35.29465866088867
1325022,10,erode_r1,0.4468237704918033,5399,42.8586311340332,58.65961837768555
1325022,10,erode_r2,0.09139344262295082,8868,42.8586311340332,50.715248107910156
1325022,10,region_drop_10pct,0.940983606557377,576,42.8586311340332,43.91278839111328
1325022,10,region_drop_25pct,0.7754098360655738,2192,42.8586311340332,46.223670959472656
1325022,10,region_drop_50pct,0.5311475409836065,4576,42.8586311340332,46.73770523071289
1325022,10,blur_rethresh,0.9385857347230738,601,42.8586311340332,43.706634521484375
1325022,25,dilate_r1,0.6049898355202366,10687,48.68570327758789,45.378944396972656
1325022,25,dilate_r2,0.4313270791609571,21580,48.68570327758789,44.42618179321289
1325022,25,erode_r1,0.44715298142717497,9049,48.68570327758789,58.609527587890625
1325022,25,erode_r2,0.08186705767350928,15028,48.68570327758789,61.45108413696289
1325022,25,region_drop_10pct,0.9599217986314761,656,48.68570327758789,49.13153076171875
1325022,25,region_drop_25pct,0.8670576735092864,2176,48.68570327758789,50.112586975097656
1325022,25,region_drop_50pct,0.47409579667644186,8608,48.68570327758789,45.74478530883789
1325022,25,blur_rethresh,0.9387110490190124,1009,48.68570327758789,48.99916458129883
1325022,50,dilate_r1,0.6239708813588699,13017,50.571598052978516,48.27608108520508
1325022,50,dilate_r2,0.45673686881502157,25692,50.571598052978516,47.05447006225586
1325022,50,erode_r1,0.46949074074074076,11459,50.571598052978516,56.522735595703125
1325022,50,erode_r2,0.09907407407407408,19460,50.571598052978516,72.28679656982422
1325022,50,region_drop_10pct,0.9888888888888889,240,50.571598052978516,49.757755279541016
1325022,50,region_drop_25pct,0.9007407407407407,2144,50.571598052978516,51.237579345703125
1325022,50,region_drop_50pct,0.8125925925925926,4048,50.571598052978516,52.51087951660156
1325022,50,blur_rethresh,0.9407539573611492,1295,50.571598052978516,50.73843765258789
1325022,100,dilate_r1,0.6643333752990054,13331,50.810482025146484,48.43854904174805
1325022,100,dilate_r2,0.5095403630745462,25396,50.810482025146484,46.87060546875
1325022,100,erode_r1,0.5237644026682838,12565,50.810482025146484,55.72474670410156
1325022,100,erode_r2,0.15357792601576714,22332,50.810482025146484,67.08807373046875
1325022,100,region_drop_10pct,1.0,0,50.810482025146484,50.810482025146484
1325022,100,region_drop_25pct,0.9981807155852032,48,50.810482025146484,50.83393859863281
1325022,100,region_drop_50pct,0.006064281382656155,26224,50.810482025146484,35.944175720214844
1325022,100,blur_rethresh,0.9471082366934285,1423,50.810482025146484,51.03105545043945
133026,1,dilate_r1,0.5845511482254697,1592,61.09521484375,60.966060638427734
133026,1,dilate_r2,0.41055718475073316,3216,61.09521484375,61.58812713623047
133026,1,erode_r1,0.3982142857142857,1348,61.09521484375,62.82156753540039
133026,1,erode_r2,0.0,2240,61.09521484375,
133026,1,region_drop_10pct,1.0,0,61.09521484375,61.09521484375
133026,1,region_drop_25pct,0.5714285714285714,960,61.09521484375,75.44602966308594
133026,1,region_drop_50pct,0.32857142857142857,1504,61.09521484375,0.7394062280654907
133026,1,blur_rethresh,0.9455357142857143,122,61.09521484375,61.190032958984375
133026,3,dilate_r1,0.5871363757672805,3094,73.73687744140625,73.50035858154297
133026,3,dilate_r2,0.41260315078769694,6264,73.73687744140625,74.0296859741211
133026,3,erode_r1,0.4068181818181818,2610,73.73687744140625,75.2137222290039
133026,3,erode_r2,0.016363636363636365,4328,73.73687744140625,66.81459045410156
133026,3,region_drop_10pct,0.9854545454545455,64,73.73687744140625,74.09681701660156
133026,3,region_drop_25pct,0.9090909090909091,400,73.73687744140625,70.31664276123047
133026,3,region_drop_50pct,0.5527272727272727,1968,73.73687744140625,74.90042877197266
133026,3,blur_rethresh,0.9445580549875029,244,73.73687744140625,73.8560791015625
133026,5,dilate_r1,0.5842074015436375,4202,84.4502944946289,84.67406463623047
133026,5,dilate_r2,0.40931780366056575,8520,84.4502944946289,84.88328552246094
133026,5,erode_r1,0.4027777777777778,3526,84.4502944946289,84.31011962890625
133026,5,erode_r2,0.014905149051490514,5816,84.4502944946289,74.5390853881836
133026,5,region_drop_10pct,0.9701897018970189,176,84.4502944946289,81.1380386352539
133026,5,region_drop_25pct,0.7669376693766937,1376,84.4502944946289,79.48478698730469
133026,5,region_drop_50pct,0.44715447154471544,3264,84.4502944946289,91.25688171386719
133026,5,blur_rethresh,0.942092786996275,342,84.4502944946289,84.2933349609375
133026,10,dilate_r1,0.5944762308398672,5741,88.2219467163086,88.98968505859375
133026,10,dilate_r2,0.41870646766169156,11684,88.2219467163086,89.05907440185547
133026,10,erode_r1,0.42692490494296575,4823,88.2219467163086,85.08345794677734
133026,10,erode_r2,0.04800380228136882,8012,88.2219467163086,28.453472137451172
133026,10,region_drop_10pct,0.9334600760456274,560,88.2219467163086,88.73291778564453
133026,10,region_drop_25pct,0.720532319391635,2352,88.2219467163086,81.0566177368164
133026,10,region_drop_50pct,0.44866920152091255,4640,88.2219467163086,80.39238739013672
133026,10,blur_rethresh,0.9424605528532447,485,88.2219467163086,87.86682891845703
133026,25,dilate_r1,0.6124731182795699,9010,82.10496520996094,84.31753540039062
133026,25,dilate_r2,0.4387478432339167,18216,82.10496520996094,85.31999969482422
133026,25,erode_r1,0.46081460674157304,7678,82.10496520996094,75.27117919921875
133026,25,erode_r2,0.0949438202247191,12888,82.10496520996094,17.057981491088867
133026,25,region_drop_10pct,0.9247191011235955,1072,82.10496520996094,82.5687484741211
133026,25,region_drop_25pct,0.7584269662921348,3440,82.10496520996094,89.51810455322266
133026,25,region_drop_50pct,0.4314606741573034,8096,82.10496520996094,83.11821746826172
133026,25,blur_rethresh,0.9453070359490838,782,82.10496520996094,81.48097229003906
133026,50,dilate_r1,0.6234796404019037,11392,84.77642059326172,86.50081634521484
133026,50,dilate_r2,0.4545104086353123,22640,84.77642059326172,87.27814483642578
133026,50,erode_r1,0.4722222222222222,9956,84.77642059326172,80.36038970947266
133026,50,erode_r2,0.10432569974554708,16896,84.77642059326172,50.267269134521484
133026,50,region_drop_10pct,0.996607294317218,64,84.77642059326172,84.87418365478516
133026,50,region_drop_25pct,0.9728583545377438,512,84.77642059326172,85.15593719482422
133026,50,region_drop_50pct,0.8651399491094147,2544,84.77642059326172,88.71520233154297
133026,50,blur_rethresh,0.9445174171176378,1056,84.77642059326172,84.3645248413086
133026,100,dilate_r1,0.6435518938093603,12460,85.4242172241211,87.06484985351562
133026,100,dilate_r2,0.48249828414550444,24128,85.4242172241211,87.75543975830078
133026,100,erode_r1,0.49324324324324326,11400,85.4242172241211,81.8484115600586
133026,100,erode_r2,0.11593172119487909,19888,85.4242172241211,63.95383834838867
133026,100,region_drop_10pct,0.9985775248933144,32,85.4242172241211,85.3952407836914
133026,100,region_drop_25pct,0.06258890469416785,21088,85.4242172241211,73.09337615966797
133026,100,region_drop_50pct,0.02844950213371266,21856,85.4242172241211,81.16509246826172
133026,100,blur_rethresh,0.9470134874759152,1210,85.4242172241211,85.0009994506836
1337022,1,dilate_r1,0.5695451549110085,1306,43.17335510253906,42.664825439453125
1337022,1,dilate_r2,0.3927272727272727,2672,43.17335510253906,42.7101936340332
1337022,1,erode_r1,0.38078703703703703,1070,43.17335510253906,44.67173385620117
1337022,1,erode_r2,0.0,1728,43.17335510253906,
1337022,1,region_drop_10pct,1.0,0,43.17335510253906,43.17335510253906
1337022,1,region_drop_25pct,0.8425925925925926,272,43.17335510253906,46.706275939941406
1337022,1,region_drop_50pct,0.5462962962962963,784,43.17335510253906,14.756975173950195
1337022,1,blur_rethresh,0.9305957200694043,120,43.17335510253906,43.564605712890625
1337022,3,dilate_r1,0.5721910862022952,3206,51.92325210571289,52.88999557495117
1337022,3,dilate_r2,0.3938280675973549,6600,51.92325210571289,53.861148834228516
1337022,3,erode_r1,0.39225746268656714,2606,51.92325210571289,50.40724563598633
1337022,3,erode_r2,0.020522388059701493,4200,51.92325210571289,12.645277976989746
1337022,3,region_drop_10pct,0.917910447761194,352,51.92325210571289,51.95668029785156
1337022,3,region_drop_25pct,0.7126865671641791,1232,51.92325210571289,47.0936279296875
1337022,3,region_drop_50pct,0.4962686567164179,2160,51.92325210571289,33.38024139404297
1337022,3,blur_rethresh,0.9295873163907671,302,51.92325210571289,51.804019927978516
1337022,5,dilate_r1,0.5782960918721624,4737,53.70041275024414,54.34314727783203
1337022,5,dilate_r2,0.4010866880711287,9700,53.70041275024414,55.29179763793945
1337022,5,erode_r1,0.4040948275862069,3871,53.70041275024414,52.91400146484375
1337022,5,erode_r2,0.04002463054187192,6236,53.70041275024414,35.685401916503906
1337022,5,region_drop_10pct,0.9014778325123153,640,53.70041275024414,54.231483459472656
1337022,5,region_drop_25pct,0.7807881773399015,1424,53.70041275024414,58.705360412597656
1337022,5,region_drop_50pct,0.5714285714285714,2784,53.70041275024414,33.30763626098633
1337022,5,blur_rethresh,0.9315595201476469,445,53.70041275024414,53.682437896728516
1337022,10,dilate_r1,0.5842570190738761,7389,63.6978645324707,63.63846206665039
1337022,10,dilate_r2,0.40708797240081546,15124,63.6978645324707,63.8459587097168
1337022,10,erode_r1,0.4157357473035439,6067,63.6978645324707,64.29470825195312
1337022,10,erode_r2,0.052773497688751926,9836,63.6978645324707,62.25308609008789
1337022,10,region_drop_10pct,0.8859784283513097,1184,63.6978645324707,62.46882629394531
1337022,10,region_drop_25pct,0.7072419106317411,3040,63.6978645324707,62.41155242919922
1337022,10,region_drop_50pct,0.5716486902927581,4448,63.6978645324707,62.47684860229492
1337022,10,blur_rethresh,0.9335513030099049,691,63.6978645324707,63.75899124145508
1337022,25,dilate_r1,0.6004973999547818,10602,67.90560913085938,67.576904296875
1337022,25,dilate_r2,0.4252775405636208,21536,67.90560913085938,67.35189056396484
1337022,25,erode_r1,0.44088855421686746,8910,67.90560913085938,68.3776626586914
1337022,25,erode_r2,0.07329317269076305,14768,67.90560913085938,65.22000122070312
1337022,25,region_drop_10pct,0.8042168674698795,3120,67.90560913085938,69.092529296875
1337022,25,region_drop_25pct,0.7751004016064257,3584,67.90560913085938,68.53065490722656
1337022,25,region_drop_50pct,0.5411646586345381,7312,67.90560913085938,69.72599792480469
1337022,25,blur_rethresh,0.9360998439937598,1024,67.90560913085938,68.02922821044922
1337022,50,dilate_r1,0.6307982248160983,12146,67.09707641601562,67.11267852783203
1337022,50,dilate_r2,0.46255349500713266,24112,67.09707641601562,67.30928039550781
1337022,50,erode_r1,0.48274865073245954,10734,67.09707641601562,67.02391815185547
1337022,50,erode_r2,0.110254433307633,18464,67.09707641601562,64.36213684082031
1337022,50,region_drop_10pct,0.9668465690053971,688,67.09707641601562,65.54427337646484
1337022,50,region_drop_25pct,0.9398612181958366,1248,67.09707641601562,67.6271743774414
1337022,50,region_drop_50pct,0.5273708558211256,9808,67.09707641601562,64.2567367553711
1337022,50,blur_rethresh,0.9419296491979627,1220,67.09707641601562,67.08011627197266
1337022,100,dilate_r1,0.656763096168882,13170,65.81934356689453,66.033447265625
1337022,100,dilate_r2,0.4985754985754986,25344,65.81934356689453,66.41759490966797
1337022,100,erode_r1,0.5153174603174603,12214,65.81934356689453,65.70187377929688
1337022,100,erode_r2,0.14603174603174604,21520,65.81934356689453,64.1435775756836
1337022,100,region_drop_10pct,0.9815873015873016,464,65.81934356689453,66.23213958740234
1337022,100,region_drop_25pct,0.9815873015873016,464,65.81934356689453,66.06844329833984
1337022,100,region_drop_50pct,0.1365079365079365,21760,65.81934356689453,71.01266479492188
1337022,100,blur_rethresh,0.9449119526258376,1414,65.81934356689453,65.75637817382812
1356026,1,dilate_r1,0.5730180806675939,1228,100.98221588134766,101.8438491821289
1356026,1,dilate_r2,0.39615384615384613,2512,100.98221588134766,102.15625
1356026,1,erode_r1,0.3883495145631068,1008,100.98221588134766,98.4221420288086
1356026,1,erode_r2,0.009708737864077669,1632,100.98221588134766,0.5126701593399048
1356026,1,region_drop_10pct,1.0,0,100.98221588134766,100.98221588134766
1356026,1,region_drop_25pct,0.7864077669902912,352,100.98221588134766,107.52649688720703
1356026,1,region_drop_50pct,0.1941747572815534,1328,100.98221588134766,55.216224670410156
1356026,1,blur_rethresh,0.933252427184466,110,100.98221588134766,100.45075988769531
1356026,3,dilate_r1,0.5779967159277504,2570,99.86480712890625,100.60237121582031
1356026,3,dilate_r2,0.3989120580235721,5304,99.86480712890625,100.42286682128906
1356026,3,erode_r1,0.4005681818181818,2110,99.86480712890625,97.1019287109375
1356026,3,erode_r2,0.015909090909090907,3464,99.86480712890625,28.924386978149414
1356026,3,region_drop_10pct,0.8954545454545455,368,99.86480712890625,94.03324890136719
1356026,3,region_drop_25pct,0.9090909090909091,320,99.86480712890625,100.90495300292969
1356026,3,region_drop_50pct,0.22272727272727272,2736,99.86480712890625,115.77484893798828
1356026,3,blur_rethresh,0.9335604770017035,234,99.86480712890625,99.52782440185547
1356026,5,dilate_r1,0.5736157182954835,3342,99.5331802368164,99.68694305419922
1356026,5,dilate_r2,0.3952180028129395,6880,99.5331802368164,99.23187255859375
1356026,5,erode_r1,0.3927935943060498,2730,99.5331802368164,98.0850601196289
1356026,5,erode_r2,0.014234875444839857,4432,99.5331802368164,40.50039291381836
1356026,5,region_drop_10pct,0.9217081850533808,352,99.5331802368164,97.9195556640625
1356026,5,region_drop_25pct,0.7900355871886121,944,99.5331802368164,103.24468231201172
1356026,5,region_drop_50pct,0.5160142348754448,2176,99.5331802368164,106.66651153564453
1356026,5,blur_rethresh,0.9306512558346299,312,99.5331802368164,99.47198486328125
1356026,10,dilate_r1,0.5834586466165413,5540,98.02578735351562,97.94689178466797
1356026,10,dilate_r2,0.4051796157059315,11392,98.02578735351562,97.6778793334961
1356026,10,erode_r1,0.41030927835051545,4576,98.02578735351562,97.87125396728516
1356026,10,erode_r2,0.0288659793814433,7536,98.02578735351562,98.27013397216797
1356026,10,region_drop_10pct,0.8927835051546392,832,98.02578735351562,96.9885482788086
1356026,10,region_drop_25pct,0.709278350515464,2256,98.02578735351562,95.4052505493164
1356026,10,region_drop_50pct,0.3979381443298969,4672,98.02578735351562,97.26364135742188
1356026,10,blur_rethresh,0.935890834191555,498,98.02578735351562,97.97600555419922
1356026,25,dilate_r1,0.6019727571629874,8474,91.34181213378906,92.19932556152344
1356026,25,dilate_r2,0.42538502389803506,17312,91.34181213378906,92.56552124023438
1356026,25,erode_r1,0.4436641697877653,7130,91.34181213378906,88.9517593383789
1356026,25,erode_r2,0.0686641697877653,11936,91.34181213378906,67.29956817626953
1356026,25,region_drop_10pct,0.920099875156055,1024,91.34181213378906,95.31612396240234
1356026,25,region_drop_25pct,0.818976279650437,2320,91.34181213378906,93.3912353515625
1356026,25,region_drop_50pct,0.5093632958801498,6288,91.34181213378906,77.46379852294922
1356026,25,blur_rethresh,0.9383396753902307,794,91.34181213378906,91.01176452636719
1356026,50,dilate_r1,0.6381749500037034,9770,88.28692626953125,90.06898498535156
1356026,50,dilate_r2,0.4703056768558952,19408,88.28692626953125,91.11753845214844
1356026,50,erode_r1,0.4947771587743733,8706,88.28692626953125,84.65634155273438
1356026,50,erode_r2,0.12070566388115135,15152,88.28692626953125,68.17686462402344
1356026,50,region_drop_10pct,0.9767873723305478,400,88.28692626953125,88.63890838623047
1356026,50,region_drop_25pct,0.8867223769730733,1952,88.28692626953125,82.46253204345703
1356026,50,region_drop_50pct,0.30269266480965645,12016,88.28692626953125,97.2715835571289
1356026,50,blur_rethresh,0.9444157927912441,970,88.28692626953125,87.7438735961914
1356026,100,dilate_r1,0.6757217764861962,10266,87.70515441894531,90.17074584960938
1356026,100,dilate_r2,0.5186190845616757,19856,87.70515441894531,91.80331420898438
1356026,100,erode_r1,0.5487097980553478,9654,87.70515441894531,83.20665740966797
1356026,100,erode_r2,0.1862378459237098,17408,87.70515441894531,70.30337524414062
1356026,100,region_drop_10pct,0.9977561705310396,48,87.70515441894531,87.69013977050781
1356026,100,region_drop_25pct,0.2543006731488407,15952,87.70515441894531,99.61589050292969
1356026,100,region_drop_50pct,0.768885564697083,4944,87.70515441894531,78.62100219726562
1356026,100,blur_rethresh,0.9479959644134642,1134,87.70515441894531,87.12442779541016
1363025,1,dilate_r1,0.5549738219895288,1360,11.244861602783203,12.434606552124023
1363025,1,dilate_r2,0.3778966131907308,2792,11.244861602783203,13.30665397644043
1363025,1,erode_r1,0.36556603773584906,1076,11.244861602783203,10.3221435546875
1363025,1,erode_r2,0.02358490566037736,1656,11.244861602783203,8.295306205749512
1363025,1,region_drop_10pct,0.9339622641509434,112,11.244861602783203,11.039446830749512
1363025,1,region_drop_25pct,0.7735849056603774,384,11.244861602783203,11.545451164245605
1363025,1,region_drop_50pct,0.4339622641509434,960,11.244861602783203,10.68680191040039
1363025,1,blur_rethresh,0.9162735849056604,142,11.244861602783203,10.807430267333984
1363025,3,dilate_r1,0.5754791283801522,3234,28.19991683959961,28.8283634185791
1363025,3,dilate_r2,0.3991260014566642,6600,28.19991683959961,30.01934051513672
1363025,3,erode_r1,0.4000912408759124,2630,28.19991683959961,27.826833724975586
1363025,3,erode_r2,0.04562043795620438,4184,28.19991683959961,11.027470588684082
1363025,3,region_drop_10pct,0.8321167883211679,736,28.19991683959961,31.108905792236328
1363025,3,region_drop_25pct,0.8503649635036497,656,28.19991683959961,30.523069381713867
1363025,3,region_drop_50pct,0.39416058394160586,2656,28.19991683959961,18.34714126586914
1363025,3,blur_rethresh,0.930672748004561,304,28.19991683959961,28.22740364074707
1363025,5,dilate_r1,0.5747689986799924,4510,39.71202850341797,41.1566162109375
1363025,5,dilate_r2,0.39708181344450233,9256,39.71202850341797,42.95270919799805
1363025,5,erode_r1,0.401246719160105,3650,39.71202850341797,38.24412155151367
1363025,5,erode_r2,0.045931758530183726,5816,39.71202850341797,14.551081657409668
1363025,5,region_drop_10pct,0.8766404199475065,752,39.71202850341797,41.587623596191406
1363025,5,region_drop_25pct,0.8267716535433071,1056,39.71202850341797,43.67286682128906
1363025,5,region_drop_50pct,0.5091863517060368,2992,39.71202850341797,48.2751350402832
1363025,5,blur_rethresh,0.9278806752991313,440,39.71202850341797,39.46125793457031
1363025,10,dilate_r1,0.5772164561710641,6762,51.36261749267578,52.85893249511719
1363025,10,dilate_r2,0.39903181189488246,13904,51.36261749267578,54.379581451416016
1363025,10,erode_r1,0.4035961871750433,5506,51.36261749267578,49.00392150878906
1363025,10,erode_r2,0.038128249566724434,8880,51.36261749267578,22.22565460205078
1363025,10,region_drop_10pct,0.8405545927209706,1472,51.36261749267578,47.9972038269043
1363025,10,region_drop_25pct,0.7764298093587522,2064,51.36261749267578,56.25276565551758
1363025,10,region_drop_50pct,0.4488734835355286,5088,51.36261749267578,49.142417907714844
1363025,10,blur_rethresh,0.9259259259259259,686,51.36261749267578,50.890533447265625
1363025,25,dilate_r1,0.5892810261410945,10951,68.04741668701172,67.81965637207031
1363025,25,dilate_r2,0.4136042960935032,22276,68.04741668701172,67.80330657958984
1363025,25,erode_r1,0.4197428716904277,9117,68.04741668701172,68.67059326171875
1363025,25,erode_r2,0.04913441955193483,14940,68.04741668701172,75.85834503173828
1363025,25,region_drop_10pct,0.869653767820774,2048,68.04741668701172,64.1805191040039
1363025,25,region_drop_25pct,0.8727087576374746,2000,68.04741668701172,67.65589141845703
1363025,25,region_drop_50pct,0.5285132382892057,7408,68.04741668701172,69.82637023925781
1363025,25,blur_rethresh,0.9282599077175906,1135,68.04741668701172,68.03145599365234
1363025,50,dilate_r1,0.62435602323797,13708,68.52522277832031,68.29029846191406
1363025,50,dilate_r2,0.4588367971644917,26872,68.52522277832031,68.14815521240234
1363025,50,erode_r1,0.4647120786516854,12196,68.52522277832031,68.83560180664062
1363025,50,erode_r2,0.0860252808988764,20824,68.52522277832031,69.93766021728516
1363025,50,region_drop_10pct,0.9943820224719101,128,68.52522277832031,68.64549255371094
1363025,50,region_drop_25pct,0.9543539325842697,1040,68.52522277832031,68.58065795898438
1363025,50,region_drop_50pct,0.13834269662921347,19632,68.52522277832031,67.40373229980469
1363025,50,blur_rethresh,0.9363927059026877,1472,68.52522277832031,68.62235260009766
1363025,100,dilate_r1,0.6913400182315406,13544,68.80912017822266,68.59405517578125
1363025,100,dilate_r2,0.549724557842853,24848,68.80912017822266,68.33293151855469
1363025,100,erode_r1,0.5507647679324894,13628,68.80912017822266,68.85608673095703
1363025,100,erode_r2,0.169831223628692,25184,68.80912017822266,67.75643920898438
1363025,100,region_drop_10pct,0.9973628691983122,80,68.80912017822266,68.85407257080078
1363025,100,region_drop_25pct,0.9978902953586498,64,68.80912017822266,68.8232421875
1363025,100,region_drop_50pct,0.994198312236287,176,68.80912017822266,68.80557250976562
1363025,100,blur_rethresh,0.9479594455852156,1622,68.80912017822266,68.8302993774414
1363026,1,dilate_r1,0.5951448707909162,1034,84.06816101074219,84.0295639038086
1363026,1,dilate_r2,0.42035398230088494,2096,84.06816101074219,83.46591186523438
1363026,1,erode_r1,0.42236842105263156,878,84.06816101074219,84.35498046875
1363026,1,erode_r2,0.031578947368421054,1472,84.06816101074219,101.6940689086914
1363026,1,region_drop_10pct,1.0,0,84.06816101074219,84.06816101074219
1363026,1,region_drop_25pct,0.8210526315789474,272,84.06816101074219,95.46469116210938
1363026,1,region_drop_50pct,0.6210526315789474,576,84.06816101074219,8.272500038146973
1363026,1,blur_rethresh,0.9474030243261012,80,84.06816101074219,84.08963012695312
1363026,3,dilate_r1,0.5966547847545928,2942,49.73756790161133,49.949378967285156
1363026,3,dilate_r2,0.41975308641975306,6016,49.73756790161133,50.292110443115234
1363026,3,erode_r1,0.4296875,2482,49.73756790161133,49.901790618896484
1363026,3,erode_r2,0.04044117647058824,4176,49.73756790161133,69.34060668945312
1363026,3,region_drop_10pct,0.9154411764705882,368,49.73756790161133,52.99254608154297
1363026,3,region_drop_25pct,0.6691176470588235,1440,49.73756790161133,30.520723342895508
1363026,3,region_drop_50pct,0.5257352941176471,2064,49.73756790161133,67.5721664428711
1363026,3,blur_rethresh,0.9467034229267172,232,49.73756790161133,49.68256759643555
1363026,5,dilate_r1,0.5954088952654233,4512,67.64007568359375,67.12633514404297
1363026,5,dilate_r2,0.41876892028254287,9216,67.64007568359375,66.48880767822266
1363026,5,erode_r1,0.4271084337349398,3804,67.64007568359375,67.9566650390625
1363026,5,erode_r2,0.03855421686746988,6384,67.64007568359375,77.59182739257812
1363026,5,region_drop_10pct,0.9325301204819277,448,67.64007568359375,69.60371398925781
1363026,5,region_drop_25pct,0.8265060240963855,1152,67.64007568359375,67.6888198852539
1363026,5,region_drop_50pct,0.5277108433734939,3136,67.64007568359375,65.2462387084961
1363026,5,blur_rethresh,0.9434671477973237,376,67.64007568359375,67.81737518310547
1363026,10,dilate_r1,0.5984455958549223,7440,60.781272888183594,61.56536865234375
1363026,10,dilate_r2,0.42398286937901497,15064,60.781272888183594,62.37574005126953
1363026,10,erode_r1,0.4310966810966811,6308,60.781272888183594,59.814971923828125
1363026,10,erode_r2,0.049783549783549784,10536,60.781272888183594,61.98027801513672
1363026,10,region_drop_10pct,0.8528138528138528,1632,60.781272888183594,56.580894470214844
1363026,10,region_drop_25pct,0.862914862914863,1520,60.781272888183594,64.80457305908203
1363026,10,region_drop_50pct,0.5901875901875901,4544,60.781272888183594,42.18260955810547
1363026,10,blur_rethresh,0.9433453237410072,630,60.781272888183594,60.55278778076172
1363026,25,dilate_r1,0.6200786728236702,11107,61.83258056640625,63.07460403442383
1363026,25,dilate_r2,0.44973702490820683,22180,61.83258056640625,64.26284790039062
1363026,25,erode_r1,0.46574360105913504,9685,61.83258056640625,60.08636474609375
1363026,25,erode_r2,0.09024713150926743,16492,61.83258056640625,56.95870590209961
1363026,25,region_drop_10pct,0.8852603706972639,2080,61.83258056640625,58.21217346191406
1363026,25,region_drop_25pct,0.8684907325684025,2384,61.83258056640625,64.57658386230469
1363026,25,region_drop_50pct,0.43777581641659313,10192,61.83258056640625,52.68156433105469
1363026,25,blur_rethresh,0.9471377704738427,965,61.83258056640625,61.4340934753418
1363026,50,dilate_r1,0.6527173461186708,12531,63.425697326660156,64.82147216796875
1363026,50,dilate_r2,0.4911987986985901,24396,63.425697326660156,66.12733459472656
1363026,50,erode_r1,0.5111667798913043,11513,63.425697326660156,61.11297607421875
1363026,50,erode_r2,0.1370584239130435,20324,63.425697326660156,52.28366470336914
1363026,50,region_drop_10pct,0.9755434782608695,576,63.425697326660156,62.15641403198242
1363026,50,region_drop_25pct,0.17391304347826086,19456,63.425697326660156,85.06759643554688
1363026,50,region_drop_50pct,0.12567934782608695,20592,63.425697326660156,82.33855438232422
1363026,50,blur_rethresh,0.9494184587063844,1209,63.425697326660156,62.97383117675781
1363026,100,dilate_r1,0.7002145023299391,12159,63.181854248046875,65.13199615478516
1363026,100,dilate_r2,0.5545575255799422,22812,63.181854248046875,66.90963745117188
1363026,100,erode_r1,0.5765845070422535,12025,63.181854248046875,60.78575134277344
1363026,100,erode_r2,0.21563380281690142,22276,63.181854248046875,57.25332260131836
1363026,100,region_drop_10pct,0.9949295774647887,144,63.181854248046875,62.50909423828125
1363026,100,region_drop_25pct,0.9909859154929578,256,63.181854248046875,63.21158981323242
1363026,100,region_drop_50pct,0.025915492957746478,27664,63.181854248046875,92.91962432861328
1363026,100,blur_rethresh,0.954894731401399,1309,63.181854248046875,62.62665557861328
1373026,1,dilate_r1,0.7214854111405835,1260,10.048632621765137,13.69388198852539
1373026,1,dilate_r2,0.5612104539202201,2552,10.048632621765137,16.865272521972656
1373026,1,erode_r1,0.6348039215686274,1192,10.048632621765137,5.334863662719727
1373026,1,erode_r2,0.3014705882352941,2280,10.048632621765137,0.7292616367340088
1373026,1,region_drop_10pct,1.0,0,10.048632621765137,10.048632621765137
1373026,1,region_drop_25pct,0.38235294117647056,2016,10.048632621765137,22.813053131103516
1373026,1,region_drop_50pct,0.3480392156862745,2128,10.048632621765137,13.308371543884277
1373026,1,blur_rethresh,0.9883649724433557,38,10.048632621765137,8.970070838928223
1373026,3,dilate_r1,0.6685032139577594,2888,79.97216033935547,81.03950500488281
1373026,3,dilate_r2,0.4942294636795655,5960,79.97216033935547,80.7157974243164
1373026,3,erode_r1,0.5521978021978022,2608,79.97216033935547,74.43010711669922
1373026,3,erode_r2,0.16895604395604397,4840,79.97216033935547,0.7292616367340088
1373026,3,region_drop_10pct,0.989010989010989,64,79.97216033935547,79.74105072021484
1373026,3,region_drop_25pct,0.8846153846153846,672,79.97216033935547,82.56973266601562
1373026,3,region_drop_50pct,0.782967032967033,1264,79.97216033935547,75.38996887207031
1373026,3,blur_rethresh,0.9752832131822863,144,79.97216033935547,79.90755462646484
1373026,5,dilate_r1,0.6567796610169492,3888,85.0333480834961,84.23881530761719
1373026,5,dilate_r2,0.4816157431382703,8008,85.0333480834961,82.9253921508789
1373026,5,erode_r1,0.5311827956989247,3488,85.0333480834961,83.59611511230469
1373026,5,erode_r2,0.13870967741935483,6408,85.0333480834961,21.329633712768555
1373026,5,region_drop_10pct,0.8408602150537634,1184,85.0333480834961,84.17328643798828
1373026,5,region_drop_25pct,0.8946236559139785,784,85.0333480834961,85.57844543457031
1373026,5,region_drop_50pct,0.7247311827956989,2048,85.0333480834961,77.23841857910156
1373026,5,blur_rethresh,0.9704697986577181,220,85.0333480834961,85.27421569824219
1373026,10,dilate_r1,0.6682158533436613,5140,83.7872543334961,82.18745422363281
1373026,10,dilate_r2,0.4971187091817134,10472,83.7872543334961,80.77497863769531
1373026,10,erode_r1,0.5467542503863988,4692,83.7872543334961,85.24998474121094
1373026,10,erode_r2,0.1615146831530139,8680,83.7872543334961,75.62129211425781
1373026,10,region_drop_10pct,0.9598145285935085,416,83.7872543334961,84.24182891845703
1373026,10,region_drop_25pct,0.7078825347758887,3024,83.7872543334961,83.44630432128906
1373026,10,region_drop_50pct,0.7187017001545595,2912,83.7872543334961,85.17745208740234
1373026,10,blur_rethresh,0.9680953296175283,332,83.7872543334961,84.15272521972656
1373026,25,dilate_r1,0.6880921419282928,6716,76.66191101074219,75.82823181152344
1373026,25,dilate_r2,0.5221313786298281,13560,76.66191101074219,75.38748168945312
1373026,25,erode_r1,0.5807235421166307,6212,76.66191101074219,77.87693786621094
1373026,25,erode_r2,0.22084233261339092,11544,76.66191101074219,80.60960388183594
1373026,25,region_drop_10pct,0.9892008639308856,160,76.66191101074219,76.76972961425781
1373026,25,region_drop_25pct,0.787257019438445,3152,76.66191101074219,74.00550079345703
1373026,25,region_drop_50pct,0.37365010799136067,9280,76.66191101074219,78.78965759277344
1373026,25,blur_rethresh,0.9620675838119407,568,76.66191101074219,76.91104888916016
1373026,50,dilate_r1,0.7269114668908334,7147,71.08159637451172,71.89545440673828
1373026,50,dilate_r2,0.5775349119611415,13916,71.08159637451172,73.25296020507812
1373026,50,erode_r1,0.6303090832632464,7033,71.08159637451172,70.83915710449219
1373026,50,erode_r2,0.2924726661059714,13460,71.08159637451172,71.22895812988281
1373026,50,region_drop_10pct,0.9983179142136249,32,71.08159637451172,71.1033706665039
1373026,50,region_drop_25pct,0.2127838519764508,14976,71.08159637451172,73.09788513183594
1373026,50,region_drop_50pct,0.31118587047939444,13104,71.08159637451172,63.97299575805664
1373026,50,blur_rethresh,0.963359173126615,709,71.08159637451172,70.92797088623047
1373026,100,dilate_r1,0.7761864262629699,6579,68.21057891845703,70.74844360351562
1373026,100,dilate_r2,0.6473726024287823,12428,68.21057891845703,73.48233032226562
1373026,100,erode_r1,0.698062762973352,6889,68.21057891845703,65.50782012939453
1373026,100,erode_r2,0.4009467040673212,13668,68.21057891845703,61.94210433959961
1373026,100,region_drop_10pct,1.0,0,68.21057891845703,68.21057891845703
1373026,100,region_drop_25pct,0.9992987377279102,16,68.21057891845703,68.219482421875
1373026,100,region_drop_50pct,0.13674614305750352,19696,68.21057891845703,1.1455029249191284
1373026,100,blur_rethresh,0.9711136940892849,671,68.21057891845703,67.90705871582031
138022,1,dilate_r1,0.5776424532405393,971,8.546557426452637,9.55008602142334
138022,1,dilate_r2,0.3985594237695078,2004,8.546557426452637,11.399658203125
138022,1,erode_r1,0.4088855421686747,785,8.546557426452637,7.793199062347412
138022,1,erode_r2,0.05120481927710843,1260,8.546557426452637,3.7586328983306885
138022,1,region_drop_10pct,1.0,0,8.546557426452637,8.546557426452637
138022,1,region_drop_25pct,0.927710843373494,96,8.546557426452637,7.949559688568115
138022,1,region_drop_50pct,0.4819277108433735,688,8.546557426452637,9.893522262573242
138022,1,blur_rethresh,0.9299698795180723,93,8.546557426452637,8.328243255615234
138022,3,dilate_r1,0.5853927930415573,3003,32.874454498291016,33.976112365722656
138022,3,dilate_r2,0.40816326530612246,6148,32.874454498291016,34.99906921386719
138022,3,erode_r1,0.41674528301886793,2473,32.874454498291016,30.829570770263672
138022,3,erode_r2,0.05,4028,32.874454498291016,17.71815299987793
138022,3,region_drop_10pct,0.9245283018867925,320,32.874454498291016,33.93803405761719
138022,3,region_drop_25pct,0.8754716981132076,528,32.874454498291016,35.886173248291016
138022,3,region_drop_50pct,0.3584905660377358,2720,32.874454498291016,52.46544647216797
138022,3,blur_rethresh,0.9333960931983997,283,32.874454498291016,32.47998046875
138022,5,dilate_r1,0.5851484145476649,4095,38.9352912902832,40.628509521484375
138022,5,dilate_r2,0.40779440835922054,8388,38.9352912902832,42.84527587890625
138022,5,erode_r1,0.4153393351800554,3377,38.9352912902832,37.017391204833984
138022,5,erode_r2,0.045013850415512466,5516,38.9352912902832,25.563261032104492
138022,5,region_drop_10pct,0.9030470914127424,560,38.9352912902832,41.160221099853516
138022,5,region_drop_25pct,0.5789473684210527,2432,38.9352912902832,47.458011627197266
138022,5,region_drop_50pct,0.6398891966759003,2080,38.9352912902832,34.25358963012695
138022,5,blur_rethresh,0.933828610919143,383,38.9352912902832,38.457523345947266
138022,10,dilate_r1,0.5912760127379101,5519,58.24063491821289,59.25666046142578
138022,10,dilate_r2,0.4145379023883697,11276,58.24063491821289,60.555171966552734
138022,10,erode_r1,0.42221943887775554,4613,58.24063491821289,57.50035095214844
138022,10,erode_r2,0.04158316633266533,7652,58.24063491821289,51.27653121948242
138022,10,region_drop_10pct,0.9438877755511023,448,58.24063491821289,52.049461364746094
138022,10,region_drop_25pct,0.5831663326653307,3328,58.24063491821289,55.74811553955078
138022,10,region_drop_50pct,0.5551102204408818,3552,58.24063491821289,58.50940704345703
138022,10,blur_rethresh,0.9362286284787221,511,58.24063491821289,58.005043029785156
138022,25,dilate_r1,0.6291435389324065,7149,62.43302536010742,62.74195098876953
138022,25,dilate_r2,0.46002124108632986,14236,62.43302536010742,63.47802734375
138022,25,erode_r1,0.48161279683377306,6287,62.43302536010742,63.38291931152344
138022,25,erode_r2,0.11048812664907652,10788,62.43302536010742,73.47163391113281
138022,25,region_drop_10pct,0.9802110817941952,240,62.43302536010742,63.07597351074219
138022,25,region_drop_25pct,0.8825857519788918,1424,62.43302536010742,63.1136360168457
138022,25,region_drop_50pct,0.24142480211081793,9200,62.43302536010742,84.18433380126953
138022,25,blur_rethresh,0.9415695542335588,717,62.43302536010742,62.20576858520508
138022,50,dilate_r1,0.6635218835883342,8203,63.79901885986328,65.17289733886719
138022,50,dilate_r2,0.5036741810935359,15940,63.79901885986328,66.87864685058594
138022,50,erode_r1,0.529364490603363,7613,63.79901885986328,63.11906051635742
138022,50,erode_r2,0.16048466864490604,13580,63.79901885986328,66.23683166503906
138022,50,region_drop_10pct,0.8427299703264095,2544,63.79901885986328,53.211395263671875
138022,50,region_drop_25pct,0.2324431256181998,12416,63.79901885986328,83.23351287841797
138022,50,region_drop_50pct,0.8951533135509396,1696,63.79901885986328,66.03305053710938
138022,50,blur_rethresh,0.9448522720378572,909,63.79901885986328,63.33409118652344
138022,100,dilate_r1,0.7168157618340516,7819,64.34791564941406,65.70166015625
138022,100,dilate_r2,0.5728841032766007,14756,64.34791564941406,67.4466323852539
138022,100,erode_r1,0.6121160064672595,7677,64.34791564941406,63.88894271850586
138022,100,erode_r2,0.28314470493128535,14188,64.34791564941406,63.53464126586914
138022,100,region_drop_10pct,0.9959579628132579,80,64.34791564941406,64.41736602783203
138022,100,region_drop_25pct,0.9878738884397736,240,64.34791564941406,64.57762908935547
138022,100,region_drop_50pct,0.016168148746968473,19472,64.34791564941406,58.163002014160156
138022,100,blur_rethresh,0.9533814514534309,943,64.34791564941406,63.99532699584961
1397026,1,dilate_r1,0.6412320616030801,2050,42.093955993652344,45.67557907104492
1397026,1,dilate_r2,0.4663951120162933,4192,42.093955993652344,48.264713287353516
1397026,1,erode_r1,0.5212882096069869,1754,42.093955993652344,34.15755081176758
1397026,1,erode_r2,0.17903930131004367,3008,42.093955993652344,0.017137816175818443
1397026,1,region_drop_10pct,0.9344978165938864,240,42.093955993652344,44.12181854248047
1397026,1,region_drop_25pct,0.7161572052401747,1040,42.093955993652344,41.96356964111328
1397026,1,region_drop_50pct,0.4585152838427948,1984,42.093955993652344,44.713016510009766
1397026,1,blur_rethresh,0.9596069868995634,148,42.093955993652344,41.317413330078125
1397026,3,dilate_r1,0.6130443050009508,4070,59.80389404296875,60.63892364501953
1397026,3,dilate_r2,0.43286788399570353,8448,59.80389404296875,61.342994689941406
1397026,3,erode_r1,0.47549627791563276,3382,59.80389404296875,56.37789535522461
1397026,3,erode_r2,0.11662531017369727,5696,59.80389404296875,14.442933082580566
1397026,3,region_drop_10pct,0.9404466501240695,384,59.80389404296875,61.716285705566406
1397026,3,region_drop_25pct,0.7022332506203474,1920,59.80389404296875,63.43588638305664
1397026,3,region_drop_50pct,0.4466501240694789,3568,59.80389404296875,50.61637878417969
1397026,3,blur_rethresh,0.9451417945141795,354,59.80389404296875,59.51062774658203
1397026,5,dilate_r1,0.6075806678878399,5570,66.25679016113281,66.38103485107422
1397026,5,dilate_r2,0.4274385408406027,11552,66.25679016113281,66.252685546875
1397026,5,erode_r1,0.46219851576994436,4638,66.25679016113281,64.11111450195312
1397026,5,erode_r2,0.09276437847866419,7824,66.25679016113281,19.589378356933594
1397026,5,region_drop_10pct,0.8682745825602969,1136,66.25679016113281,69.70895385742188
1397026,5,region_drop_25pct,0.7161410018552876,2448,66.25679016113281,66.39006805419922
1397026,5,region_drop_50pct,0.4805194805194805,4480,66.25679016113281,66.56301879882812
1397026,5,blur_rethresh,0.9416869142658799,504,66.25679016113281,66.16675567626953
1397026,10,dilate_r1,0.6141791044776119,8272,65.81974792480469,65.5110092163086
1397026,10,dilate_r2,0.43637327677624604,17008,65.81974792480469,65.01886749267578
1397026,10,erode_r1,0.46871202916160387,6996,65.81974792480469,64.94151306152344
1397026,10,erode_r2,0.0959902794653706,11904,65.81974792480469,53.161991119384766
1397026,10,region_drop_10pct,0.9465370595382746,704,65.81974792480469,65.80026245117188
1397026,10,region_drop_25pct,0.6573511543134872,4512,65.81974792480469,68.71102142333984
1397026,10,region_drop_50pct,0.4532199270959903,7200,65.81974792480469,65.30564880371094
1397026,10,blur_rethresh,0.9390326718478835,808,65.81974792480469,65.89386749267578
1397026,25,dilate_r1,0.6479621290844013,12196,63.99075698852539,63.659942626953125
1397026,25,dilate_r2,0.47875789114485584,24440,63.99075698852539,63.27681350708008
1397026,25,erode_r1,0.5155024946543122,10876,63.99075698852539,63.903194427490234
1397026,25,erode_r2,0.14647184604419103,19160,63.99075698852539,64.93901824951172
1397026,25,region_drop_10pct,0.9907341411261582,208,63.99075698852539,64.22425842285156
1397026,25,region_drop_25pct,0.8880969351389879,2512,63.99075698852539,62.72071075439453
1397026,25,region_drop_50pct,0.7918745545260156,4672,63.99075698852539,62.61928939819336
1397026,25,blur_rethresh,0.9404307584331272,1358,63.99075698852539,64.0404052734375
1397026,50,dilate_r1,0.7131646239308703,13012,62.11629104614258,62.40896987915039
1397026,50,dilate_r2,0.5722371586245932,24184,62.11629104614258,62.67481231689453
1397026,50,erode_r1,0.5913699307616221,13220,62.11629104614258,61.46757888793945
1397026,50,erode_r2,0.22675568743818003,25016,62.11629104614258,61.26076889038086
1397026,50,region_drop_10pct,1.0,0,62.11629104614258,62.11629104614258
1397026,50,region_drop_25pct,0.9990108803165183,32,62.11629104614258,62.123104095458984
1397026,50,region_drop_50pct,0.9955489614243324,144,62.11629104614258,62.16270065307617
1397026,50,blur_rethresh,0.9515779330281859,1608,62.11629104614258,62.03459930419922
1397026,100,dilate_r1,0.8275347170374795,9240,61.593753814697266,62.30645751953125
1397026,100,dilate_r2,0.7392290249433107,15640,61.593753814697266,62.75615310668945
1397026,100,erode_r1,0.7528870443883074,10956,61.593753814697266,60.35863494873047
1397026,100,erode_r2,0.4924215084806929,22504,61.593753814697266,58.64013671875
1397026,100,region_drop_10pct,1.0,0,61.593753814697266,61.593753814697266
1397026,100,region_drop_25pct,1.0,0,61.593753814697266,61.593753814697266
1397026,100,region_drop_50pct,0.0007217610970768675,44304,61.593753814697266,54.985137939453125
1397026,100,blur_rethresh,0.9686441796033247,1426,61.593753814697266,61.57572937011719
1403025,1,dilate_r1,0.5493030459473413,1746,38.70979309082031,38.64979553222656
1403025,1,dilate_r2,0.37047353760445684,3616,38.70979309082031,38.60978317260742
1403025,1,erode_r1,0.3580827067669173,1366,38.70979309082031,38.7530403137207
1403025,1,erode_r2,0.015037593984962405,2096,38.70979309082031,42.46443176269531
1403025,1,region_drop_10pct,0.9097744360902256,192,38.70979309082031,36.4720573425293
1403025,1,region_drop_25pct,0.8195488721804511,384,38.70979309082031,41.451171875
1403025,1,region_drop_50pct,0.3609022556390977,1360,38.70979309082031,46.713958740234375
1403025,1,blur_rethresh,0.9107142857142857,190,38.70979309082031,38.67085266113281
1403025,3,dilate_r1,0.5644434913146044,4062,50.01169967651367,50.09757995605469
1403025,3,dilate_r2,0.38569753810082064,8384,50.01169967651367,49.9569091796875
1403025,3,erode_r1,0.381838905775076,3254,50.01169967651367,49.6595458984375
1403025,3,erode_r2,0.02127659574468085,5152,50.01169967651367,37.46887969970703
1403025,3,region_drop_10pct,0.9604863221884499,208,50.01169967651367,50.809051513671875
1403025,3,region_drop_25pct,0.7720364741641338,1200,50.01169967651367,47.36275100708008
1403025,3,region_drop_50pct,0.3860182370820669,3232,50.01169967651367,43.2524528503418
1403025,3,blur_rethresh,0.9210626185958254,416,50.01169967651367,49.93132019042969
1403025,5,dilate_r1,0.5716816772478961,5802,50.562049865722656,50.439510345458984
1403025,5,dilate_r2,0.39333604225924423,11944,50.562049865722656,50.157508850097656
1403025,5,erode_r1,0.39333677685950413,4698,50.562049865722656,50.65078353881836
1403025,5,erode_r2,0.027892561983471075,7528,50.562049865722656,47.23093795776367
1403025,5,region_drop_10pct,0.9152892561983471,656,50.562049865722656,51.55088806152344
1403025,5,region_drop_25pct,0.7396694214876033,2016,50.562049865722656,50.7852668762207
1403025,5,region_drop_50pct,0.4152892561983471,4528,50.562049865722656,50.53398513793945
1403025,5,blur_rethresh,0.9232552150399176,596,50.562049865722656,50.64421081542969
1403025,10,dilate_r1,0.5780301546896417,8620,50.46479034423828,50.48636245727539
1403025,10,dilate_r2,0.4001084304689618,17704,50.46479034423828,50.353126525878906
1403025,10,erode_r1,0.4010840108401084,7072,50.46479034423828,50.46247482299805
1403025,10,erode_r2,0.025067750677506776,11512,50.46479034423828,45.9777717590332
1403025,10,region_drop_10pct,0.94579945799458,640,50.46479034423828,49.781394958496094
1403025,10,region_drop_25pct,0.8306233062330624,2000,50.46479034423828,48.980743408203125
1403025,10,region_drop_50pct,0.5880758807588076,4864,50.46479034423828,46.589141845703125
1403025,10,blur_rethresh,0.9275949367088607,858,50.46479034423828,50.54037094116211
1403025,25,dilate_r1,0.6168799611210108,11825,48.35881423950195,48.7692985534668
1403025,25,dilate_r2,0.4451510333863275,23732,48.35881423950195,48.99860763549805
1403025,25,erode_r1,0.46475840336134455,10191,48.35881423950195,47.33898162841797
1403025,25,erode_r2,0.09684873949579832,17196,48.35881423950195,40.26311111450195
1403025,25,region_drop_10pct,0.9697478991596639,576,48.35881423950195,48.556148529052734
1403025,25,region_drop_25pct,0.5680672268907563,8224,48.35881423950195,47.039390563964844
1403025,25,region_drop_50pct,0.45966386554621846,10288,48.35881423950195,45.61716079711914
1403025,25,blur_rethresh,0.9361425750805362,1229,48.35881423950195,48.28893280029297
1403025,50,dilate_r1,0.666042462737556,13197,48.60601806640625,49.06503677368164
1403025,50,dilate_r2,0.5094062088720291,25348,48.60601806640625,49.4027099609375
1403025,50,erode_r1,0.5302811550151976,12363,48.60601806640625,47.844947814941406
1403025,50,erode_r2,0.16367781155015199,22012,48.60601806640625,45.76789474487305
1403025,50,region_drop_10pct,0.9975683890577508,64,48.60601806640625,48.646915435791016
1403025,50,region_drop_25pct,0.9404255319148936,1568,48.60601806640625,49.10908126831055
1403025,50,region_drop_50pct,0.8632218844984803,3600,48.60601806640625,49.37358474731445
1403025,50,blur_rethresh,0.9462229344463906,1443,48.60601806640625,48.49802017211914
1403025,100,dilate_r1,0.7310066939624358,12417,49.571571350097656,49.708553314208984
1403025,100,dilate_r2,0.5984251968503937,22644,49.571571350097656,49.7197151184082
1403025,100,erode_r1,0.6260372214319583,12619,49.571571350097656,49.23719787597656
1403025,100,erode_r2,0.3050023707918445,23452,49.571571350097656,48.735084533691406
1403025,100,region_drop_10pct,0.9924134660976767,256,49.571571350097656,49.689022064208984
1403025,100,region_drop_25pct,0.9900426742532006,336,49.571571350097656,49.61661148071289
1403025,100,region_drop_50pct,0.023233760075865337,32960,49.571571350097656,33.70561981201172
1403025,100,blur_rethresh,0.9568893135296331,1489,49.571571350097656,49.56452178955078
1403026,1,dilate_r1,0.5755022683084899,1310,38.779296875,38.59742736816406
1403026,1,dilate_r2,0.39928057553956836,2672,38.779296875,38.57892608642578
1403026,1,erode_r1,0.3885135135135135,1086,38.779296875,38.069339752197266
1403026,1,erode_r2,0.0,1776,38.779296875,
1403026,1,region_drop_10pct,1.0,0,38.779296875,38.779296875
1403026,1,region_drop_25pct,0.6216216216216216,672,38.779296875,28.734806060791016
1403026,1,region_drop_50pct,0.44144144144144143,992,38.779296875,35.203121185302734
1403026,1,blur_rethresh,0.9347581552305961,116,38.779296875,38.78316116333008
1403026,3,dilate_r1,0.5934065934065934,2960,31.348140716552734,31.552120208740234
1403026,3,dilate_r2,0.4166666666666667,6048,31.348140716552734,31.87042999267578
1403026,3,erode_r1,0.42314814814814816,2492,31.348140716552734,30.608829498291016
1403026,3,erode_r2,0.03333333333333333,4176,31.348140716552734,2.1400129795074463
1403026,3,region_drop_10pct,0.9333333333333333,288,31.348140716552734,31.782764434814453
1403026,3,region_drop_25pct,0.6333333333333333,1584,31.348140716552734,27.449913024902344
1403026,3,region_drop_50pct,0.43333333333333335,2448,31.348140716552734,12.824009895324707
1403026,3,blur_rethresh,0.944932901434521,238,31.348140716552734,31.352487564086914
1403026,5,dilate_r1,0.5936089546849612,4502,28.870485305786133,29.145923614501953
1403026,5,dilate_r2,0.41683569979716023,9200,28.870485305786133,29.669933319091797
1403026,5,erode_r1,0.42244525547445255,3798,28.870485305786133,28.050199508666992
1403026,5,erode_r2,0.029197080291970802,6384,28.870485305786133,2.251220464706421
1403026,5,region_drop_10pct,0.9586374695863747,272,28.870485305786133,29.79575538635254
1403026,5,region_drop_25pct,0.8175182481751825,1200,28.870485305786133,33.20760726928711
1403026,5,region_drop_50pct,0.36009732360097324,4208,28.870485305786133,28.75052833557129
1403026,5,blur_rethresh,0.9444022482150995,366,28.870485305786133,28.891996383666992
1403026,10,dilate_r1,0.5980898012954221,7322,32.02314376831055,32.218589782714844
1403026,10,dilate_r2,0.4214108910891089,14960,32.02314376831055,32.633331298828125
1403026,10,erode_r1,0.4326358296622614,6182,32.02314376831055,31.30182647705078
1403026,10,erode_r2,0.04552129221732746,10400,32.02314376831055,21.66162872314453
1403026,10,region_drop_10pct,0.9265785609397944,800,32.02314376831055,32.49656295776367
1403026,10,region_drop_25pct,0.8061674008810573,2112,32.02314376831055,32.70386505126953
1403026,10,region_drop_50pct,0.4933920704845815,5520,32.02314376831055,31.03466796875
1403026,10,blur_rethresh,0.9442968392120934,608,32.02314376831055,32.04307174682617
1403026,25,dilate_r1,0.6138660717303857,11423,42.149803161621094,42.257850646972656
1403026,25,dilate_r2,0.4407339093291913,23044,42.149803161621094,42.235958099365234
1403026,25,erode_r1,0.45655286343612334,9869,42.149803161621094,41.76184844970703
1403026,25,erode_r2,0.07334801762114537,16828,42.149803161621094,34.385311126708984
1403026,25,region_drop_10pct,0.8933920704845815,1936,42.149803161621094,38.531158447265625
1403026,25,region_drop_25pct,0.8440528634361234,2832,42.149803161621094,42.04289245605469
1403026,25,region_drop_50pct,0.5991189427312775,7280,42.149803161621094,44.47466278076172
1403026,25,blur_rethresh,0.9438337435056057,1027,42.149803161621094,42.236244201660156
1403026,50,dilate_r1,0.6465036465036466,13184,42.87997817993164,42.89893341064453
1403026,50,dilate_r2,0.48154657293497366,25960,42.87997817993164,42.70764923095703
1403026,50,erode_r1,0.5039814200398142,11960,42.87997817993164,42.61113357543945
1403026,50,erode_r2,0.12641008626410086,21064,42.87997817993164,40.62322235107422
1403026,50,region_drop_10pct,0.1645653616456536,20144,42.87997817993164,21.926210403442383
1403026,50,region_drop_25pct,0.9588586595885866,992,42.87997817993164,43.70840072631836
1403026,50,region_drop_50pct,0.887193098871931,2720,42.87997817993164,45.6873779296875
1403026,50,blur_rethresh,0.9468433104350671,1300,42.87997817993164,42.98495101928711
1403026,100,dilate_r1,0.6718882702651694,13908,41.88939666748047,41.73978042602539
1403026,100,dilate_r2,0.5182704906099869,26472,41.88939666748047,41.46949005126953
1403026,100,erode_r1,0.5310393258426966,13356,41.88939666748047,42.00200271606445
1403026,100,erode_r2,0.14803370786516853,24264,41.88939666748047,40.937129974365234
1403026,100,region_drop_10pct,0.03707865168539326,27424,41.88939666748047,17.08805274963379
1403026,100,region_drop_25pct,0.9792134831460674,592,41.88939666748047,42.46003341674805
1403026,100,region_drop_50pct,0.024719101123595506,27776,41.88939666748047,12.20431900024414
1403026,100,blur_rethresh,0.9490423959013857,1482,41.88939666748047,42.044559478759766
1403028,1,dilate_r1,0.5985686402081978,1234,57.02043914794922,58.701866149902344
1403028,1,dilate_r2,0.42357274401473294,2504,57.02043914794922,59.706748962402344
1403028,1,erode_r1,0.42282608695652174,1062,57.02043914794922,53.178260803222656
1403028,1,erode_r2,0.013043478260869565,1816,57.02043914794922,0.0
1403028,1,region_drop_10pct,1.0,0,57.02043914794922,57.02043914794922
1403028,1,region_drop_25pct,0.4,1104,57.02043914794922,60.801109313964844
1403028,1,region_drop_50pct,0.2782608695652174,1328,57.02043914794922,76.41717529296875
1403028,1,blur_rethresh,0.9521998913633895,88,57.02043914794922,55.98525619506836
1403028,3,dilate_r1,0.5871559633027523,2610,63.2103157043457,63.53138732910156
1403028,3,dilate_r2,0.4095322153574581,5352,63.2103157043457,63.49127197265625
1403028,3,erode_r1,0.4089439655172414,2194,63.2103157043457,61.62225341796875
1403028,3,erode_r2,0.00646551724137931,3688,63.2103157043457,0.0
1403028,3,region_drop_10pct,0.9827586206896551,64,63.2103157043457,63.0461540222168
1403028,3,region_drop_25pct,0.7456896551724138,944,63.2103157043457,59.655155181884766
1403028,3,region_drop_50pct,0.4267241379310345,2128,63.2103157043457,69.90815734863281
1403028,3,blur_rethresh,0.9434419606786965,210,63.2103157043457,62.967613220214844
1403028,5,dilate_r1,0.5889683821832449,3562,64.5062484741211,65.03274536132812
1403028,5,dilate_r2,0.41081777205408887,7320,64.5062484741211,65.06448364257812
1403028,5,erode_r1,0.41653605015673983,2978,64.5062484741211,62.77821350097656
1403028,5,erode_r2,0.023510971786833857,4984,64.5062484741211,29.081756591796875
1403028,5,region_drop_10pct,0.9623824451410659,192,64.5062484741211,63.29155731201172
1403028,5,region_drop_25pct,0.8087774294670846,976,64.5062484741211,60.342567443847656
1403028,5,region_drop_50pct,0.5517241379310345,2288,64.5062484741211,57.135318756103516
1403028,5,blur_rethresh,0.9412685982772122,300,64.5062484741211,64.12628173828125
1403028,10,dilate_r1,0.5946640034241689,5682,69.29500579833984,69.18309783935547
1403028,10,dilate_r2,0.4173007609130957,11640,69.29500579833984,68.6331787109375
1403028,10,erode_r1,0.42682341650671785,4778,69.29500579833984,68.96107482910156
1403028,10,erode_r2,0.03742802303262956,8024,69.29500579833984,36.03322982788086
1403028,10,region_drop_10pct,0.9424184261036468,480,69.29500579833984,68.30956268310547
1403028,10,region_drop_25pct,0.8061420345489443,1616,69.29500579833984,69.21875762939453
1403028,10,region_drop_50pct,0.5163147792706334,4032,69.29500579833984,66.73170471191406
1403028,10,blur_rethresh,0.9394953963888557,506,69.29500579833984,69.13774108886719
1403028,25,dilate_r1,0.6351270425186072,8530,64.46755981445312,65.01380920410156
1403028,25,dilate_r2,0.46527951867635997,17064,64.46755981445312,65.17815399169922
1403028,25,erode_r1,0.4933997844827586,7522,64.46755981445312,63.32960510253906
1403028,25,erode_r2,0.12230603448275862,13032,64.46755981445312,58.68119430541992
1403028,25,region_drop_10pct,0.7230603448275862,4112,64.46755981445312,66.72340393066406
1403028,25,region_drop_25pct,0.49353448275862066,7520,64.46755981445312,65.93859100341797
1403028,25,region_drop_50pct,0.6109913793103449,5776,64.46755981445312,64.48025512695312
1403028,25,blur_rethresh,0.9471718249733191,792,64.46755981445312,64.36702728271484
1403028,50,dilate_r1,0.6774214788964246,9798,63.7659912109375,64.26398468017578
1403028,50,dilate_r2,0.5213865801743361,18888,63.7659912109375,64.4281997680664
1403028,50,erode_r1,0.5525855365474339,9206,63.7659912109375,62.890281677246094
1403028,50,erode_r2,0.19712286158631415,16520,63.7659912109375,60.357460021972656
1403028,50,region_drop_10pct,0.9984447900466563,32,63.7659912109375,63.75704574584961
1403028,50,region_drop_25pct,0.9906687402799378,192,63.7659912109375,63.81576919555664
1403028,50,region_drop_50pct,0.041990668740279936,19712,63.7659912109375,64.05939483642578
1403028,50,blur_rethresh,0.9527769811681484,988,63.7659912109375,63.63505935668945
1403028,100,dilate_r1,0.7193288666178707,9970,63.91032028198242,64.40557098388672
1403028,100,dilate_r2,0.5821031529068708,18344,63.91032028198242,64.62425994873047
1403028,100,erode_r1,0.6051189730745147,10090,63.91032028198242,63.064788818359375
1403028,100,erode_r2,0.2633061991233563,18824,63.91032028198242,61.42626953125
1403028,100,region_drop_10pct,1.0,0,63.91032028198242,63.91032028198242
1403028,100,region_drop_25pct,0.9949906073888541,128,63.91032028198242,63.789039611816406
1403028,100,region_drop_50pct,0.9943644333124608,144,63.91032028198242,63.759769439697266
1403028,100,blur_rethresh,0.9586555393920833,1080,63.91032028198242,63.783363342285156
142028,1,dilate_r1,0.576,212,15.587779998779297,15.074565887451172
142028,1,dilate_r2,0.4,432,15.587779998779297,16.107248306274414
142028,1,erode_r1,0.3888888888888889,176,15.587779998779297,16.431997299194336
142028,1,erode_r2,0.0,288,15.587779998779297,
142028,1,region_drop_10pct,1.0,0,15.587779998779297,15.587779998779297
142028,1,region_drop_25pct,1.0,0,15.587779998779297,15.587779998779297
142028,1,region_drop_50pct,1.0,0,15.587779998779297,15.587779998779297
142028,1,blur_rethresh,0.9375,18,15.587779998779297,15.240382194519043
142028,3,dilate_r1,0.58307597282273,1350,39.820499420166016,39.03916931152344
142028,3,dilate_r2,0.4068965517241379,2752,39.820499420166016,38.96780014038086
142028,3,erode_r1,0.399364406779661,1134,39.820499420166016,41.299869537353516
142028,3,erode_r2,0.0,1888,39.820499420166016,
142028,3,region_drop_10pct,1.0,0,39.820499420166016,39.820499420166016
142028,3,region_drop_25pct,0.6440677966101694,672,39.820499420166016,48.28162384033203
142028,3,region_drop_50pct,0.3898305084745763,1152,39.820499420166016,23.78272819519043
142028,3,blur_rethresh,0.9397144368059228,114,39.820499420166016,40.00092315673828
142028,5,dilate_r1,0.5782060785767235,2276,43.53046417236328,42.965179443359375
142028,5,dilate_r2,0.4016477857878476,4648,43.53046417236328,43.12272644042969
142028,5,erode_r1,0.39615384615384613,1884,43.53046417236328,45.29717254638672
142028,5,erode_r2,0.01282051282051282,3080,43.53046417236328,14.98735237121582
142028,5,region_drop_10pct,0.9538461538461539,144,43.53046417236328,44.05970764160156
142028,5,region_drop_25pct,0.8153846153846154,576,43.53046417236328,34.866825103759766
142028,5,region_drop_50pct,0.4717948717948718,1648,43.53046417236328,27.48654556274414
142028,5,blur_rethresh,0.9353186039065001,202,43.53046417236328,43.72924041748047
142028,10,dilate_r1,0.5726643598615917,3952,58.317657470703125,58.59870910644531
142028,10,dilate_r2,0.39428231089934485,8136,58.317657470703125,59.2269401550293
142028,10,erode_r1,0.3904833836858006,3228,58.317657470703125,58.45928192138672
142028,10,erode_r2,0.010574018126888218,5240,58.317657470703125,39.71141815185547
142028,10,region_drop_10pct,0.8640483383685801,720,58.317657470703125,60.546630859375
142028,10,region_drop_25pct,0.8610271903323263,736,58.317657470703125,57.86653137207031
142028,10,region_drop_50pct,0.6163141993957704,2032,58.317657470703125,59.58710861206055
142028,10,blur_rethresh,0.9294605809128631,374,58.317657470703125,58.173973083496094
142028,25,dilate_r1,0.6073298429319371,7200,64.7609634399414,64.78046417236328
142028,25,dilate_r2,0.43350981002802863,14552,64.7609634399414,64.84839630126953
142028,25,erode_r1,0.44576149425287354,6172,64.7609634399414,64.89385986328125
142028,25,erode_r2,0.0625,10440,64.7609634399414,65.1983642578125
142028,25,region_drop_10pct,0.9037356321839081,1072,64.7609634399414,66.51145935058594
142028,25,region_drop_25pct,0.8491379310344828,1680,64.7609634399414,64.3334732055664
142028,25,region_drop_50pct,0.6336206896551724,4080,64.7609634399414,63.81642532348633
142028,25,blur_rethresh,0.9418116912092815,652,64.7609634399414,64.74165344238281
142028,50,dilate_r1,0.6480572761644277,8750,65.72766876220703,65.44754791259766
142028,50,dilate_r2,0.48448400288669713,17144,65.72766876220703,65.26766967773438
142028,50,erode_r1,0.5093098311817279,7906,65.72766876220703,66.20455169677734
142028,50,erode_r2,0.14548162859980138,13768,65.72766876220703,69.42684936523438
142028,50,region_drop_10pct,0.9433962264150944,912,65.72766876220703,66.65252685546875
142028,50,region_drop_25pct,0.9285004965243296,1152,65.72766876220703,66.98104095458984
142028,50,region_drop_50pct,0.23833167825223436,12272,65.72766876220703,50.948429107666016
142028,50,blur_rethresh,0.9498467198038013,818,65.72766876220703,65.75389862060547
142028,100,dilate_r1,0.6992527593062315,8774,65.88256072998047,65.52899932861328
142028,100,dilate_r2,0.5556766179995641,16312,65.88256072998047,65.2999038696289
142028,100,erode_r1,0.5757843137254902,8654,65.88256072998047,66.28141784667969
142028,100,erode_r2,0.22392156862745097,15832,65.88256072998047,67.8135757446289
142028,100,region_drop_10pct,0.9976470588235294,48,65.88256072998047,65.8037109375
142028,100,region_drop_25pct,0.967843137254902,656,65.88256072998047,65.81815338134766
142028,100,region_drop_50pct,0.11294117647058824,18096,65.88256072998047,50.74127197265625
142028,100,blur_rethresh,0.9562085854220685,912,65.88256072998047,65.89602661132812
1426026,1,dilate_r1,0.5888689407540395,458,1.620322823524475,2.7374212741851807
1426026,1,dilate_r2,0.41414141414141414,928,1.620322823524475,4.093493461608887
1426026,1,erode_r1,0.4176829268292683,382,1.620322823524475,0.9531080722808838
1426026,1,erode_r2,0.04878048780487805,624,1.620322823524475,1.5811388492584229
1426026,1,region_drop_10pct,1.0,0,1.620322823524475,1.620322823524475
1426026,1,region_drop_25pct,1.0,0,1.620322823524475,1.620322823524475
1426026,1,region_drop_50pct,0.14634146341463414,560,1.620322823524475,10.555059432983398
1426026,1,blur_rethresh,0.939117199391172,40,1.620322823524475,1.043689250946045
1426026,3,dilate_r1,0.5805309734513274,1896,49.72731399536133,50.328147888183594
1426026,3,dilate_r2,0.4039408866995074,3872,49.72731399536133,50.58515930175781
1426026,3,erode_r1,0.39939024390243905,1576,49.72731399536133,48.42879104614258
1426026,3,erode_r2,0.012195121951219513,2592,49.72731399536133,1.5811388492584229
1426026,3,region_drop_10pct,0.8780487804878049,320,49.72731399536133,40.92424011230469
1426026,3,region_drop_25pct,0.823170731707317,464,49.72731399536133,54.641258239746094
1426026,3,region_drop_50pct,0.42073170731707316,1520,49.72731399536133,43.320438385009766
1426026,3,blur_rethresh,0.9382857142857143,162,49.72731399536133,49.454071044921875
1426026,5,dilate_r1,0.5746734809767178,2996,51.514225006103516,51.58460235595703
1426026,5,dilate_r2,0.39655172413793105,6160,51.514225006103516,51.394447326660156
1426026,5,erode_r1,0.3922924901185771,2460,51.514225006103516,50.813140869140625
1426026,5,erode_r2,0.007905138339920948,4016,51.514225006103516,1.5811388492584229
1426026,5,region_drop_10pct,0.8537549407114624,592,51.514225006103516,51.44273376464844
1426026,5,region_drop_25pct,0.8537549407114624,592,51.514225006103516,53.89913558959961
1426026,5,region_drop_50pct,0.6600790513833992,1376,51.514225006103516,52.14898681640625
1426026,5,blur_rethresh,0.9333168683625587,270,51.514225006103516,51.45296096801758
1426026,10,dilate_r1,0.5797788309636651,4256,51.6186408996582,51.739891052246094
1426026,10,dilate_r2,0.40374037403740376,8672,51.6186408996582,51.67665481567383
1426026,10,erode_r1,0.3978201634877384,3536,51.6186408996582,51.34587860107422
1426026,10,erode_r2,0.013623978201634877,5792,51.6186408996582,41.560218811035156
1426026,10,region_drop_10pct,0.8365122615803815,960,51.6186408996582,53.753143310546875
1426026,10,region_drop_25pct,0.776566757493188,1312,51.6186408996582,49.80744552612305
1426026,10,region_drop_50pct,0.3896457765667575,3584,51.6186408996582,50.06279373168945
1426026,10,blur_rethresh,0.9314557176789956,404,51.6186408996582,51.584712982177734
1426026,25,dilate_r1,0.6069690992767915,5978,53.03990936279297,53.057743072509766
1426026,25,dilate_r2,0.4338345864661654,12048,53.03990936279297,53.004093170166016
1426026,25,erode_r1,0.4447573656845754,5126,53.03990936279297,53.61130142211914
1426026,25,erode_r2,0.06412478336221837,8640,53.03990936279297,54.604331970214844
1426026,25,region_drop_10pct,0.8960138648180243,960,53.03990936279297,54.70925521850586
1426026,25,region_drop_25pct,0.8440207972270364,1440,53.03990936279297,49.34610366821289
1426026,25,region_drop_50pct,0.4072790294627383,5472,53.03990936279297,37.139381408691406
1426026,25,blur_rethresh,0.9354077253218884,602,53.03990936279297,53.08047103881836
1426026,50,dilate_r1,0.639173126614987,6982,52.242340087890625,52.5583381652832
1426026,50,dilate_r2,0.47510755992624465,13664,52.242340087890625,52.764060974121094
1426026,50,erode_r1,0.48496119016817596,6370,52.242340087890625,52.111328125
1426026,50,erode_r2,0.09314359637774904,11216,52.242340087890625,52.0720329284668
1426026,50,region_drop_10pct,0.963777490297542,448,52.242340087890625,52.925636291503906
1426026,50,region_drop_25pct,0.1539456662354463,10464,52.242340087890625,29.78363800048828
1426026,50,region_drop_50pct,0.1384217335058215,10656,52.242340087890625,27.16444969177246
1426026,50,blur_rethresh,0.9413541004450096,738,52.242340087890625,52.19403839111328
1426026,100,dilate_r1,0.6840954795838069,7226,51.62004470825195,52.17212677001953
1426026,100,dilate_r2,0.535303776683087,13584,51.62004470825195,52.82872772216797
1426026,100,erode_r1,0.5458844580777096,7106,51.62004470825195,51.480438232421875
1426026,100,erode_r2,0.16257668711656442,13104,51.62004470825195,51.28162384033203
1426026,100,region_drop_10pct,0.9938650306748467,96,51.62004470825195,51.738956451416016
1426026,100,region_drop_25pct,0.9897750511247444,160,51.62004470825195,51.725486755371094
1426026,100,region_drop_50pct,0.9826175869120655,272,51.62004470825195,51.75590133666992
1426026,100,blur_rethresh,0.9472601458761922,846,51.62004470825195,51.51608657836914
1427028,1,dilate_r1,0.6403940886699507,1752,47.71443176269531,49.27933120727539
1427028,1,dilate_r2,0.46318289786223277,3616,47.71443176269531,50.756263732910156
1427028,1,erode_r1,0.5282051282051282,1472,47.71443176269531,41.61811065673828
1427028,1,erode_r2,0.2,2496,47.71443176269531,1.1843444108963013
1427028,1,region_drop_10pct,0.7692307692307693,720,47.71443176269531,50.623878479003906
1427028,1,region_drop_25pct,0.841025641025641,496,47.71443176269531,51.04952621459961
1427028,1,region_drop_50pct,0.6153846153846154,1200,47.71443176269531,37.458717346191406
1427028,1,blur_rethresh,0.9551282051282052,140,47.71443176269531,47.064022064208984
1427028,3,dilate_r1,0.6055082227065584,3982,56.52557373046875,55.86033248901367
1427028,3,dilate_r2,0.42538975501113585,8256,56.52557373046875,56.283660888671875
1427028,3,erode_r1,0.4643324607329843,3274,56.52557373046875,55.40559387207031
1427028,3,erode_r2,0.112565445026178,5424,56.52557373046875,6.723217487335205
1427028,3,region_drop_10pct,0.9267015706806283,448,56.52557373046875,51.96955490112305
1427028,3,region_drop_25pct,0.643979057591623,2176,56.52557373046875,60.66066360473633
1427028,3,region_drop_50pct,0.5837696335078534,2544,56.52557373046875,53.77614212036133
1427028,3,blur_rethresh,0.9392256167292926,372,56.52557373046875,56.297630310058594
1427028,5,dilate_r1,0.607463118310674,5428,57.0626220703125,57.47980880737305
1427028,5,dilate_r2,0.4278728606356968,11232,57.0626220703125,58.2274284362793
1427028,5,erode_r1,0.4642857142857143,4500,57.0626220703125,55.568294525146484
1427028,5,erode_r2,0.10476190476190476,7520,57.0626220703125,14.687981605529785
1427028,5,region_drop_10pct,0.9333333333333333,560,57.0626220703125,54.978981018066406
1427028,5,region_drop_25pct,0.7961904761904762,1712,57.0626220703125,53.428401947021484
1427028,5,region_drop_50pct,0.49523809523809526,4240,57.0626220703125,60.68144989013672
1427028,5,blur_rethresh,0.9394515018401994,510,57.0626220703125,56.70566177368164
1427028,10,dilate_r1,0.6132165301847268,8124,62.0290412902832,62.28677749633789
1427028,10,dilate_r2,0.4340792666486924,16792,62.0290412902832,62.85321044921875
1427028,10,erode_r1,0.4748447204968944,6764,62.0290412902832,60.534061431884766
1427028,10,erode_r2,0.1186335403726708,11352,62.0290412902832,36.13277816772461
1427028,10,region_drop_10pct,0.9254658385093167,960,62.0290412902832,61.42506408691406
1427028,10,region_drop_25pct,0.8583850931677018,1824,62.0290412902832,59.624637603759766
1427028,10,region_drop_50pct,0.4546583850931677,7024,62.0290412902832,62.8214111328125
1427028,10,blur_rethresh,0.9356332484371382,834,62.0290412902832,61.66924285888672
1427028,25,dilate_r1,0.6410676791210056,12479,64.50799560546875,64.00467681884766
1427028,25,dilate_r2,0.4698541192343368,25148,64.50799560546875,63.95856475830078
1427028,25,erode_r1,0.5096464465183058,10929,64.50799560546875,65.04515838623047
1427028,25,erode_r2,0.14985642498205312,18948,64.50799560546875,60.82454299926758
1427028,25,region_drop_10pct,0.955491744436468,992,64.50799560546875,64.15943908691406
1427028,25,region_drop_25pct,0.7961234745154343,4544,64.50799560546875,63.090538024902344
1427028,25,region_drop_50pct,0.4379038047379756,12528,64.50799560546875,68.78534698486328
1427028,25,blur_rethresh,0.9397280899871574,1361,64.50799560546875,64.59261322021484
1427028,50,dilate_r1,0.7103629668595476,13765,62.92496871948242,62.814998626708984
1427028,50,dilate_r2,0.5657215631074469,25916,62.92496871948242,62.97100830078125
1427028,50,erode_r1,0.5941054502369668,13703,62.92496871948242,63.302162170410156
1427028,50,erode_r2,0.23969194312796208,25668,62.92496871948242,62.94963455200195
1427028,50,region_drop_10pct,1.0,0,62.92496871948242,62.92496871948242
1427028,50,region_drop_25pct,0.9985781990521327,48,62.92496871948242,62.9039306640625
1427028,50,region_drop_50pct,0.9971563981042654,96,62.92496871948242,62.97725296020508
1427028,50,blur_rethresh,0.9531458007755976,1619,62.92496871948242,62.967838287353516
1427028,100,dilate_r1,0.8110056857926927,10537,61.83937072753906,62.1995964050293
1427028,100,dilate_r2,0.7136814192815203,18140,61.83937072753906,62.591976165771484
1427028,100,erode_r1,0.7327715852795471,12083,61.83937072753906,61.41133499145508
1427028,100,erode_r2,0.4620488322717622,24324,61.83937072753906,59.6823616027832
1427028,100,region_drop_10pct,1.0,0,61.83937072753906,61.83937072753906
1427028,100,region_drop_25pct,1.0,0,61.83937072753906,61.83937072753906
1427028,100,region_drop_50pct,0.9996461429582448,16,61.83937072753906,61.82713317871094
1427028,100,blur_rethresh,0.9682549958996935,1471,61.83937072753906,61.876007080078125
1446025,1,dilate_r1,0.6054303870595031,1366,64.5994644165039,64.12679290771484
1446025,1,dilate_r2,0.4316309719934102,2760,64.5994644165039,63.79170608520508
1446025,1,erode_r1,0.42843511450381677,1198,64.5994644165039,65.5374755859375
1446025,1,erode_r2,0.003816793893129771,2088,64.5994644165039,17.702213287353516
1446025,1,region_drop_10pct,1.0,0,64.5994644165039,64.5994644165039
1446025,1,region_drop_25pct,0.7557251908396947,512,64.5994644165039,73.88651275634766
1446025,1,region_drop_50pct,0.6717557251908397,688,64.5994644165039,9.850545883178711
1446025,1,blur_rethresh,0.9599236641221374,84,64.5994644165039,64.77760314941406
1446025,3,dilate_r1,0.5863539445628998,3104,62.25887680053711,61.8914909362793
1446025,3,dilate_r2,0.40922619047619047,6352,62.25887680053711,61.376007080078125
1446025,3,erode_r1,0.40636363636363637,2612,62.25887680053711,62.951045989990234
1446025,3,erode_r2,0.0036363636363636364,4384,62.25887680053711,83.65829467773438
1446025,3,region_drop_10pct,0.9490909090909091,224,62.25887680053711,62.33625030517578
1446025,3,region_drop_25pct,0.7818181818181819,960,62.25887680053711,67.06541442871094
1446025,3,region_drop_50pct,0.5381818181818182,2032,62.25887680053711,64.15728759765625
1446025,3,blur_rethresh,0.9436491706430357,248,62.25887680053711,62.386810302734375
1446025,5,dilate_r1,0.5901193827040668,4223,57.707340240478516,57.79144287109375
1446025,5,dilate_r2,0.4133804732118575,8628,57.707340240478516,57.582489013671875
1446025,5,erode_r1,0.4149671052631579,3557,57.707340240478516,57.49782180786133
1446025,5,erode_r2,0.019078947368421053,5964,57.707340240478516,32.61429214477539
1446025,5,region_drop_10pct,0.9473684210526315,320,57.707340240478516,56.302581787109375
1446025,5,region_drop_25pct,0.7078947368421052,1776,57.707340240478516,61.66766357421875
1446025,5,region_drop_50pct,0.5526315789473685,2720,57.707340240478516,62.277626037597656
1446025,5,blur_rethresh,0.9439513477975017,341,57.707340240478516,57.71357727050781
1446025,10,dilate_r1,0.5983513169358622,5993,53.11609649658203,53.52033233642578
1446025,10,dilate_r2,0.42184842184842186,12236,53.11609649658203,53.669830322265625
1446025,10,erode_r1,0.43290770609318996,5063,53.11609649658203,52.31267166137695
1446025,10,erode_r2,0.04614695340501792,8516,53.11609649658203,25.995948791503906
1446025,10,region_drop_10pct,0.8978494623655914,912,53.11609649658203,54.103485107421875
1446025,10,region_drop_25pct,0.7885304659498208,1888,53.11609649658203,56.1163215637207
1446025,10,region_drop_50pct,0.5591397849462365,3936,53.11609649658203,33.329246520996094
1446025,10,blur_rethresh,0.9446494464944649,495,53.11609649658203,53.04792404174805
1446025,25,dilate_r1,0.622082897944967,8680,52.252140045166016,52.72914505004883
1446025,25,dilate_r2,0.4489693313222725,17536,52.252140045166016,53.07133483886719
1446025,25,erode_r1,0.47284434490481525,7532,52.252140045166016,51.757869720458984
1446025,25,erode_r2,0.0940649496080627,12944,52.252140045166016,45.30020523071289
1446025,25,region_drop_10pct,0.9316909294512878,976,52.252140045166016,53.996768951416016
1446025,25,region_drop_25pct,0.8521836506159015,2112,52.252140045166016,47.529422760009766
1446025,25,region_drop_50pct,0.7312430011198209,3840,52.252140045166016,56.14582824707031
1446025,25,blur_rethresh,0.9478297161936561,750,52.252140045166016,52.110572814941406
1446025,50,dilate_r1,0.6439010479788978,9990,54.755069732666016,55.19643020629883
1446025,50,dilate_r2,0.4762708289390424,19864,54.755069732666016,55.60309600830078
1446025,50,erode_r1,0.504096545615589,8958,54.755069732666016,54.23784637451172
1446025,50,erode_r2,0.12887511071744906,15736,54.755069732666016,49.8147087097168
1446025,50,region_drop_10pct,0.9875996457041629,224,54.755069732666016,54.960269927978516
1446025,50,region_drop_25pct,0.9282550930026572,1296,54.755069732666016,55.937374114990234
1446025,50,region_drop_50pct,0.5713020372010629,7744,54.755069732666016,57.91372299194336
1446025,50,blur_rethresh,0.9477138481732662,956,54.755069732666016,54.64510726928711
1446025,100,dilate_r1,0.6670778339706427,10796,55.492156982421875,55.80409240722656
1446025,100,dilate_r2,0.5081751550460439,20936,55.492156982421875,56.13410949707031
1446025,100,erode_r1,0.5318047337278107,10128,55.492156982421875,55.153564453125
1446025,100,erode_r2,0.15569526627218935,18264,55.492156982421875,52.28163528442383
1446025,100,region_drop_10pct,0.03106508875739645,20960,55.492156982421875,49.87187194824219
1446025,100,region_drop_25pct,0.996301775147929,80,55.492156982421875,55.32573699951172
1446025,100,region_drop_50pct,0.019970414201183433,21200,55.492156982421875,36.73369598388672
1446025,100,blur_rethresh,0.9502998364528439,1094,55.492156982421875,55.41312026977539
145028,1,dilate_r1,0.5685950413223141,1044,37.44149398803711,38.536197662353516
145028,1,dilate_r2,0.3891402714932127,2160,37.44149398803711,39.664676666259766
145028,1,erode_r1,0.38372093023255816,848,37.44149398803711,36.06001281738281
145028,1,erode_r2,0.0,1376,37.44149398803711,
145028,1,region_drop_10pct,1.0,0,37.44149398803711,37.44149398803711
145028,1,region_drop_25pct,0.7209302325581395,384,37.44149398803711,27.26469612121582
145028,1,region_drop_50pct,0.3953488372093023,832,37.44149398803711,33.276878356933594
145028,1,blur_rethresh,0.9259796806966618,102,37.44149398803711,36.98215103149414
145028,3,dilate_r1,0.5668835864063629,2396,35.20326614379883,36.3119010925293
145028,3,dilate_r2,0.38811881188118813,4944,35.20326614379883,37.87309646606445
145028,3,erode_r1,0.38137755102040816,1940,35.20326614379883,35.03239059448242
145028,3,erode_r2,0.00510204081632653,3120,35.20326614379883,23.94480323791504
145028,3,region_drop_10pct,0.8928571428571429,336,35.20326614379883,34.691650390625
145028,3,region_drop_25pct,0.8877551020408163,352,35.20326614379883,34.830162048339844
145028,3,region_drop_50pct,0.5357142857142857,1456,35.20326614379883,28.42643165588379
145028,3,blur_rethresh,0.924227952881248,238,35.20326614379883,34.80524826049805
145028,5,dilate_r1,0.5681462140992167,3308,40.33556365966797,41.18779373168945
145028,5,dilate_r2,0.38968481375358166,6816,40.33556365966797,42.34288024902344
145028,5,erode_r1,0.38235294117647056,2688,40.33556365966797,40.09008026123047
145028,5,erode_r2,0.003676470588235294,4336,40.33556365966797,23.94480323791504
145028,5,region_drop_10pct,0.9816176470588235,80,40.33556365966797,40.38631820678711
145028,5,region_drop_25pct,0.6323529411764706,1600,40.33556365966797,40.12482452392578
145028,5,region_drop_50pct,0.34558823529411764,2848,40.33556365966797,40.85343933105469
145028,5,blur_rethresh,0.9252293577981652,326,40.33556365966797,40.033538818359375
145028,10,dilate_r1,0.5914552736982643,4896,43.70347595214844,44.48398208618164
145028,10,dilate_r2,0.415962441314554,9952,43.70347595214844,45.77588653564453
145028,10,erode_r1,0.417607223476298,4128,43.70347595214844,43.84267044067383
145028,10,erode_r2,0.029345372460496615,6880,43.70347595214844,53.48014831542969
145028,10,region_drop_10pct,0.9796839729119639,144,43.70347595214844,43.561832427978516
145028,10,region_drop_25pct,0.6388261851015802,2560,43.70347595214844,40.577518463134766
145028,10,region_drop_50pct,0.6139954853273137,2736,43.70347595214844,46.609352111816406
145028,10,blur_rethresh,0.9330063069376314,478,43.70347595214844,43.52100372314453
145028,25,dilate_r1,0.6218595662443633,7044,48.74981689453125,48.909637451171875
145028,25,dilate_r2,0.4513715710723192,14080,48.74981689453125,49.63983154296875
145028,25,erode_r1,0.462707182320442,6224,48.74981689453125,49.166812896728516
145028,25,erode_r2,0.06767955801104972,10800,48.74981689453125,51.97735595703125
145028,25,region_drop_10pct,0.9834254143646409,192,48.74981689453125,48.33309555053711
145028,25,region_drop_25pct,0.6947513812154696,3536,48.74981689453125,49.571495056152344
145028,25,region_drop_50pct,0.3729281767955801,7264,48.74981689453125,47.45417022705078
145028,25,blur_rethresh,0.9371807967313586,738,48.74981689453125,48.715606689453125
145028,50,dilate_r1,0.6532951289398281,8228,51.004150390625,50.98773193359375
145028,50,dilate_r2,0.49137931034482757,16048,51.004150390625,51.53246307373047
145028,50,erode_r1,0.5067079463364293,7648,51.004150390625,51.37891387939453
145028,50,erode_r2,0.11455108359133127,13728,51.004150390625,54.955772399902344
145028,50,region_drop_10pct,0.9803921568627451,304,51.004150390625,51.02412796020508
145028,50,region_drop_25pct,0.978328173374613,336,51.004150390625,51.0205192565918
145028,50,region_drop_50pct,0.043343653250773995,14832,51.004150390625,54.36760711669922
145028,50,blur_rethresh,0.9417193426042983,922,51.004150390625,50.98371505737305
145028,100,dilate_r1,0.7096495023799221,8052,51.606929779052734,51.68156814575195
145028,100,dilate_r2,0.5715613382899628,14752,51.606929779052734,52.16017532348633
145028,100,erode_r1,0.5786585365853658,8292,51.606929779052734,51.87791061401367
145028,100,erode_r2,0.2016260162601626,15712,51.606929779052734,53.705692291259766
145028,100,region_drop_10pct,1.0,0,51.606929779052734,51.606929779052734
145028,100,region_drop_25pct,1.0,0,51.606929779052734,51.606929779052734
145028,100,region_drop_50pct,0.9991869918699187,16,51.606929779052734,51.60334396362305
145028,100,blur_rethresh,0.952232606438214,966,51.606929779052734,51.57604217529297
1460023,1,dilate_r1,0.5575146935348446,1054,52.8447265625,51.4390983581543
1460023,1,dilate_r2,0.3789954337899543,2176,52.8447265625,50.046085357666016
1460023,1,erode_r1,0.37198795180722893,834,52.8447265625,57.56221389770508
1460023,1,erode_r2,0.024096385542168676,1296,52.8447265625,0.0
1460023,1,region_drop_10pct,1.0,0,52.8447265625,52.8447265625
1460023,1,region_drop_25pct,0.927710843373494,96,52.8447265625,53.71677017211914
1460023,1,region_drop_50pct,0.46987951807228917,704,52.8447265625,81.20015716552734
1460023,1,blur_rethresh,0.9171686746987951,110,52.8447265625,53.049617767333984
1460023,3,dilate_r1,0.5737051792828686,2461,38.32136535644531,39.122406005859375
1460023,3,dilate_r2,0.3952267303102625,5068,38.32136535644531,40.08452606201172
1460023,3,erode_r1,0.39643719806763283,1999,38.32136535644531,38.45105743408203
1460023,3,erode_r2,0.027777777777777776,3220,38.32136535644531,85.63447570800781
1460023,3,region_drop_10pct,0.9468599033816425,176,38.32136535644531,38.64236831665039
1460023,3,region_drop_25pct,0.7681159420289855,768,38.32136535644531,40.16933822631836
1460023,3,region_drop_50pct,0.5652173913043478,1440,38.32136535644531,30.65709686279297
1460023,3,blur_rethresh,0.9279252110977081,239,38.32136535644531,37.94990921020508
1460023,5,dilate_r1,0.5807697258334406,3257,45.26482009887695,46.1541862487793
1460023,5,dilate_r2,0.4030010718113612,6684,45.26482009887695,47.13011932373047
1460023,5,erode_r1,0.40447695035460995,2687,45.26482009887695,45.43325424194336
1460023,5,erode_r2,0.023936170212765957,4404,45.26482009887695,82.89629364013672
1460023,5,region_drop_10pct,0.8936170212765957,480,45.26482009887695,46.96131134033203
1460023,5,region_drop_25pct,0.7411347517730497,1168,45.26482009887695,51.44894027709961
1460023,5,region_drop_50pct,0.5851063829787234,1872,45.26482009887695,45.466758728027344
1460023,5,blur_rethresh,0.9299911660777385,317,45.26482009887695,44.93031311035156
1460023,10,dilate_r1,0.583845237003759,4539,53.5539665222168,53.77000427246094
1460023,10,dilate_r2,0.4064334950217003,9300,53.5539665222168,54.2134895324707
1460023,10,erode_r1,0.40750628140703515,3773,53.5539665222168,55.067291259765625
1460023,10,erode_r2,0.0207286432160804,6236,53.5539665222168,69.75639343261719
1460023,10,region_drop_10pct,0.964824120603015,224,53.5539665222168,53.51478576660156
1460023,10,region_drop_25pct,0.8040201005025126,1248,53.5539665222168,54.1278190612793
1460023,10,region_drop_50pct,0.5201005025125628,3056,53.5539665222168,55.932342529296875
1460023,10,blur_rethresh,0.929854710201531,449,53.5539665222168,53.6685676574707
1460023,25,dilate_r1,0.6273915514301951,5901,51.93817901611328,52.4405517578125
1460023,25,dilate_r2,0.4558634611855386,11860,51.93817901611328,53.43229293823242
1460023,25,erode_r1,0.48077697262479874,5159,51.93817901611328,53.21498107910156
1460023,25,erode_r2,0.10507246376811594,8892,51.93817901611328,62.784244537353516
1460023,25,region_drop_10pct,0.9339774557165862,656,51.93817901611328,54.04487991333008
1460023,25,region_drop_25pct,0.895330112721417,1040,51.93817901611328,49.31775665283203
1460023,25,region_drop_50pct,0.37681159420289856,6192,51.93817901611328,59.25315475463867
1460023,25,blur_rethresh,0.9371212873745902,633,51.93817901611328,51.9509162902832
1460023,50,dilate_r1,0.6585531470357796,6537,53.62992858886719,54.00260543823242
1460023,50,dilate_r2,0.49771040581083215,12724,53.62992858886719,54.970211029052734
1460023,50,erode_r1,0.5175285532994924,6083,53.62992858886719,54.90082931518555
1460023,50,erode_r2,0.13483502538071065,10908,53.62992858886719,62.10084533691406
1460023,50,region_drop_10pct,0.9873096446700508,160,53.62992858886719,54.09554672241211
1460023,50,region_drop_25pct,0.9847715736040609,192,53.62992858886719,53.90018081665039
1460023,50,region_drop_50pct,0.8934010152284264,1344,53.62992858886719,56.51419448852539
1460023,50,blur_rethresh,0.9396879608786773,777,53.62992858886719,53.67948532104492
1460023,100,dilate_r1,0.7380921757770632,6109,54.79250717163086,54.98546600341797
1460023,100,dilate_r2,0.6023792862141357,11364,54.79250717163086,55.89134979248047
1460023,100,erode_r1,0.6396956319702602,6203,54.79250717163086,55.76978302001953
1460023,100,erode_r2,0.3180762081784387,11740,54.79250717163086,58.52231216430664
1460023,100,region_drop_10pct,1.0,0,54.79250717163086,54.79250717163086
1460023,100,region_drop_25pct,0.013011152416356878,16992,54.79250717163086,36.137691497802734
1460023,100,region_drop_50pct,0.9934944237918215,112,54.79250717163086,54.970401763916016
1460023,100,blur_rethresh,0.9538165127217091,815,54.79250717163086,54.882381439208984
1460026,3,dilate_r1,0.577910447761194,1414,70.1314926147461,71.39932250976562
1460026,3,dilate_r2,0.39933993399339934,2912,70.1314926147461,73.17061614990234
1460026,3,erode_r1,0.3977272727272727,1166,70.1314926147461,69.83079528808594
1460026,3,erode_r2,0.008264462809917356,1920,70.1314926147461,1.5217047929763794
1460026,3,region_drop_10pct,0.9256198347107438,144,70.1314926147461,61.03296661376953
1460026,3,region_drop_25pct,0.743801652892562,496,70.1314926147461,73.55528259277344
1460026,3,region_drop_50pct,0.5289256198347108,912,70.1314926147461,84.1484375
1460026,3,blur_rethresh,0.9349509550851832,126,70.1314926147461,69.89816284179688
1460026,5,dilate_r1,0.5792137018295056,2162,76.22413635253906,76.33009338378906
1460026,5,dilate_r2,0.4,4464,76.22413635253906,77.0917739868164
1460026,5,erode_r1,0.39986559139784944,1786,76.22413635253906,77.53811645507812
1460026,5,erode_r2,0.005376344086021506,2960,76.22413635253906,1.5217047929763794
1460026,5,region_drop_10pct,0.9516129032258065,144,76.22413635253906,76.05241394042969
1460026,5,region_drop_25pct,0.8333333333333334,496,76.22413635253906,73.24400329589844
1460026,5,region_drop_50pct,0.5913978494623656,1216,76.22413635253906,84.23728942871094
1460026,5,blur_rethresh,0.933579335793358,198,76.22413635253906,76.41639709472656
1460026,10,dilate_r1,0.5806296563326123,3490,76.23643493652344,76.7080078125
1460026,10,dilate_r2,0.4015957446808511,7200,76.23643493652344,77.82374572753906
1460026,10,erode_r1,0.4019039735099338,2890,76.23643493652344,76.65287017822266
1460026,10,erode_r2,0.006622516556291391,4800,76.23643493652344,1.6976895332336426
1460026,10,region_drop_10pct,0.8973509933774835,496,76.23643493652344,77.63726806640625
1460026,10,region_drop_25pct,0.8311258278145696,816,76.23643493652344,78.28009033203125
1460026,10,region_drop_50pct,0.5165562913907285,2336,76.23643493652344,82.32898712158203
1460026,10,blur_rethresh,0.9307216494845361,336,76.23643493652344,76.01188659667969
1460026,25,dilate_r1,0.6234190126478988,5538,78.2048568725586,79.48283386230469
1460026,25,dilate_r2,0.45011783189316573,11200,78.2048568725586,80.6078872680664
1460026,25,erode_r1,0.4762216404886562,4802,78.2048568725586,76.39669799804688
1460026,25,erode_r2,0.09947643979057591,8256,78.2048568725586,60.06296157836914
1460026,25,region_drop_10pct,0.9598603839441536,368,78.2048568725586,77.41636657714844
1460026,25,region_drop_25pct,0.881326352530541,1088,78.2048568725586,78.7861099243164
1460026,25,region_drop_50pct,0.6771378708551483,2960,78.2048568725586,77.73714447021484
1460026,25,blur_rethresh,0.9359982760478397,594,78.2048568725586,78.01309967041016
1460026,50,dilate_r1,0.6630325055521906,6676,78.25309753417969,79.81908416748047
1460026,50,dilate_r2,0.5012210012210012,13072,78.25309753417969,81.56685638427734
1460026,50,erode_r1,0.5283191230207065,6196,78.25309753417969,76.14000701904297
1460026,50,erode_r2,0.1510353227771011,11152,78.25309753417969,65.66326141357422
1460026,50,region_drop_10pct,0.9476248477466505,688,78.25309753417969,79.02851104736328
1460026,50,region_drop_25pct,0.8587088915956151,1856,78.25309753417969,78.35686492919922
1460026,50,region_drop_50pct,0.9354445797807551,848,78.25309753417969,76.9309310913086
1460026,50,blur_rethresh,0.9410931325031691,790,78.25309753417969,77.96664428710938
1460026,100,dilate_r1,0.7146720757268424,6752,75.9287109375,79.45870208740234
1460026,100,dilate_r2,0.5716603569497025,12672,75.9287109375,82.45918273925781
1460026,100,erode_r1,0.6000473036896878,6764,75.9287109375,71.76142120361328
1460026,100,erode_r2,0.2478713339640492,12720,75.9287109375,64.30374908447266
1460026,100,region_drop_10pct,0.9905392620624409,160,75.9287109375,75.65617370605469
1460026,100,region_drop_25pct,0.09176915799432356,15360,75.9287109375,83.57731628417969
1460026,100,region_drop_50pct,0.07568590350047304,15632,75.9287109375,74.382568359375
1460026,100,blur_rethresh,0.9499682978846044,868,75.9287109375,75.27266693115234
1495023,1,dilate_r1,0.5602240896358543,942,57.89175796508789,63.140960693359375
1495023,1,dilate_r2,0.3826530612244898,1936,57.89175796508789,66.05097961425781
1495023,1,erode_r1,0.37166666666666665,754,57.89175796508789,45.831790924072266
1495023,1,erode_r2,0.013333333333333334,1184,57.89175796508789,30.380203247070312
1495023,1,region_drop_10pct,1.0,0,57.89175796508789,57.89175796508789
1495023,1,region_drop_25pct,0.8133333333333334,224,57.89175796508789,68.17838287353516
1495023,1,region_drop_50pct,0.68,384,57.89175796508789,15.594534873962402
1495023,1,blur_rethresh,0.9200666111573689,96,57.89175796508789,55.14296340942383
1495023,3,dilate_r1,0.5551425030978935,2872,94.3858642578125,94.6926498413086
1495023,3,dilate_r2,0.3764705882352941,5936,94.3858642578125,94.14008331298828
1495023,3,erode_r1,0.36495535714285715,2276,94.3858642578125,92.04478454589844
1495023,3,erode_r2,0.008928571428571428,3552,94.3858642578125,18.451305389404297
1495023,3,region_drop_10pct,0.8794642857142857,432,94.3858642578125,94.5515365600586
1495023,3,region_drop_25pct,0.78125,784,94.3858642578125,90.29084777832031
1495023,3,region_drop_50pct,0.5089285714285714,1760,94.3858642578125,89.85017395019531
1495023,3,blur_rethresh,0.9147157190635451,306,94.3858642578125,94.19239044189453
1495023,5,dilate_r1,0.5635175545464614,3941,92.6097640991211,92.90911102294922
1495023,5,dilate_r2,0.3855713852682631,8108,92.6097640991211,92.30143737792969
1495023,5,erode_r1,0.3767688679245283,3171,92.6097640991211,90.88886260986328
1495023,5,erode_r2,0.01179245283018868,5028,92.6097640991211,88.61351776123047
1495023,5,region_drop_10pct,0.9465408805031447,272,92.6097640991211,88.4321517944336
1495023,5,region_drop_25pct,0.8050314465408805,992,92.6097640991211,94.15017700195312
1495023,5,region_drop_50pct,0.44654088050314467,2816,92.6097640991211,97.81153106689453
1495023,5,blur_rethresh,0.916422000391466,427,92.6097640991211,92.552001953125
1495023,10,dilate_r1,0.5690498795004747,5901,92.0768814086914,91.9000015258789
1495023,10,dilate_r2,0.3895220955808838,12212,92.0768814086914,91.18126678466797
1495023,10,erode_r1,0.3892453798767967,4759,92.0768814086914,91.94782257080078
1495023,10,erode_r2,0.018993839835728953,7644,92.0768814086914,81.9988021850586
1495023,10,region_drop_10pct,0.8850102669404517,896,92.0768814086914,90.78148651123047
1495023,10,region_drop_25pct,0.7474332648870636,1968,92.0768814086914,93.10929107666016
1495023,10,region_drop_50pct,0.5174537987679672,3760,92.0768814086914,90.59262084960938
1495023,10,blur_rethresh,0.9163900944600459,655,92.0768814086914,92.3007583618164
1495023,25,dilate_r1,0.601588206905629,9081,87.73513793945312,87.61093139648438
1495023,25,dilate_r2,0.4286607477804177,18276,87.73513793945312,87.37810516357422
1495023,25,erode_r1,0.4335618436406068,7767,87.73513793945312,87.84368133544922
1495023,25,erode_r2,0.05046674445740957,13020,87.73513793945312,82.65655517578125
1495023,25,region_drop_10pct,0.9509918319719953,672,87.73513793945312,88.07585906982422
1495023,25,region_drop_25pct,0.8401400233372228,2192,87.73513793945312,87.37450408935547
1495023,25,region_drop_50pct,0.5460910151691949,6224,87.73513793945312,86.20040130615234
1495023,25,blur_rethresh,0.9245757837215991,1049,87.73513793945312,87.77571868896484
1495023,50,dilate_r1,0.6680802479204045,10175,86.65018463134766,86.64314270019531
1495023,50,dilate_r2,0.5141078421528266,19356,86.65018463134766,86.64846801757812
1495023,50,erode_r1,0.524169921875,9745,86.65018463134766,86.69001007080078
1495023,50,erode_r2,0.1388671875,17636,86.65018463134766,85.18250274658203
1495023,50,region_drop_10pct,0.9953125,96,86.65018463134766,86.6520767211914
1495023,50,region_drop_25pct,0.0390625,19680,86.65018463134766,54.63201141357422
1495023,50,region_drop_50pct,0.96484375,720,86.65018463134766,86.65423583984375
1495023,50,blur_rethresh,0.9411624583134827,1235,86.65018463134766,86.61457061767578
1495023,100,dilate_r1,0.7851201851901698,7983,85.07627868652344,86.10201263427734
1495023,100,dilate_r2,0.6735014316061697,14140,85.07627868652344,86.77825927734375
1495023,100,erode_r1,0.6996365880416895,8761,85.07627868652344,83.52687072753906
1495023,100,erode_r2,0.4085298957761931,17252,85.07627868652344,81.00823974609375
1495023,100,region_drop_10pct,1.0,0,85.07627868652344,85.07627868652344
1495023,100,region_drop_25pct,0.9994514536478333,16,85.07627868652344,85.06803131103516
1495023,100,region_drop_50pct,0.9923203510696654,224,85.07627868652344,84.9546890258789
1495023,100,blur_rethresh,0.960702480718507,1177,85.07627868652344,84.87481689453125
1496028,1,dilate_r1,0.6019047619047619,2508,36.029869079589844,39.330623626708984
1496028,1,dilate_r2,0.4281842818428184,5064,36.029869079589844,41.06088638305664
1496028,1,erode_r1,0.4388185654008439,2128,36.029869079589844,30.973331451416016
1496028,1,erode_r2,0.06540084388185655,3544,36.029869079589844,4.345091819763184
1496028,1,region_drop_10pct,1.0,0,36.029869079589844,36.029869079589844
1496028,1,region_drop_25pct,0.6497890295358649,1328,36.029869079589844,47.95547866821289
1496028,1,region_drop_50pct,0.4936708860759494,1920,36.029869079589844,16.21769142150879
1496028,1,blur_rethresh,0.9498945147679325,190,36.029869079589844,34.943870544433594
1496028,3,dilate_r1,0.5947169811320755,4296,67.78043365478516,67.72872161865234
1496028,3,dilate_r2,0.4184811471056824,8760,67.78043365478516,67.46443176269531
1496028,3,erode_r1,0.4276649746192893,3608,67.78043365478516,68.41187286376953
1496028,3,erode_r2,0.046954314720812185,6008,67.78043365478516,48.26348876953125
1496028,3,region_drop_10pct,0.9822335025380711,112,67.78043365478516,68.62933349609375
1496028,3,region_drop_25pct,0.7944162436548223,1296,67.78043365478516,49.78754806518555
1496028,3,region_drop_50pct,0.5329949238578681,2944,67.78043365478516,76.22237396240234
1496028,3,blur_rethresh,0.9441978440076094,352,67.78043365478516,67.88216400146484
1496028,5,dilate_r1,0.6000600060006,5332,68.33898162841797,68.08757019042969
1496028,5,dilate_r2,0.4231908590774439,10904,68.33898162841797,67.82899475097656
1496028,5,erode_r1,0.4385,4492,68.33898162841797,68.58679962158203
1496028,5,erode_r2,0.057,7544,68.33898162841797,55.34074020385742
1496028,5,region_drop_10pct,0.854,1168,68.33898162841797,68.63279724121094
1496028,5,region_drop_25pct,0.69,2480,68.33898162841797,68.10359191894531
1496028,5,region_drop_50pct,0.36,5120,68.33898162841797,61.7002067565918
1496028,5,blur_rethresh,0.9453115245348982,438,68.33898162841797,68.47479248046875
1496028,10,dilate_r1,0.6261585993820803,6534,68.28734588623047,68.07388305664062
1496028,10,dilate_r2,0.45118733509234826,13312,68.28734588623047,67.94234466552734
1496028,10,erode_r1,0.48921783625730997,5590,68.28734588623047,68.19489288330078
1496028,10,erode_r2,0.1286549707602339,9536,68.28734588623047,60.57718276977539
1496028,10,region_drop_10pct,0.9707602339181286,320,68.28734588623047,69.32258605957031
1496028,10,region_drop_25pct,0.6505847953216374,3824,68.28734588623047,69.50652313232422
1496028,10,region_drop_50pct,0.5131578947368421,5328,68.28734588623047,62.788307189941406
1496028,10,blur_rethresh,0.948680618744313,564,68.28734588623047,68.37699890136719
1496028,25,dilate_r1,0.6599385695480474,7750,65.24017333984375,66.3595199584961
1496028,25,dilate_r2,0.49343832020997375,15440,65.24017333984375,66.89664459228516
1496028,25,erode_r1,0.5371010638297873,6962,65.24017333984375,62.35382843017578
1496028,25,erode_r2,0.1829787234042553,12288,65.24017333984375,48.32133483886719
1496028,25,region_drop_10pct,0.9361702127659575,960,65.24017333984375,64.04370880126953
1496028,25,region_drop_25pct,0.19680851063829788,12080,65.24017333984375,73.3495864868164
1496028,25,region_drop_50pct,0.8404255319148937,2400,65.24017333984375,63.49814987182617
1496028,25,blur_rethresh,0.9495632757601629,768,65.24017333984375,65.07561492919922
1496028,50,dilate_r1,0.6856809395287767,8618,65.27523803710938,66.21267700195312
1496028,50,dilate_r2,0.527615626403233,16832,65.27523803710938,66.53573608398438
1496028,50,erode_r1,0.5715957446808511,8054,65.27523803710938,62.31757736206055
1496028,50,erode_r2,0.2246808510638298,14576,65.27523803710938,49.584110260009766
1496028,50,region_drop_10pct,0.9931914893617021,128,65.27523803710938,65.27439880371094
1496028,50,region_drop_25pct,0.9889361702127659,208,65.27523803710938,65.39710998535156
1496028,50,region_drop_50pct,0.03659574468085106,18112,65.27523803710938,38.446571350097656
1496028,50,blur_rethresh,0.9511659521070793,934,65.27523803710938,65.11394500732422
1496028,100,dilate_r1,0.7413527344472532,8390,64.1839370727539,65.29508209228516
1496028,100,dilate_r2,0.6048289738430583,15712,64.1839370727539,65.66851043701172
1496028,100,erode_r1,0.645791749833666,8518,64.1839370727539,61.33692932128906
1496028,100,erode_r2,0.3253493013972056,16224,64.1839370727539,52.28956604003906
1496028,100,region_drop_10pct,1.0,0,64.1839370727539,64.1839370727539
1496028,100,region_drop_25pct,1.0,0,64.1839370727539,64.1839370727539
1496028,100,region_drop_50pct,0.9993346640053227,16,64.1839370727539,64.17638397216797
1496028,100,blur_rethresh,0.9588383632961848,1012,64.1839370727539,64.14591979980469
1505025,1,dilate_r1,0.5641838351822503,1100,76.78385925292969,74.4688720703125
1505025,1,dilate_r2,0.388646288209607,2240,76.78385925292969,72.1343994140625
1505025,1,erode_r1,0.3707865168539326,896,76.78385925292969,79.09615325927734
1505025,1,erode_r2,0.0,1424,76.78385925292969,
1505025,1,region_drop_10pct,1.0,0,76.78385925292969,76.78385925292969
1505025,1,region_drop_25pct,0.8089887640449438,272,76.78385925292969,83.43621063232422
1505025,1,region_drop_50pct,0.550561797752809,640,76.78385925292969,9.765265464782715
1505025,1,blur_rethresh,0.9283707865168539,102,76.78385925292969,77.77718353271484
1505025,3,dilate_r1,0.5707462686567164,2876,59.29096603393555,59.57872772216797
1505025,3,dilate_r2,0.39373970345963755,5888,59.29096603393555,59.99483871459961
1505025,3,erode_r1,0.38284518828451886,2360,59.29096603393555,59.15682601928711
1505025,3,erode_r2,0.0,3824,59.29096603393555,
1505025,3,region_drop_10pct,0.9246861924686193,288,59.29096603393555,61.77738952636719
1505025,3,region_drop_25pct,0.6569037656903766,1312,59.29096603393555,45.43997573852539
1505025,3,region_drop_50pct,0.5146443514644351,1856,59.29096603393555,39.352596282958984
1505025,3,blur_rethresh,0.9305120167189133,266,59.29096603393555,59.24467086791992
1505025,5,dilate_r1,0.5670704351727232,3860,65.31356048583984,64.65911102294922
1505025,5,dilate_r2,0.38964241676942046,7920,65.31356048583984,63.94102478027344
1505025,5,erode_r1,0.379746835443038,3136,65.31356048583984,65.56161499023438
1505025,5,erode_r2,0.006329113924050633,5024,65.31356048583984,37.578346252441406
1505025,5,region_drop_10pct,0.939873417721519,304,65.31356048583984,66.58643341064453
1505025,5,region_drop_25pct,0.7753164556962026,1136,65.31356048583984,64.33478546142578
1505025,5,region_drop_50pct,0.5506329113924051,2272,65.31356048583984,61.22542953491211
1505025,5,blur_rethresh,0.9253554502369669,378,65.31356048583984,65.62030029296875
1505025,10,dilate_r1,0.5756065137919575,5108,65.27752685546875,64.95002746582031
1505025,10,dilate_r2,0.39761248852157943,10496,65.27752685546875,64.44693756103516
1505025,10,erode_r1,0.394919168591224,4192,65.27752685546875,64.61125183105469
1505025,10,erode_r2,0.013856812933025405,6832,65.27752685546875,49.67634201049805
1505025,10,region_drop_10pct,0.9122401847575058,608,65.27752685546875,67.25885772705078
1505025,10,region_drop_25pct,0.7598152424942263,1664,65.27752685546875,71.35072326660156
1505025,10,region_drop_50pct,0.5704387990762124,2976,65.27752685546875,59.106407165527344
1505025,10,blur_rethresh,0.9269380123687617,508,65.27752685546875,65.43138885498047
1505025,25,dilate_r1,0.5920925747348119,6768,65.93428039550781,64.98941802978516
1505025,25,dilate_r2,0.41683638832315,13744,65.93428039550781,64.14598083496094
1505025,25,erode_r1,0.4210097719869707,5688,65.93428039550781,66.21234130859375
1505025,25,erode_r2,0.04071661237785016,9424,65.93428039550781,68.69062042236328
1505025,25,region_drop_10pct,0.8664495114006515,1312,65.93428039550781,65.4094009399414
1505025,25,region_drop_25pct,0.8697068403908795,1280,65.93428039550781,65.4710922241211
1505025,25,region_drop_50pct,0.2736156351791531,7136,65.93428039550781,59.34611511230469
1505025,25,blur_rethresh,0.9287372564853135,706,65.93428039550781,66.11894226074219
1505025,50,dilate_r1,0.6259453170447935,7716,67.46576690673828,65.94264221191406
1505025,50,dilate_r2,0.45644796380090497,15376,67.46576690673828,64.53929138183594
1505025,50,erode_r1,0.4739776951672863,6792,67.46576690673828,69.15293884277344
1505025,50,erode_r2,0.09541511771995044,11680,67.46576690673828,69.90645599365234
1505025,50,region_drop_10pct,0.8451053283767038,2000,67.46576690673828,71.91004943847656
1505025,50,region_drop_25pct,0.8636926889714994,1760,67.46576690673828,67.14619445800781
1505025,50,region_drop_50pct,0.29120198265179675,9152,67.46576690673828,31.281808853149414
1505025,50,blur_rethresh,0.9373615461003743,820,67.46576690673828,67.72001647949219
1505025,100,dilate_r1,0.6696950032446464,8144,66.37712860107422,65.18694305419922
1505025,100,dilate_r2,0.5149700598802395,15552,66.37712860107422,63.77159881591797
1505025,100,erode_r1,0.529796511627907,7764,66.37712860107422,67.20166015625
1505025,100,erode_r2,0.1501937984496124,14032,66.37712860107422,66.83436584472656
1505025,100,region_drop_10pct,0.999031007751938,16,66.37712860107422,66.39745330810547
1505025,100,region_drop_25pct,0.9951550387596899,80,66.37712860107422,66.50233459472656
1505025,100,region_drop_50pct,0.9786821705426356,352,66.37712860107422,66.82218170166016
1505025,100,blur_rethresh,0.9434152116010655,956,66.37712860107422,66.53011322021484
1521025,1,dilate_r1,0.5865509761388287,1906,58.12547302246094,61.32756805419922
1521025,1,dilate_r2,0.41169305724725946,3864,58.12547302246094,62.853519439697266
1521025,1,erode_r1,0.41050295857988167,1594,58.12547302246094,50.606895446777344
1521025,1,erode_r2,0.03254437869822485,2616,58.12547302246094,0.0
1521025,1,region_drop_10pct,1.0,0,58.12547302246094,58.12547302246094
1521025,1,region_drop_25pct,0.8994082840236687,272,58.12547302246094,45.493507385253906
1521025,1,region_drop_50pct,0.6627218934911243,912,58.12547302246094,50.52345657348633
1521025,1,blur_rethresh,0.9415896487985213,158,58.12547302246094,56.627586364746094
1521025,3,dilate_r1,0.5804941482444733,3226,62.68632507324219,64.54364013671875
1521025,3,dilate_r2,0.403470715835141,6600,62.68632507324219,65.31001281738281
1521025,3,erode_r1,0.4027777777777778,2666,62.68632507324219,58.82833480834961
1521025,3,erode_r2,0.023297491039426525,4360,62.68632507324219,1.1019099950790405
1521025,3,region_drop_10pct,0.9247311827956989,336,62.68632507324219,64.07471466064453
1521025,3,region_drop_25pct,0.5483870967741935,2016,62.68632507324219,55.17049789428711
1521025,3,region_drop_50pct,0.6487455197132617,1568,62.68632507324219,65.00817108154297
1521025,3,blur_rethresh,0.9359749272442355,286,62.68632507324219,61.87581253051758
1521025,5,dilate_r1,0.5831472081218274,4106,61.960384368896484,63.13761520385742
1521025,5,dilate_r2,0.4067988668555241,8376,61.960384368896484,63.85017776489258
1521025,5,erode_r1,0.40564066852367686,3414,61.960384368896484,59.610382080078125
1521025,5,erode_r2,0.023676880222841225,5608,61.960384368896484,30.198522567749023
1521025,5,region_drop_10pct,0.9331476323119777,384,61.960384368896484,64.01175689697266
1521025,5,region_drop_25pct,0.7994428969359332,1152,61.960384368896484,58.92002487182617
1521025,5,region_drop_50pct,0.415041782729805,3360,61.960384368896484,63.69071960449219
1521025,5,blur_rethresh,0.934375,378,61.960384368896484,61.37596130371094
1521025,10,dilate_r1,0.58530770376993,5566,65.99715423583984,66.47635650634766
1521025,10,dilate_r2,0.40933722384326804,11336,65.99715423583984,66.51416015625
1521025,10,erode_r1,0.41064154786150714,4630,65.99715423583984,64.14569854736328
1521025,10,erode_r2,0.03360488798370672,7592,65.99715423583984,35.00128173828125
1521025,10,region_drop_10pct,0.9185336048879837,640,65.99715423583984,68.34984588623047
1521025,10,region_drop_25pct,0.7067209775967414,2304,65.99715423583984,71.57762145996094
1521025,10,region_drop_50pct,0.570264765784114,3376,65.99715423583984,69.7008285522461
1521025,10,blur_rethresh,0.9308423052564915,546,65.99715423583984,65.6344985961914
1521025,25,dilate_r1,0.6122573432259376,7630,70.47698974609375,70.2802963256836
1521025,25,dilate_r2,0.4404796724188359,15304,70.47698974609375,70.00190734863281
1521025,25,erode_r1,0.4543492695883134,6574,70.47698974609375,70.75273132324219
1521025,25,erode_r2,0.08034528552456839,11080,70.47698974609375,71.82769775390625
1521025,25,region_drop_10pct,0.9335989375830013,800,70.47698974609375,71.48017120361328
1521025,25,region_drop_25pct,0.8618857901726428,1664,70.47698974609375,74.25631713867188
1521025,25,region_drop_50pct,0.4448871181938911,6688,70.47698974609375,81.66935729980469
1521025,25,blur_rethresh,0.9360880637476382,778,70.47698974609375,70.49916076660156
1521025,50,dilate_r1,0.6598976780794963,8642,70.9849624633789,70.77295684814453
1521025,50,dilate_r2,0.5001193032689095,16760,70.9849624633789,70.49662017822266
1521025,50,erode_r1,0.523020038167939,7998,70.9849624633789,71.06156158447266
1521025,50,erode_r2,0.15410305343511452,14184,70.9849624633789,69.44737243652344
1521025,50,region_drop_10pct,0.9980916030534351,32,70.9849624633789,71.01123046875
1521025,50,region_drop_25pct,0.9370229007633588,1056,70.9849624633789,70.95870208740234
1521025,50,region_drop_50pct,0.0715648854961832,15568,70.9849624633789,59.953800201416016
1521025,50,blur_rethresh,0.9435894435016677,964,70.9849624633789,71.03496551513672
1521025,100,dilate_r1,0.7247442668984422,8234,70.57212829589844,70.6246566772461
1521025,100,dilate_r2,0.589002390784612,15128,70.57212829589844,70.42768096923828
1521025,100,erode_r1,0.6152214022140221,8342,70.57212829589844,70.08419799804688
1521025,100,erode_r2,0.2822878228782288,15560,70.57212829589844,66.36138916015625
1521025,100,region_drop_10pct,1.0,0,70.57212829589844,70.57212829589844
1521025,100,region_drop_25pct,1.0,0,70.57212829589844,70.57212829589844
1521025,100,region_drop_50pct,0.9992619926199262,16,70.57212829589844,70.55786895751953
1521025,100,blur_rethresh,0.9540012602394455,1022,70.57212829589844,70.57278442382812
1533026,1,dilate_r1,0.56875,1104,51.5839729309082,52.466033935546875
1533026,1,dilate_r2,0.3922413793103448,2256,51.5839729309082,54.14533233642578
1533026,1,erode_r1,0.3791208791208791,904,51.5839729309082,51.259822845458984
1533026,1,erode_r2,0.0,1456,51.5839729309082,
1533026,1,region_drop_10pct,1.0,0,51.5839729309082,51.5839729309082
1533026,1,region_drop_25pct,0.7582417582417582,352,51.5839729309082,39.51700973510742
1533026,1,region_drop_50pct,0.5384615384615384,672,51.5839729309082,33.10847854614258
1533026,1,blur_rethresh,0.9299931365820179,102,51.5839729309082,51.48100280761719
1533026,3,dilate_r1,0.5717439293598234,3104,55.52439880371094,56.26308059692383
1533026,3,dilate_r2,0.39361702127659576,6384,55.52439880371094,57.34237289428711
1533026,3,erode_r1,0.38706563706563707,2540,55.52439880371094,55.247066497802734
1533026,3,erode_r2,0.003861003861003861,4128,55.52439880371094,0.8385255336761475
1533026,3,region_drop_10pct,0.9227799227799228,320,55.52439880371094,57.48149490356445
1533026,3,region_drop_25pct,0.8185328185328186,752,55.52439880371094,55.98246383666992
1533026,3,region_drop_50pct,0.6061776061776062,1632,55.52439880371094,55.849708557128906
1533026,3,blur_rethresh,0.9296215955651964,292,55.52439880371094,55.36655044555664
1533026,5,dilate_r1,0.5834962847086429,4260,59.882633209228516,60.34911346435547
1533026,5,dilate_r2,0.40455531453362253,8784,59.882633209228516,61.34977340698242
1533026,5,erode_r1,0.40951742627345844,3524,59.882633209228516,60.200069427490234
1533026,5,erode_r2,0.021447721179624665,5840,59.882633209228516,72.47813415527344
1533026,5,region_drop_10pct,0.9142091152815014,512,59.882633209228516,60.12977600097656
1533026,5,region_drop_25pct,0.8203753351206434,1072,59.882633209228516,53.10032272338867
1533026,5,region_drop_50pct,0.4932975871313673,3024,59.882633209228516,64.35533905029297
1533026,5,blur_rethresh,0.9347717009533367,390,59.882633209228516,59.87221908569336
1533026,10,dilate_r1,0.6186009112838381,5692,67.74861145019531,68.17121887207031
1533026,10,dilate_r2,0.4431643625192012,11600,67.74861145019531,69.142822265625
1533026,10,erode_r1,0.47357019064124783,4860,67.74861145019531,68.40232849121094
1533026,10,erode_r2,0.10398613518197573,8272,67.74861145019531,77.93637084960938
1533026,10,region_drop_10pct,0.9445407279029463,512,67.74861145019531,65.11015319824219
1533026,10,region_drop_25pct,0.6637781629116117,3104,67.74861145019531,63.36069107055664
1533026,10,region_drop_50pct,0.5389948006932409,4256,67.74861145019531,65.31739807128906
1533026,10,blur_rethresh,0.9444085326438267,516,67.74861145019531,67.713623046875
1533026,25,dilate_r1,0.6542313700266471,7526,74.22660827636719,75.13611602783203
1533026,25,dilate_r2,0.48474945533769065,15136,74.22660827636719,76.37004089355469
1533026,25,erode_r1,0.5330056179775281,6650,74.22660827636719,74.0169448852539
1533026,25,erode_r2,0.18314606741573033,11632,74.22660827636719,76.45783233642578
1533026,25,region_drop_10pct,0.9955056179775281,64,74.22660827636719,74.12358856201172
1533026,25,region_drop_25pct,0.1404494382022472,12240,74.22660827636719,81.9522476196289
1533026,25,region_drop_50pct,0.19775280898876405,11424,74.22660827636719,72.5233154296875
1533026,25,blur_rethresh,0.9468203276867537,766,74.22660827636719,73.95338439941406
1533026,50,dilate_r1,0.6981796389242639,8058,74.11931610107422,75.6902847290039
1533026,50,dilate_r2,0.5438842203548085,15632,74.11931610107422,77.33200073242188
1533026,50,erode_r1,0.5872317596566523,7694,74.11931610107422,73.0594711303711
1533026,50,erode_r2,0.23948497854077253,14176,74.11931610107422,73.19216918945312
1533026,50,region_drop_10pct,0.9948497854077253,96,74.11931610107422,74.36927795410156
1533026,50,region_drop_25pct,0.9871244635193133,240,74.11931610107422,73.24288940429688
1533026,50,region_drop_50pct,0.959656652360515,752,74.11931610107422,72.33142852783203
1533026,50,blur_rethresh,0.9499605781865966,952,74.11931610107422,73.67955780029297
1533026,100,dilate_r1,0.7744868961161983,7142,72.94034576416016,75.22587585449219
1533026,100,dilate_r2,0.6501272264631043,13200,72.94034576416016,77.43257904052734
1533026,100,erode_r1,0.6983855185909981,7398,72.94034576416016,71.12908172607422
1533026,100,erode_r2,0.4200913242009132,14224,72.94034576416016,69.15155792236328
1533026,100,region_drop_10pct,1.0,0,72.94034576416016,72.94034576416016
1533026,100,region_drop_25pct,0.0182648401826484,24080,72.94034576416016,75.69648742675781
1533026,100,region_drop_50pct,0.9882583170254403,288,72.94034576416016,72.30339050292969
1533026,100,blur_rethresh,0.9635115174258454,914,72.94034576416016,72.53678894042969
1544022,1,dilate_r1,0.5834683954619124,2056,67.0727767944336,67.01642608642578
1544022,1,dilate_r2,0.40632054176072235,4208,67.0727767944336,67.06836700439453
1544022,1,erode_r1,0.40555555555555556,1712,67.0727767944336,67.06077575683594
1544022,1,erode_r2,0.016666666666666666,2832,67.0727767944336,22.93505859375
1544022,1,region_drop_10pct,0.7388888888888889,752,67.0727767944336,76.14801025390625
1544022,1,region_drop_25pct,0.9,288,67.0727767944336,69.5248031616211
1544022,1,region_drop_50pct,0.6666666666666666,960,67.0727767944336,58.929988861083984
1544022,1,blur_rethresh,0.9396043040610899,174,67.0727767944336,67.00592803955078
1544022,3,dilate_r1,0.582441113490364,4290,75.76642608642578,76.01054382324219
1544022,3,dilate_r2,0.40520043336944744,8784,75.76642608642578,76.19036102294922
1544022,3,erode_r1,0.4034090909090909,3570,75.76642608642578,75.16043853759766
1544022,3,erode_r2,0.013368983957219251,5904,75.76642608642578,49.43266677856445
1544022,3,region_drop_10pct,0.9117647058823529,528,75.76642608642578,76.86572265625
1544022,3,region_drop_25pct,0.7406417112299465,1552,75.76642608642578,71.30017852783203
1544022,3,region_drop_50pct,0.4197860962566845,3472,75.76642608642578,68.33209228515625
1544022,3,blur_rethresh,0.9375730262059756,374,75.76642608642578,75.5291519165039
1544022,5,dilate_r1,0.5905900701845594,6300,73.32778930664062,73.67529296875
1544022,5,dilate_r2,0.4139941690962099,12864,73.32778930664062,73.9185791015625
1544022,5,erode_r1,0.4168133802816901,5300,73.32778930664062,72.49464416503906
1544022,5,erode_r2,0.02464788732394366,8864,73.32778930664062,58.40519332885742
1544022,5,region_drop_10pct,0.8714788732394366,1168,73.32778930664062,74.75629425048828
1544022,5,region_drop_25pct,0.6637323943661971,3056,73.32778930664062,74.75436401367188
1544022,5,region_drop_50pct,0.4454225352112676,5040,73.32778930664062,72.05596923828125
1544022,5,blur_rethresh,0.9398595258999122,548,73.32778930664062,73.0749282836914
1544022,10,dilate_r1,0.6008119079837618,9440,73.7894287109375,74.3245849609375
1544022,10,dilate_r2,0.4268204758471521,19080,73.7894287109375,74.46932983398438
1544022,10,erode_r1,0.43271396396396394,8060,73.7894287109375,72.49561309814453
1544022,10,erode_r2,0.04560810810810811,13560,73.7894287109375,57.326690673828125
1544022,10,region_drop_10pct,0.9380630630630631,880,73.7894287109375,74.45133972167969
1544022,10,region_drop_25pct,0.7207207207207207,3968,73.7894287109375,73.86409759521484
1544022,10,region_drop_50pct,0.4560810810810811,7728,73.7894287109375,79.4554443359375
1544022,10,blur_rethresh,0.9418686090488864,830,73.7894287109375,73.49478149414062
1544022,25,dilate_r1,0.6364408404788647,13271,74.23211669921875,74.67146301269531
1544022,25,dilate_r2,0.47077895760719785,26116,74.23211669921875,74.75568389892578
1544022,25,erode_r1,0.48635502754820936,11933,74.23211669921875,72.9970703125
1544022,25,erode_r2,0.106232782369146,20764,74.23211669921875,67.651611328125
1544022,25,region_drop_10pct,0.990358126721763,224,74.23211669921875,74.31491088867188
1544022,25,region_drop_25pct,0.5268595041322314,10992,74.23211669921875,63.211090087890625
1544022,25,region_drop_50pct,0.4462809917355372,12864,74.23211669921875,78.78689575195312
1544022,25,blur_rethresh,0.9483088704530951,1215,74.23211669921875,74.07345581054688
1544022,50,dilate_r1,0.6842302189941675,14347,73.22711181640625,73.70889282226562
1544022,50,dilate_r2,0.5350774526678141,27012,73.22711181640625,73.91163635253906
1544022,50,erode_r1,0.5520779722079259,13925,73.22711181640625,72.24784851074219
1544022,50,erode_r2,0.18540916109109623,25324,73.22711181640625,69.3824234008789
1544022,50,region_drop_10pct,0.9989706639217705,32,73.22711181640625,73.17962646484375
1544022,50,region_drop_25pct,0.9969119917653114,96,73.22711181640625,73.16398620605469
1544022,50,region_drop_50pct,0.993309315491508,208,73.22711181640625,73.29086303710938
1544022,50,blur_rethresh,0.9530683644845085,1489,73.22711181640625,73.10891723632812
1544022,100,dilate_r1,0.7461833174507477,13051,72.51741790771484,73.44172668457031
1544022,100,dilate_r2,0.6233023588277341,23188,72.51741790771484,74.0342788696289
1544022,100,erode_r1,0.6341482485404504,14037,72.51741790771484,71.04305267333984
1544022,100,erode_r2,0.2928482068390325,27132,72.51741790771484,68.05696868896484
1544022,100,region_drop_10pct,1.0,0,72.51741790771484,72.51741790771484
1544022,100,region_drop_25pct,0.9991659716430359,32,72.51741790771484,72.49945068359375
1544022,100,region_drop_50pct,0.9979149291075896,80,72.51741790771484,72.46080780029297
1544022,100,blur_rethresh,0.9596792610824938,1589,72.51741790771484,72.41065216064453
1554028,1,dilate_r1,0.6008344923504868,1148,73.05136108398438,74.52207946777344
1554028,1,dilate_r2,0.4235294117647059,2352,73.05136108398438,74.91056823730469
1554028,1,erode_r1,0.4444444444444444,960,73.05136108398438,68.90963745117188
1554028,1,erode_r2,0.07407407407407407,1600,73.05136108398438,34.2518310546875
1554028,1,region_drop_10pct,1.0,0,73.05136108398438,73.05136108398438
1554028,1,region_drop_25pct,0.8518518518518519,256,73.05136108398438,54.240840911865234
1554028,1,region_drop_50pct,0.6018518518518519,688,73.05136108398438,96.2123031616211
1554028,1,blur_rethresh,0.9433526011560693,98,73.05136108398438,72.77660369873047
1554028,3,dilate_r1,0.5975024015369836,3352,73.43719482421875,75.251953125
1554028,3,dilate_r2,0.4191374663072776,6896,73.43719482421875,76.45846557617188
1554028,3,erode_r1,0.43890675241157556,2792,73.43719482421875,69.19934844970703
1554028,3,erode_r2,0.06430868167202572,4656,73.43719482421875,29.438461303710938
1554028,3,region_drop_10pct,0.9646302250803859,176,73.43719482421875,72.81380462646484
1554028,3,region_drop_25pct,0.7813504823151125,1088,73.43719482421875,76.87763977050781
1554028,3,region_drop_50pct,0.5080385852090032,2448,73.43719482421875,64.81017303466797
1554028,3,blur_rethresh,0.9421686746987952,288,73.43719482421875,72.88370513916016
1554028,5,dilate_r1,0.5870216306156406,4964,71.6307373046875,72.33757019042969
1554028,5,dilate_r2,0.4087117701575533,10208,71.6307373046875,73.1117172241211
1554028,5,erode_r1,0.42063492063492064,4088,71.6307373046875,70.39350128173828
1554028,5,erode_r2,0.049886621315192746,6704,71.6307373046875,37.109283447265625
1554028,5,region_drop_10pct,0.909297052154195,640,71.6307373046875,72.7064437866211
1554028,5,region_drop_25pct,0.7188208616780045,1984,71.6307373046875,70.27519989013672
1554028,5,region_drop_50pct,0.5419501133786848,3232,71.6307373046875,66.2584228515625
1554028,5,blur_rethresh,0.9362786745964317,450,71.6307373046875,71.52101135253906
1554028,10,dilate_r1,0.6056834681601327,7604,69.03504180908203,69.640625
1554028,10,dilate_r2,0.4287812041116006,15560,69.03504180908203,70.59683990478516
1554028,10,erode_r1,0.45445205479452055,6372,69.03504180908203,68.67308044433594
1554028,10,erode_r2,0.08972602739726028,10632,69.03504180908203,66.31212615966797
1554028,10,region_drop_10pct,0.8465753424657534,1792,69.03504180908203,69.93748474121094
1554028,10,region_drop_25pct,0.8301369863013699,1984,69.03504180908203,67.72339630126953
1554028,10,region_drop_50pct,0.6506849315068494,4080,69.03504180908203,68.47730255126953
1554028,10,blur_rethresh,0.9414425949637217,686,69.03504180908203,68.98116302490234
1554028,25,dilate_r1,0.6380233356211393,10548,68.72065734863281,69.79853057861328
1554028,25,dilate_r2,0.4694949494949495,21008,68.72065734863281,70.90060424804688
1554028,25,erode_r1,0.49978485370051634,9300,68.72065734863281,67.35572814941406
1554028,25,erode_r2,0.13855421686746988,16016,68.72065734863281,63.02871322631836
1554028,25,region_drop_10pct,0.4449225473321859,10320,68.72065734863281,66.43351745605469
1554028,25,region_drop_25pct,0.963855421686747,672,68.72065734863281,67.6796646118164
1554028,25,region_drop_50pct,0.7039586919104991,5504,68.72065734863281,59.960880279541016
1554028,25,blur_rethresh,0.9466482082956179,1002,68.72065734863281,68.45647430419922
1554028,50,dilate_r1,0.67461959139724,11483,69.09099578857422,70.75914764404297
1554028,50,dilate_r2,0.5184217402665273,22116,69.09099578857422,72.28658294677734
1554028,50,erode_r1,0.5490171370967742,10737,69.09099578857422,66.60517120361328
1554028,50,erode_r2,0.19640456989247312,19132,69.09099578857422,59.45118713378906
1554028,50,region_drop_10pct,0.9744623655913979,608,69.09099578857422,66.73297119140625
1554028,50,region_drop_25pct,0.991263440860215,208,69.09099578857422,69.13435363769531
1554028,50,region_drop_50pct,0.05241935483870968,22560,69.09099578857422,64.47827911376953
1554028,50,blur_rethresh,0.9519481056067429,1163,69.09099578857422,68.72340393066406
1554028,100,dilate_r1,0.7236220279634663,11287,68.91812133789062,70.7265853881836
1554028,100,dilate_r2,0.5872347190207455,20772,68.91812133789062,72.35136413574219
1554028,100,erode_r1,0.6133933405522469,11425,68.91812133789062,66.32662963867188
1554028,100,erode_r2,0.2784244721169464,21324,68.91812133789062,60.219505310058594
1554028,100,region_drop_10pct,1.0,0,68.91812133789062,68.91812133789062
1554028,100,region_drop_25pct,0.9891716296697347,320,68.91812133789062,68.6739730834961
1554028,100,region_drop_50pct,0.9805089334055225,576,68.91812133789062,68.79669189453125
1554028,100,blur_rethresh,0.9580093312597201,1269,68.91812133789062,68.64679718017578
1566028,1,dilate_r1,0.5420560747663551,392,16.018587112426758,15.972756385803223
1566028,1,dilate_r2,0.3625,816,16.018587112426758,16.283443450927734
1566028,1,erode_r1,0.3448275862068966,304,16.018587112426758,16.118574142456055
1566028,1,erode_r2,0.0,464,16.018587112426758,
1566028,1,region_drop_10pct,1.0,0,16.018587112426758,16.018587112426758
1566028,1,region_drop_25pct,0.6896551724137931,144,16.018587112426758,12.278301239013672
1566028,1,region_drop_50pct,0.5517241379310345,208,16.018587112426758,11.900142669677734
1566028,1,blur_rethresh,0.9051724137931034,44,16.018587112426758,16.02416229248047
1566028,3,dilate_r1,0.5694635488308115,2504,69.41795349121094,70.39192962646484
1566028,3,dilate_r2,0.391304347826087,5152,69.41795349121094,70.9564208984375
1566028,3,erode_r1,0.3828502415458937,2044,69.41795349121094,67.44429016113281
1566028,3,erode_r2,0.0,3312,69.41795349121094,
1566028,3,region_drop_10pct,0.893719806763285,352,69.41795349121094,72.64971160888672
1566028,3,region_drop_25pct,0.7439613526570048,848,69.41795349121094,74.40763092041016
1566028,3,region_drop_50pct,0.5990338164251208,1328,69.41795349121094,67.71004486083984
1566028,3,blur_rethresh,0.9305555555555556,230,69.41795349121094,69.03041076660156
1566028,5,dilate_r1,0.5644402634054563,3704,65.52819061279297,66.27369689941406
1566028,5,dilate_r2,0.3861003861003861,7632,65.52819061279297,66.77501678466797
1566028,5,erode_r1,0.37583333333333335,2996,65.52819061279297,64.0693130493164
1566028,5,erode_r2,0.0,4800,65.52819061279297,
1566028,5,region_drop_10pct,0.9166666666666666,400,65.52819061279297,63.370845794677734
1566028,5,region_drop_25pct,0.85,720,65.52819061279297,65.86785888671875
1566028,5,region_drop_50pct,0.5966666666666667,1936,65.52819061279297,60.02485656738281
1566028,5,blur_rethresh,0.92625,354,65.52819061279297,65.21310424804688
1566028,10,dilate_r1,0.5680628272251309,5280,60.56640625,61.120723724365234
1566028,10,dilate_r2,0.3895870736086176,10880,60.56640625,61.455894470214844
1566028,10,erode_r1,0.3813364055299539,4296,60.56640625,59.42461395263672
1566028,10,erode_r2,0.0,6944,60.56640625,
1566028,10,region_drop_10pct,0.9447004608294931,384,60.56640625,61.06557846069336
1566028,10,region_drop_25pct,0.8548387096774194,1008,60.56640625,62.90315628051758
1566028,10,region_drop_50pct,0.5368663594470046,3216,60.56640625,71.33634185791016
1566028,10,blur_rethresh,0.9274820143884892,504,60.56640625,60.298152923583984
1566028,25,dilate_r1,0.5909287257019439,7576,60.871368408203125,61.21155548095703
1566028,25,dilate_r2,0.4158054711246201,15376,60.871368408203125,61.53459167480469
1566028,25,erode_r1,0.41776315789473684,6372,60.871368408203125,60.320621490478516
1566028,25,erode_r2,0.03508771929824561,10560,60.871368408203125,45.205074310302734
1566028,25,region_drop_10pct,0.8845029239766082,1264,60.871368408203125,60.39701843261719
1566028,25,region_drop_25pct,0.8625730994152047,1504,60.871368408203125,62.53293991088867
1566028,25,region_drop_50pct,0.32456140350877194,7392,60.871368408203125,60.22797775268555
1566028,25,blur_rethresh,0.9352668424402218,712,60.871368408203125,60.68367004394531
1566028,50,dilate_r1,0.6253913043478261,8616,59.202518463134766,60.34450912475586
1566028,50,dilate_r2,0.45588235294117646,17168,59.202518463134766,61.172367095947266
1566028,50,erode_r1,0.4724694104560623,7588,59.202518463134766,57.525638580322266
1566028,50,erode_r2,0.09232480533926585,13056,59.202518463134766,51.55411148071289
1566028,50,region_drop_10pct,0.9766407119021134,336,59.202518463134766,58.672142028808594
1566028,50,region_drop_25pct,0.9833147942157954,240,59.202518463134766,58.89117431640625
1566028,50,region_drop_50pct,0.08120133481646273,13216,59.202518463134766,75.11857604980469
1566028,50,blur_rethresh,0.9393232205367561,884,59.202518463134766,58.87335968017578
1566028,100,dilate_r1,0.6590223295111648,9040,59.62113571166992,60.753440856933594
1566028,100,dilate_r2,0.5,17472,59.62113571166992,61.55860137939453
1566028,100,erode_r1,0.519459706959707,8396,59.62113571166992,58.03119659423828
1566028,100,erode_r2,0.14743589743589744,14896,59.62113571166992,55.18917465209961
1566028,100,region_drop_10pct,0.9945054945054945,96,59.62113571166992,59.45895004272461
1566028,100,region_drop_25pct,0.9926739926739927,128,59.62113571166992,59.4705810546875
1566028,100,region_drop_50pct,0.989010989010989,192,59.62113571166992,59.36191177368164
1566028,100,blur_rethresh,0.9462589240541908,956,59.62113571166992,59.37995529174805
1585026,1,dilate_r1,0.5774278215223098,1288,54.92662811279297,55.34637451171875
1585026,1,dilate_r2,0.40293040293040294,2608,54.92662811279297,55.54146194458008
1585026,1,erode_r1,0.3886363636363636,1076,54.92662811279297,53.83781051635742
1585026,1,erode_r2,0.0,1760,54.92662811279297,
1585026,1,region_drop_10pct,1.0,0,54.92662811279297,54.92662811279297
1585026,1,region_drop_25pct,0.7181818181818181,496,54.92662811279297,51.603267669677734
1585026,1,region_drop_50pct,0.4909090909090909,896,54.92662811279297,54.736026763916016
1585026,1,blur_rethresh,0.9397727272727273,106,54.92662811279297,54.69496154785156
1585026,3,dilate_r1,0.5654320987654321,2816,50.13038635253906,50.658416748046875
1585026,3,dilate_r2,0.38813559322033897,5776,50.13038635253906,51.46907424926758
1585026,3,erode_r1,0.37554585152838427,2288,50.13038635253906,49.89461135864258
1585026,3,erode_r2,0.0,3664,50.13038635253906,
1585026,3,region_drop_10pct,0.9956331877729258,16,50.13038635253906,50.15377426147461
1585026,3,region_drop_25pct,0.6855895196506551,1152,50.13038635253906,49.126502990722656
1585026,3,region_drop_50pct,0.5458515283842795,1664,50.13038635253906,27.748090744018555
1585026,3,blur_rethresh,0.9268957992362248,268,50.13038635253906,50.01138687133789
1585026,5,dilate_r1,0.5804051260851592,4060,51.16007995605469,52.113555908203125
1585026,5,dilate_r2,0.4025229357798165,8336,51.16007995605469,53.03477096557617
1585026,5,erode_r1,0.405982905982906,3336,51.16007995605469,50.9202995300293
1585026,5,erode_r2,0.03133903133903134,5440,51.16007995605469,30.3096981048584
1585026,5,region_drop_10pct,0.9857549857549858,80,51.16007995605469,50.95895004272461
1585026,5,region_drop_25pct,0.5783475783475783,2368,51.16007995605469,42.921634674072266
1585026,5,region_drop_50pct,0.4358974358974359,3168,51.16007995605469,53.19465637207031
1585026,5,blur_rethresh,0.9334756314478834,374,51.16007995605469,51.02833557128906
1585026,10,dilate_r1,0.5853658536585366,5780,53.198421478271484,54.08757019042969
1585026,10,dilate_r2,0.40702314445331206,11888,53.198421478271484,55.024147033691406
1585026,10,erode_r1,0.41274509803921566,4792,53.198421478271484,53.51386260986328
1585026,10,erode_r2,0.027450980392156862,7936,53.198421478271484,43.92042922973633
1585026,10,region_drop_10pct,0.8607843137254902,1136,53.198421478271484,52.73418045043945
1585026,10,region_drop_25pct,0.7019607843137254,2432,53.198421478271484,52.90412902832031
1585026,10,region_drop_50pct,0.7333333333333333,2176,53.198421478271484,54.34779357910156
1585026,10,blur_rethresh,0.9342459056465412,538,53.198421478271484,53.070377349853516
1585026,25,dilate_r1,0.6082390953150242,7760,56.15180969238281,56.73538589477539
1585026,25,dilate_r2,0.43350604490500866,15744,56.15180969238281,57.330787658691406
1585026,25,erode_r1,0.45152722443559096,6608,56.15180969238281,56.20083236694336
1585026,25,erode_r2,0.07569721115537849,11136,56.15180969238281,57.980857849121094
1585026,25,region_drop_10pct,0.9694555112881806,368,56.15180969238281,55.665283203125
1585026,25,region_drop_25pct,0.8831341301460823,1408,56.15180969238281,56.64775466918945
1585026,25,region_drop_50pct,0.6679946879150066,4000,56.15180969238281,56.622074127197266
1585026,25,blur_rethresh,0.9354838709677419,784,56.15180969238281,56.1492805480957
1585026,50,dilate_r1,0.6391148714611129,8872,57.89687728881836,58.1319694519043
1585026,50,dilate_r2,0.47166186359269935,17600,57.89687728881836,58.3375129699707
1585026,50,erode_r1,0.49261710794297353,7972,57.89687728881836,58.34426498413086
1585026,50,erode_r2,0.10896130346232179,14000,57.89687728881836,59.135440826416016
1585026,50,region_drop_10pct,0.9694501018329938,480,57.89687728881836,57.9971923828125
1585026,50,region_drop_25pct,0.9592668024439919,640,57.89687728881836,58.191741943359375
1585026,50,region_drop_50pct,0.8665987780040734,2096,57.89687728881836,58.99413299560547
1585026,50,blur_rethresh,0.9385404931781199,982,57.89687728881836,58.064857482910156
1585026,100,dilate_r1,0.686461454644511,9208,58.975868225097656,58.84272384643555
1585026,100,dilate_r2,0.5352591333899746,17504,58.975868225097656,58.63600540161133
1585026,100,erode_r1,0.5597222222222222,8876,58.975868225097656,59.28813552856445
1585026,100,erode_r2,0.1976190476190476,16176,58.975868225097656,59.88751983642578
1585026,100,region_drop_10pct,1.0,0,58.975868225097656,58.975868225097656
1585026,100,region_drop_25pct,0.9952380952380953,96,58.975868225097656,58.94277572631836
1585026,100,region_drop_50pct,0.9888888888888889,224,58.975868225097656,59.04030990600586
1585026,100,blur_rethresh,0.9470494108519614,1092,58.975868225097656,59.120792388916016
1602026,1,dilate_r1,0.602952602952603,3066,5.1344380378723145,5.5479254722595215
1602026,1,dilate_r2,0.4279411764705882,6224,5.1344380378723145,6.301665306091309
1602026,1,erode_r1,0.438573883161512,2614,5.1344380378723145,4.997544765472412
1602026,1,erode_r2,0.05154639175257732,4416,5.1344380378723145,5.519465923309326
1602026,1,region_drop_10pct,0.9003436426116839,464,5.1344380378723145,5.050713539123535
1602026,1,region_drop_25pct,0.7731958762886598,1056,5.1344380378723145,4.947701930999756
1602026,1,region_drop_50pct,0.6391752577319587,1680,5.1344380378723145,5.225764274597168
1602026,1,blur_rethresh,0.9506225848003435,230,5.1344380378723145,5.063253879547119
1602026,3,dilate_r1,0.5910181693520741,4772,57.18286895751953,58.12372970581055
1602026,3,dilate_r2,0.41482194417709334,9728,57.18286895751953,59.08732986450195
1602026,3,erode_r1,0.4193735498839907,4004,57.18286895751953,55.053192138671875
1602026,3,erode_r2,0.03480278422273782,6656,57.18286895751953,5.519465923309326
1602026,3,region_drop_10pct,0.9675174013921114,224,57.18286895751953,53.81351089477539
1602026,3,region_drop_25pct,0.7842227378190255,1488,57.18286895751953,62.30194854736328
1602026,3,region_drop_50pct,0.6635730858468677,2320,57.18286895751953,64.42256927490234
1602026,3,blur_rethresh,0.9434700681258154,390,57.18286895751953,56.798709869384766
1602026,5,dilate_r1,0.5905236907730673,5747,67.91116333007812,68.94342803955078
1602026,5,dilate_r2,0.41382065108847615,11740,67.91116333007812,69.80430603027344
1602026,5,erode_r1,0.42121138996138996,4797,67.91116333007812,65.02999114990234
1602026,5,erode_r2,0.04198841698841699,7940,67.91116333007812,6.165942668914795
1602026,5,region_drop_10pct,0.9131274131274131,720,67.91116333007812,69.57269287109375
1602026,5,region_drop_25pct,0.583011583011583,3456,67.91116333007812,76.47843170166016
1602026,5,region_drop_50pct,0.5463320463320464,3760,67.91116333007812,71.5465087890625
1602026,5,blur_rethresh,0.9417510853835022,483,67.91116333007812,67.46852111816406
1602026,10,dilate_r1,0.5894036061026352,7401,74.96478271484375,75.41364288330078
1602026,10,dilate_r2,0.41402961808261884,15036,74.96478271484375,75.76634216308594
1602026,10,erode_r1,0.41839231927710846,6179,74.96478271484375,73.80062103271484
1602026,10,erode_r2,0.04480421686746988,10148,74.96478271484375,29.896013259887695
1602026,10,region_drop_10pct,0.8418674698795181,1680,74.96478271484375,77.6141357421875
1602026,10,region_drop_25pct,0.7033132530120482,3152,74.96478271484375,76.31095123291016
1602026,10,region_drop_50pct,0.6626506024096386,3584,74.96478271484375,78.89420318603516
1602026,10,blur_rethresh,0.9390209527388894,649,74.96478271484375,74.81001281738281
1602026,25,dilate_r1,0.6055736457055864,9327,77.65062713623047,77.33707427978516
1602026,25,dilate_r2,0.4327329868246102,18772,77.65062713623047,77.28073120117188
1602026,25,erode_r1,0.44043296089385475,8013,77.65062713623047,78.64204406738281
1602026,25,erode_r2,0.05614525139664805,13516,77.65062713623047,79.01203918457031
1602026,25,region_drop_10pct,0.88268156424581,1680,77.65062713623047,76.81399536132812
1602026,25,region_drop_25pct,0.8067039106145252,2768,77.65062713623047,77.76732635498047
1602026,25,region_drop_50pct,0.2558659217877095,10656,77.65062713623047,72.71685791015625
1602026,25,blur_rethresh,0.9382835769204129,891,77.65062713623047,77.81808471679688
1602026,50,dilate_r1,0.6441169193793518,10069,76.7318115234375,76.98915100097656
1602026,50,dilate_r2,0.48125066018802154,19644,76.7318115234375,77.20238494873047
1602026,50,erode_r1,0.4939091308165057,9223,76.7318115234375,76.52651977539062
1602026,50,erode_r2,0.10776997366110623,16260,76.7318115234375,74.4209976196289
1602026,50,region_drop_10pct,0.315188762071993,12480,76.7318115234375,35.4715690612793
1602026,50,region_drop_25pct,0.29850746268656714,12784,76.7318115234375,23.290420532226562
1602026,50,region_drop_50pct,0.7497805092186128,4560,76.7318115234375,69.44550323486328
1602026,50,blur_rethresh,0.9449843429435266,1019,76.7318115234375,76.5720443725586
1602026,100,dilate_r1,0.707693243695434,9609,75.26782989501953,76.91322326660156
1602026,100,dilate_r2,0.5614441548412009,18172,75.26782989501953,77.4432144165039
1602026,100,erode_r1,0.5978765474552957,9355,75.26782989501953,71.06314849853516
1602026,100,erode_r2,0.2625515818431912,17156,75.26782989501953,56.97736740112305
1602026,100,region_drop_10pct,0.9910591471801926,208,75.26782989501953,75.28043365478516
1602026,100,region_drop_25pct,0.9147180192572214,1984,75.26782989501953,72.51251983642578
1602026,100,region_drop_50pct,0.04607977991746905,22192,75.26782989501953,57.45370864868164
1602026,100,blur_rethresh,0.9547139607380571,1075,75.26782989501953,74.70947265625
1636026,1,dilate_r1,0.6,2368,36.4818115234375,38.081966400146484
1636026,1,dilate_r2,0.42447418738049714,4816,36.4818115234375,39.170066833496094
1636026,1,erode_r1,0.4391891891891892,1992,36.4818115234375,32.99807357788086
1636026,1,erode_r2,0.06756756756756757,3312,36.4818115234375,7.338942050933838
1636026,1,region_drop_10pct,0.6396396396396397,1280,36.4818115234375,48.143985748291016
1636026,1,region_drop_25pct,0.8423423423423423,560,36.4818115234375,38.47188949584961
1636026,1,region_drop_50pct,0.31981981981981983,2416,36.4818115234375,21.63530158996582
1636026,1,blur_rethresh,0.946524064171123,190,36.4818115234375,35.95648193359375
1636026,3,dilate_r1,0.5937654626422563,4926,48.600425720214844,49.42375946044922
1636026,3,dilate_r2,0.4178272980501393,10032,48.600425720214844,50.54159164428711
1636026,3,erode_r1,0.4236111111111111,4150,48.600425720214844,48.420833587646484
1636026,3,erode_r2,0.03777777777777778,6928,48.600425720214844,16.959199905395508
1636026,3,region_drop_10pct,0.9577777777777777,304,48.600425720214844,47.92790985107422
1636026,3,region_drop_25pct,0.5355555555555556,3344,48.600425720214844,41.40425491333008
1636026,3,region_drop_50pct,0.6422222222222222,2576,48.600425720214844,46.609928131103516
1636026,3,blur_rethresh,0.9436815092245804,406,48.600425720214844,48.56265640258789
1636026,5,dilate_r1,0.5965711545378252,6730,55.25246810913086,55.418792724609375
1636026,5,dilate_r2,0.4216949152542373,13648,55.25246810913086,56.338993072509766
1636026,5,erode_r1,0.4266479099678457,5706,55.25246810913086,56.897525787353516
1636026,5,erode_r2,0.04019292604501608,9552,55.25246810913086,71.55803680419922
1636026,5,region_drop_10pct,0.9340836012861736,656,55.25246810913086,56.22684860229492
1636026,5,region_drop_25pct,0.7620578778135049,2368,55.25246810913086,45.161170959472656
1636026,5,region_drop_50pct,0.4630225080385852,5344,55.25246810913086,64.95518493652344
1636026,5,blur_rethresh,0.9444500150406097,554,55.25246810913086,55.33079147338867
1636026,10,dilate_r1,0.6030705537346903,9204,59.702510833740234,59.914798736572266
1636026,10,dilate_r2,0.4285364059818583,18648,59.702510833740234,60.58319091796875
1636026,10,erode_r1,0.44021739130434784,7828,59.702510833740234,61.02660369873047
1636026,10,erode_r2,0.060068649885583525,13144,59.702510833740234,67.67645263671875
1636026,10,region_drop_10pct,0.9759725400457666,336,59.702510833740234,59.454288482666016
1636026,10,region_drop_25pct,0.7311212814645309,3760,59.702510833740234,62.56783676147461
1636026,10,region_drop_50pct,0.5869565217391305,5776,59.702510833740234,55.51212692260742
1636026,10,blur_rethresh,0.942466533751068,808,59.702510833740234,59.74939727783203
1636026,25,dilate_r1,0.6449642704452452,11626,64.27787017822266,63.54591751098633
1636026,25,dilate_r2,0.4776551474579338,23096,64.27787017822266,63.5780143737793
1636026,25,erode_r1,0.5120265151515152,10306,64.27787017822266,66.46831512451172
1636026,25,erode_r2,0.15643939393939393,17816,64.27787017822266,69.98442840576172
1636026,25,region_drop_10pct,0.9575757575757575,896,64.27787017822266,64.70109558105469
1636026,25,region_drop_25pct,0.7606060606060606,5056,64.27787017822266,66.70122528076172
1636026,25,region_drop_50pct,0.6795454545454546,6768,64.27787017822266,67.03018188476562
1636026,25,blur_rethresh,0.9476322075975455,1118,64.27787017822266,64.47514343261719
1636026,50,dilate_r1,0.6861188369152971,12414,65.19035339355469,64.27371215820312
1636026,50,dilate_r2,0.5338369531004092,23696,65.19035339355469,63.845523834228516
1636026,50,erode_r1,0.5640477594339622,11830,65.19035339355469,67.16326141357422
1636026,50,erode_r2,0.21285377358490565,21360,65.19035339355469,69.41407012939453
1636026,50,region_drop_10pct,0.9964622641509434,96,65.19035339355469,65.24894714355469
1636026,50,region_drop_25pct,0.9929245283018868,192,65.19035339355469,65.26820373535156
1636026,50,region_drop_50pct,0.9705188679245284,800,65.19035339355469,65.3768310546875
1636026,50,blur_rethresh,0.9534614410306518,1286,65.19035339355469,65.3427963256836
1636026,100,dilate_r1,0.7470205614004453,11590,65.87714385986328,64.45087432861328
1636026,100,dilate_r2,0.620899854862119,20896,65.87714385986328,63.5792350769043
1636026,100,erode_r1,0.6460378681626928,12114,65.87714385986328,67.73507690429688
1636026,100,erode_r2,0.3281907433380084,22992,65.87714385986328,68.07626342773438
1636026,100,region_drop_10pct,1.0,0,65.87714385986328,65.87714385986328
1636026,100,region_drop_25pct,0.004675081813931743,34064,65.87714385986328,19.66373634338379
1636026,100,region_drop_50pct,0.9957924263674615,144,65.87714385986328,65.9132080078125
1636026,100,blur_rethresh,0.9601745927595355,1396,65.87714385986328,66.02815246582031
1638026,1,dilate_r1,0.5725860904794058,1266,75.47657012939453,75.69651794433594
1638026,1,dilate_r2,0.3970037453183521,2576,75.47657012939453,76.09708404541016
1638026,1,erode_r1,0.3903301886792453,1034,75.47657012939453,76.72306060791016
1638026,1,erode_r2,0.02830188679245283,1648,75.47657012939453,0.0
1638026,1,region_drop_10pct,1.0,0,75.47657012939453,75.47657012939453
1638026,1,region_drop_25pct,0.9905660377358491,16,75.47657012939453,75.06511688232422
1638026,1,region_drop_50pct,0.5283018867924528,800,75.47657012939453,38.77885055541992
1638026,1,blur_rethresh,0.9316037735849056,116,75.47657012939453,75.26282501220703
1638026,3,dilate_r1,0.5914302957151478,2708,52.01927947998047,53.23723602294922
1638026,3,dilate_r2,0.41455160744500846,5536,52.01927947998047,53.653892517089844
1638026,3,erode_r1,0.42551020408163265,2252,52.01927947998047,47.97553253173828
1638026,3,erode_r2,0.053061224489795916,3712,52.01927947998047,22.77328872680664
1638026,3,region_drop_10pct,0.9346938775510204,256,52.01927947998047,54.18842697143555
1638026,3,region_drop_25pct,0.8408163265306122,624,52.01927947998047,48.01625061035156
1638026,3,region_drop_50pct,0.5224489795918368,1872,52.01927947998047,57.79882049560547
1638026,3,blur_rethresh,0.9413414945167049,230,52.01927947998047,51.6334228515625
1638026,5,dilate_r1,0.585444962497466,4090,47.72492980957031,48.52734375
1638026,5,dilate_r2,0.4083710407239819,8368,47.72492980957031,49.0265998840332
1638026,5,erode_r1,0.4130886426592798,3390,47.72492980957031,45.24000930786133
1638026,5,erode_r2,0.036011080332409975,5568,47.72492980957031,22.77328872680664
1638026,5,region_drop_10pct,0.9113573407202216,512,47.72492980957031,50.9522705078125
1638026,5,region_drop_25pct,0.8060941828254847,1120,47.72492980957031,48.26301193237305
1638026,5,region_drop_50pct,0.40443213296398894,3440,47.72492980957031,33.63798141479492
1638026,5,blur_rethresh,0.9387331256490135,354,47.72492980957031,47.48981857299805
1638026,10,dilate_r1,0.5896147403685092,6370,50.34888458251953,51.10828399658203
1638026,10,dilate_r2,0.4126984126984127,13024,50.34888458251953,51.48594284057617
1638026,10,erode_r1,0.42242132867132864,5286,50.34888458251953,48.36339569091797
1638026,10,erode_r2,0.050699300699300696,8688,50.34888458251953,37.41822052001953
1638026,10,region_drop_10pct,0.8828671328671329,1072,50.34888458251953,41.50890350341797
1638026,10,region_drop_25pct,0.7027972027972028,2720,50.34888458251953,46.47105407714844
1638026,10,region_drop_50pct,0.46853146853146854,4864,50.34888458251953,49.686912536621094
1638026,10,blur_rethresh,0.9380250954719039,568,50.34888458251953,50.10171890258789
1638026,25,dilate_r1,0.6033009795589748,8869,53.677547454833984,54.008201599121094
1638026,25,dilate_r2,0.4276474318325935,18052,53.677547454833984,54.247657775878906
1638026,25,erode_r1,0.44639679715302494,7467,53.677547454833984,52.86850357055664
1638026,25,erode_r2,0.07740213523131673,12444,53.677547454833984,46.15328598022461
1638026,25,region_drop_10pct,0.933570581257414,896,53.677547454833984,53.56660079956055
1638026,25,region_drop_25pct,0.8517200474495848,2000,53.677547454833984,53.220680236816406
1638026,25,region_drop_50pct,0.5895610913404508,5536,53.677547454833984,52.01144790649414
1638026,25,blur_rethresh,0.9389712936314664,827,53.677547454833984,53.53963851928711
1638026,50,dilate_r1,0.6264760720944687,10217,55.02842330932617,55.40410614013672
1638026,50,dilate_r2,0.4550185873605948,20524,55.02842330932617,55.655723571777344
1638026,50,erode_r1,0.48115079365079366,8891,55.02842330932617,54.37021255493164
1638026,50,erode_r2,0.11181139122315593,15220,55.02842330932617,49.80066680908203
1638026,50,region_drop_10pct,0.9551820728291317,768,55.02842330932617,55.20165252685547
1638026,50,region_drop_25pct,0.7992530345471522,3440,55.02842330932617,57.152671813964844
1638026,50,region_drop_50pct,0.6610644257703081,5808,55.02842330932617,61.43865966796875
1638026,50,blur_rethresh,0.940697540131655,1027,55.02842330932617,55.01902770996094
1638026,100,dilate_r1,0.6417590846623414,11209,55.70282745361328,56.487430572509766
1638026,100,dilate_r2,0.47705027083531315,22012,55.70282745361328,57.01053237915039
1638026,100,erode_r1,0.49566733067729085,10127,55.70282745361328,54.56732940673828
1638026,100,erode_r2,0.11932270916334661,17684,55.70282745361328,50.184627532958984
1638026,100,region_drop_10pct,0.9936254980079682,128,55.70282745361328,55.60683059692383
1638026,100,region_drop_25pct,0.7386454183266933,5248,55.70282745361328,60.95671463012695
1638026,100,region_drop_50pct,0.9043824701195219,1920,55.70282745361328,57.282161712646484
1638026,100,blur_rethresh,0.9419174590726399,1185,55.70282745361328,55.51405334472656
1676022,1,dilate_r1,0.5883870967741935,638,35.208717346191406,33.53567123413086
1676022,1,dilate_r2,0.40714285714285714,1328,35.208717346191406,33.2517204284668
1676022,1,erode_r1,0.4144736842105263,534,35.208717346191406,36.78059387207031
1676022,1,erode_r2,0.0,912,35.208717346191406,
1676022,1,region_drop_10pct,1.0,0,35.208717346191406,35.208717346191406
1676022,1,region_drop_25pct,0.9649122807017544,32,35.208717346191406,35.31321334838867
1676022,1,region_drop_50pct,0.45614035087719296,496,35.208717346191406,3.317720890045166
1676022,1,blur_rethresh,0.9429824561403509,52,35.208717346191406,35.5652961730957
1676022,3,dilate_r1,0.5979614949037373,2130,55.998924255371094,57.11298370361328
1676022,3,dilate_r2,0.4186046511627907,4400,55.998924255371094,57.912479400634766
1676022,3,erode_r1,0.4375,1782,55.998924255371094,52.451812744140625
1676022,3,erode_r2,0.050505050505050504,3008,55.998924255371094,1.943750023841858
1676022,3,region_drop_10pct,0.9393939393939394,192,55.998924255371094,57.3427619934082
1676022,3,region_drop_25pct,0.8080808080808081,608,55.998924255371094,60.62648391723633
1676022,3,region_drop_50pct,0.4444444444444444,1760,55.998924255371094,71.60917663574219
1676022,3,blur_rethresh,0.9444619753865573,176,55.998924255371094,55.28639602661133
1676022,5,dilate_r1,0.6071987480438185,3012,50.8284797668457,52.1302490234375
1676022,5,dilate_r2,0.42920353982300885,6192,50.8284797668457,53.34303665161133
1676022,5,erode_r1,0.4484536082474227,2568,50.8284797668457,47.04725646972656
1676022,5,erode_r2,0.05154639175257732,4416,50.8284797668457,6.123330593109131
1676022,5,region_drop_10pct,0.9209621993127147,368,50.8284797668457,45.04104995727539
1676022,5,region_drop_25pct,0.8797250859106529,560,50.8284797668457,45.90333557128906
1676022,5,region_drop_50pct,0.3917525773195876,2832,50.8284797668457,59.51757049560547
1676022,5,blur_rethresh,0.9493888054900279,236,50.8284797668457,50.03413391113281
1676022,10,dilate_r1,0.6491387126019945,4644,61.96383285522461,65.3481216430664
1676022,10,dilate_r2,0.4743816254416961,9520,61.96383285522461,67.31705474853516
1676022,10,erode_r1,0.5297951582867784,4040,61.96383285522461,53.125118255615234
1676022,10,erode_r2,0.17318435754189945,7104,61.96383285522461,20.693511962890625
1676022,10,region_drop_10pct,0.9590316573556797,352,61.96383285522461,60.558746337890625
1676022,10,region_drop_25pct,0.8789571694599627,1040,61.96383285522461,58.94989776611328
1676022,10,region_drop_50pct,0.3370577281191806,5696,61.96383285522461,86.236083984375
1676022,10,blur_rethresh,0.958241503305881,360,61.96383285522461,60.96874237060547
1676022,25,dilate_r1,0.686846816838073,7521,65.19435119628906,70.2269058227539
1676022,25,dilate_r2,0.5184160905091137,15324,65.19435119628906,72.88008117675781
1676022,25,erode_r1,0.5968113482056256,6651,65.19435119628906,53.39592361450195
1676022,25,erode_r2,0.28200775945683804,11844,65.19435119628906,22.721511840820312
1676022,25,region_drop_10pct,0.9466537342386033,880,65.19435119628906,63.073184967041016
1676022,25,region_drop_25pct,0.6886517943743938,5136,65.19435119628906,57.32597351074219
1676022,25,region_drop_50pct,0.3385063045586809,10912,65.19435119628906,85.1843032836914
1676022,25,blur_rethresh,0.958669233545903,687,65.19435119628906,63.993316650390625
1676022,50,dilate_r1,0.7398624614654968,8776,69.84123229980469,73.30757141113281
1676022,50,dilate_r2,0.5934943884344683,17096,69.84123229980469,75.1902847290039
1676022,50,erode_r1,0.6634615384615384,8400,69.84123229980469,62.37651824951172
1676022,50,erode_r2,0.3753205128205128,15592,69.84123229980469,44.27172088623047
1676022,50,region_drop_10pct,0.9891025641025641,272,69.84123229980469,70.01732635498047
1676022,50,region_drop_25pct,0.9826923076923076,432,69.84123229980469,69.5291748046875
1676022,50,region_drop_50pct,0.06474358974358975,23344,69.84123229980469,67.99552917480469
1676022,50,blur_rethresh,0.9615824557251608,974,69.84123229980469,69.38397979736328
1676022,100,dilate_r1,0.8082407266453544,7558,74.6601333618164,75.83179473876953
1676022,100,dilate_r2,0.6983514556296037,13760,74.6601333618164,76.33428955078125
1676022,100,erode_r1,0.7454168759417378,8110,74.6601333618164,72.14961242675781
1676022,100,erode_r2,0.49874434957307884,15968,74.6601333618164,66.68986511230469
1676022,100,region_drop_10pct,1.0,0,74.6601333618164,74.6601333618164
1676022,100,region_drop_25pct,0.9884480160723255,368,74.6601333618164,74.80511474609375
1676022,100,region_drop_50pct,0.019085886489201405,31248,74.6601333618164,13.225353240966797
1676022,100,blur_rethresh,0.9709841367626675,942,74.6601333618164,74.75467681884766
1680023,1,dilate_r1,0.6075546719681909,1974,22.397212982177734,23.641584396362305
1680023,1,dilate_r2,0.4321266968325792,4016,22.397212982177734,24.552371978759766
1680023,1,erode_r1,0.44175392670157065,1706,22.397212982177734,19.852127075195312
1680023,1,erode_r2,0.03664921465968586,2944,22.397212982177734,0.0
1680023,1,region_drop_10pct,0.9581151832460733,128,22.397212982177734,14.868685722351074
1680023,1,region_drop_25pct,0.9267015706806283,224,22.397212982177734,12.37335205078125
1680023,1,region_drop_50pct,0.1256544502617801,2672,22.397212982177734,17.61924171447754
1680023,1,blur_rethresh,0.956151832460733,134,22.397212982177734,21.634857177734375
1680023,3,dilate_r1,0.5972316768776946,3550,56.673709869384766,56.87549591064453
1680023,3,dilate_r2,0.4212548015364917,7232,56.673709869384766,57.06504440307617
1680023,3,erode_r1,0.4243920972644377,3030,56.673709869384766,56.0793571472168
1680023,3,erode_r2,0.02127659574468085,5152,56.673709869384766,0.0
1680023,3,region_drop_10pct,0.9908814589665653,48,56.673709869384766,56.63828659057617
1680023,3,region_drop_25pct,0.668693009118541,1744,56.673709869384766,63.2976188659668
1680023,3,region_drop_50pct,0.2127659574468085,4144,56.673709869384766,50.23799514770508
1680023,3,blur_rethresh,0.9483870967741935,272,56.673709869384766,56.51445007324219
1680023,5,dilate_r1,0.5938082804923536,4356,62.173343658447266,61.715206146240234
1680023,5,dilate_r2,0.4174095437860514,8888,62.173343658447266,61.48261260986328
1680023,5,erode_r1,0.41959798994974873,3696,62.173343658447266,62.785133361816406
1680023,5,erode_r2,0.018844221105527637,6248,62.173343658447266,24.67985725402832
1680023,5,region_drop_10pct,0.9522613065326633,304,62.173343658447266,62.94331359863281
1680023,5,region_drop_25pct,0.7889447236180904,1344,62.173343658447266,57.08545684814453
1680023,5,region_drop_50pct,0.4824120603015075,3296,62.173343658447266,59.958805084228516
1680023,5,blur_rethresh,0.9460392156862745,344,62.173343658447266,62.18877410888672
1680023,10,dilate_r1,0.6000547495209417,5844,62.97891616821289,62.567237854003906
1680023,10,dilate_r2,0.42464161177838045,11880,62.97891616821289,62.351226806640625
1680023,10,erode_r1,0.43202554744525545,4980,62.97891616821289,64.05957794189453
1680023,10,erode_r2,0.03923357664233577,8424,62.97891616821289,64.83519744873047
1680023,10,region_drop_10pct,0.9379562043795621,544,62.97891616821289,63.69624328613281
1680023,10,region_drop_25pct,0.5547445255474452,3904,62.97891616821289,60.9985466003418
1680023,10,region_drop_50pct,0.46897810218978103,4656,62.97891616821289,59.87512969970703
1680023,10,blur_rethresh,0.9449624744143734,484,62.97891616821289,63.111053466796875
1680023,25,dilate_r1,0.6302818609615292,7621,65.03271484375,64.3325424194336
1680023,25,dilate_r2,0.4616915422885572,15148,65.03271484375,63.842777252197266
1680023,25,erode_r1,0.48037253694581283,6751,65.03271484375,66.0354995727539
1680023,25,erode_r2,0.10190886699507389,11668,65.03271484375,63.470863342285156
1680023,25,region_drop_10pct,0.9618226600985221,496,65.03271484375,64.7478256225586
1680023,25,region_drop_25pct,0.9519704433497537,624,65.03271484375,64.84806823730469
1680023,25,region_drop_50pct,0.14901477832512317,11056,65.03271484375,60.48387145996094
1680023,25,blur_rethresh,0.946887144707765,697,65.03271484375,65.21826171875
1680023,50,dilate_r1,0.6741343395039893,8291,63.701812744140625,63.2784309387207
1680023,50,dilate_r2,0.5190654884396562,15892,63.701812744140625,62.93248748779297
1680023,50,erode_r1,0.5423857276119403,7849,63.701812744140625,63.786128997802734
1680023,50,erode_r2,0.1765391791044776,14124,63.701812744140625,58.37697219848633
1680023,50,region_drop_10pct,0.9953358208955224,80,63.701812744140625,63.46387481689453
1680023,50,region_drop_25pct,0.9934701492537313,112,63.701812744140625,63.47402572631836
1680023,50,region_drop_50pct,0.8376865671641791,2784,63.701812744140625,60.83629608154297
1680023,50,blur_rethresh,0.953404401650619,813,63.701812744140625,63.689823150634766
1680023,100,dilate_r1,0.7264490888499948,7971,63.14104461669922,63.06135559082031
1680023,100,dilate_r2,0.592410164558379,14564,63.14104461669922,62.73937225341797
1680023,100,erode_r1,0.6135204081632653,8181,63.14104461669922,62.45877456665039
1680023,100,erode_r2,0.27229780801209374,15404,63.14104461669922,58.197200775146484
1680023,100,region_drop_10pct,1.0,0,63.14104461669922,63.14104461669922
1680023,100,region_drop_25pct,0.99848828420257,32,63.14104461669922,63.144752502441406
1680023,100,region_drop_50pct,0.9962207105064248,80,63.14104461669922,63.14979934692383
1680023,100,blur_rethresh,0.9599612080908839,867,63.14104461669922,63.062904357910156
170028,1,dilate_r1,0.5695581014729951,1052,53.082523345947266,51.8502311706543
170028,1,dilate_r2,0.3936651583710407,2144,53.082523345947266,51.86333084106445
170028,1,erode_r1,0.382183908045977,860,53.082523345947266,55.76503372192383
170028,1,erode_r2,0.011494252873563218,1376,53.082523345947266,18.91896629333496
170028,1,region_drop_10pct,1.0,0,53.082523345947266,53.082523345947266
170028,1,region_drop_25pct,0.8850574712643678,160,53.082523345947266,59.12479782104492
170028,1,region_drop_50pct,0.5172413793103449,672,53.082523345947266,85.06254577636719
170028,1,blur_rethresh,0.9296482412060302,98,53.082523345947266,53.79791259765625
170028,3,dilate_r1,0.5677243261685432,2534,84.33173370361328,84.1281967163086
170028,3,dilate_r2,0.38878504672897196,5232,84.33173370361328,84.18164825439453
170028,3,erode_r1,0.38521634615384615,2046,84.33173370361328,85.5003890991211
170028,3,erode_r2,0.014423076923076924,3280,84.33173370361328,77.1378173828125
170028,3,region_drop_10pct,0.9615384615384616,128,84.33173370361328,85.86447143554688
170028,3,region_drop_25pct,0.7451923076923077,848,84.33173370361328,79.09947204589844
170028,3,region_drop_50pct,0.40865384615384615,1968,84.33173370361328,74.90607452392578
170028,3,blur_rethresh,0.924947463224257,250,84.33173370361328,84.37017822265625
170028,5,dilate_r1,0.5698271835590846,3684,82.30256652832031,82.03792572021484
170028,5,dilate_r2,0.391025641025641,7600,82.30256652832031,81.90068817138672
170028,5,erode_r1,0.38934426229508196,2980,82.30256652832031,82.86595153808594
170028,5,erode_r2,0.019672131147540985,4784,82.30256652832031,44.56065368652344
170028,5,region_drop_10pct,0.8819672131147541,576,82.30256652832031,85.2574691772461
170028,5,region_drop_25pct,0.8262295081967214,848,82.30256652832031,83.60093688964844
170028,5,region_drop_50pct,0.5049180327868853,2416,82.30256652832031,83.65753936767578
170028,5,blur_rethresh,0.9255014326647565,364,82.30256652832031,82.40740966796875
170028,10,dilate_r1,0.5699745547073791,5746,76.76321411132812,76.45658874511719
170028,10,dilate_r2,0.39000409668168784,11912,76.76321411132812,76.21829223632812
170028,10,erode_r1,0.3915441176470588,4634,76.76321411132812,77.50249481201172
170028,10,erode_r2,0.01995798319327731,7464,76.76321411132812,85.50580596923828
170028,10,region_drop_10pct,0.8886554621848739,848,76.76321411132812,76.3282699584961
170028,10,region_drop_25pct,0.8172268907563025,1392,76.76321411132812,78.55854034423828
170028,10,region_drop_50pct,0.5966386554621849,3072,76.76321411132812,79.87953186035156
170028,10,blur_rethresh,0.9229559748427673,588,76.76321411132812,76.91504669189453
170028,25,dilate_r1,0.5840155287366022,9858,72.29254150390625,72.17821502685547
170028,25,dilate_r2,0.4062940347581024,20224,72.29254150390625,72.2356185913086
170028,25,erode_r1,0.4125722543352601,8130,72.29254150390625,73.03390502929688
170028,25,erode_r2,0.03815028901734104,13312,72.29254150390625,57.553340911865234
170028,25,region_drop_10pct,0.9352601156069364,896,72.29254150390625,72.37907409667969
170028,25,region_drop_25pct,0.7341040462427746,3680,72.29254150390625,72.1419448852539
170028,25,region_drop_50pct,0.5838150289017341,5760,72.29254150390625,73.61384582519531
170028,25,blur_rethresh,0.9264367816091954,1024,72.29254150390625,72.31914520263672
170028,50,dilate_r1,0.6179982764988304,12412,71.3853530883789,71.70281982421875
170028,50,dilate_r2,0.44957907934802077,24584,71.3853530883789,72.07261657714844
170028,50,erode_r1,0.45338645418326695,10976,71.3853530883789,71.16100311279297
170028,50,erode_r2,0.061752988047808766,18840,71.3853530883789,70.986328125
170028,50,region_drop_10pct,0.9561752988047809,880,71.3853530883789,71.01821899414062
170028,50,region_drop_25pct,0.850199203187251,3008,71.3853530883789,71.21694946289062
170028,50,region_drop_50pct,0.22310756972111553,15600,71.3853530883789,61.71385955810547
170028,50,blur_rethresh,0.9322000685837456,1384,71.3853530883789,71.25527954101562
170028,100,dilate_r1,0.6790931989924434,12740,70.5674819946289,71.66151428222656
170028,100,dilate_r2,0.531461914524523,23768,70.5674819946289,72.65638732910156
170028,100,erode_r1,0.5345697329376855,12548,70.5674819946289,69.02493286132812
170028,100,erode_r2,0.14688427299703263,23000,70.5674819946289,65.20756530761719
170028,100,region_drop_10pct,0.9994065281899109,16,70.5674819946289,70.53883361816406
170028,100,region_drop_25pct,0.9863501483679525,368,70.5674819946289,70.39860534667969
170028,100,region_drop_50pct,0.9839762611275964,432,70.5674819946289,70.6436767578125
170028,100,blur_rethresh,0.9449302594493026,1524,70.5674819946289,70.2432632446289
