sid,file,trialIndex,trialId,imageId,ratio,pairIdx,leftMethod,rightMethod,winnerMethod,loserMethod,responseTimeMs
1,userstudy_sid01_2025-12-24T02-40-32.593Z.txt,0,13,2,0,3,painttorch,colordiffv2,painttorch,colordiffv2,4485
1,userstudy_sid01_2025-12-24T02-40-32.593Z.txt,1,35,38,1,2,proposed,diffusart,proposed,diffusart,5564
1,userstudy_sid01_2025-12-24T02-40-32.593Z.txt,2,118,115,10,5,proposed,colordiffv2,proposed,colordiffv2,6210
1,userstudy_sid01_2025-12-24T02-40-32.593Z.txt,3,0,22,0,0,diffusart,painttorch,diffusart,painttorch,5988
1,userstudy_sid01_2025-12-24T02-40-32.593Z.txt,4,20,1,0,5,proposed,colordiffv2,proposed,colordiffv2,4363
1,userstudy_sid01_2025-12-24T02-40-32.593Z.txt,5,89,75,5,4,proposed,painttorch,proposed,painttorch,10313
1,userstudy_sid01_2025-12-24T02-40-32.593Z.txt,6,110,109,10,3,colordiffv2,painttorch,colordiffv2,painttorch,8825
1,userstudy_sid01_2025-12-24T02-40-32.593Z.txt,7,57,58,3,2,proposed,diffusart,proposed,diffusart,7519
1,userstudy_sid01_2025-12-24T02-40-32.593Z.txt,8,183,176,100,3,painttorch,colordiffv2,colordiffv2,painttorch,2783
1,userstudy_sid01_2025-12-24T02-40-32.593Z.txt,9,111,97,10,3,painttorch,colordiffv2,colordiffv2,painttorch,4040
1,userstudy_sid01_2025-12-24T02-40-32.593Z.txt,10,72,89,5,0,diffusart,painttorch,painttorch,diffusart,10969
1,userstudy_sid01_2025-12-24T02-40-32.593Z.txt,11,96,119,10,0,diffusart,painttorch,diffusart,painttorch,2975
1,userstudy_sid01_2025-12-24T02-40-32.593Z.txt,12,180,168,100,3,colordiffv2,painttorch,colordiffv2,painttorch,3828
1,userstudy_sid01_2025-12-24T02-40-32.593Z.txt,13,17,15,0,4,proposed,painttorch,proposed,painttorch,5071
1,userstudy_sid01_2025-12-24T02-40-32.593Z.txt,14,155,160,50,2,proposed,diffusart,proposed,diffusart,2261
1,userstudy_sid01_2025-12-24T02-40-32.593Z.txt,15,143,122,25,5,colordiffv2,proposed,proposed,colordiffv2,19088
1,userstudy_sid01_2025-12-24T02-40-32.593Z.txt,16,167,152,50,5,colordiffv2,proposed,proposed,colordiffv2,7284
1,userstudy_sid01_2025-12-24T02-40-32.593Z.txt,17,153,157,50,2,proposed,diffusart,proposed,diffusart,5693
1,userstudy_sid01_2025-12-24T02-40-32.593Z.txt,18,2,20,0,0,diffusart,painttorch,diffusart,painttorch,5112
1,userstudy_sid01_2025-12-24T02-40-32.593Z.txt,19,158,158,50,3,colordiffv2,painttorch,colordiffv2,painttorch,9544
1,userstudy_sid01_2025-12-24T02-40-32.593Z.txt,20,27,33,1,0,painttorch,diffusart,diffusart,painttorch,6106
1,userstudy_sid01_2025-12-24T02-40-32.593Z.txt,21,47,42,1,5,colordiffv2,proposed,colordiffv2,proposed,7266
1,userstudy_sid01_2025-12-24T02-40-32.593Z.txt,22,65,54,3,4,proposed,painttorch,proposed,painttorch,3814
1,userstudy_sid01_2025-12-24T02-40-32.593Z.txt,23,140,142,25,5,proposed,colordiffv2,proposed,colordiffv2,6145
1,userstudy_sid01_2025-12-24T02-40-32.593Z.txt,24,188,182,100,5,proposed,colordiffv2,proposed,colordiffv2,2945
1,userstudy_sid01_2025-12-24T02-40-32.593Z.txt,25,100,104,10,1,colordiffv2,diffusart,diffusart,colordiffv2,4044
1,userstudy_sid01_2025-12-24T02-40-32.593Z.txt,26,22,4,0,5,proposed,colordiffv2,proposed,colordiffv2,2211
1,userstudy_sid01_2025-12-24T02-40-32.593Z.txt,27,74,92,5,0,diffusart,painttorch,painttorch,diffusart,6201
1,userstudy_sid01_2025-12-24T02-40-32.593Z.txt,28,176,172,100,2,diffusart,proposed,proposed,diffusart,6326
1,userstudy_sid01_2025-12-24T02-40-32.593Z.txt,29,171,181,100,0,painttorch,diffusart,painttorch,diffusart,2545
1,userstudy_sid01_2025-12-24T02-40-32.593Z.txt,30,157,163,50,3,painttorch,colordiffv2,colordiffv2,painttorch,8243
1,userstudy_sid01_2025-12-24T02-40-32.593Z.txt,31,56,53,3,2,diffusart,proposed,diffusart,proposed,8853
1,userstudy_sid01_2025-12-24T02-40-32.593Z.txt,32,113,102,10,4,proposed,painttorch,proposed,painttorch,3542
1,userstudy_sid01_2025-12-24T02-40-32.593Z.txt,33,69,62,3,5,colordiffv2,proposed,proposed,colordiffv2,8121
1,userstudy_sid01_2025-12-24T02-40-32.593Z.txt,34,137,135,25,4,proposed,painttorch,proposed,painttorch,3632
1,userstudy_sid01_2025-12-24T02-40-32.593Z.txt,35,53,66,3,1,diffusart,colordiffv2,diffusart,colordiffv2,8773
1,userstudy_sid01_2025-12-24T02-40-32.593Z.txt,36,79,81,5,1,diffusart,colordiffv2,diffusart,colordiffv2,8167
1,userstudy_sid01_2025-12-24T02-40-32.593Z.txt,37,19,10,0,4,proposed,painttorch,proposed,painttorch,7698
1,userstudy_sid01_2025-12-24T02-40-32.593Z.txt,38,7,21,0,1,diffusart,colordiffv2,diffusart,colordiffv2,4017
1,userstudy_sid01_2025-12-24T02-40-32.593Z.txt,39,61,51,3,3,painttorch,colordiffv2,painttorch,colordiffv2,11352
1,userstudy_sid01_2025-12-24T02-40-32.593Z.txt,40,52,50,3,1,colordiffv2,diffusart,colordiffv2,diffusart,13894
1,userstudy_sid01_2025-12-24T02-40-32.593Z.txt,41,5,0,0,1,diffusart,colordiffv2,diffusart,colordiffv2,3310
1,userstudy_sid01_2025-12-24T02-40-32.593Z.txt,42,147,166,50,0,painttorch,diffusart,diffusart,painttorch,5612
1,userstudy_sid01_2025-12-24T02-40-32.593Z.txt,43,179,180,100,2,proposed,diffusart,proposed,diffusart,2914
1,userstudy_sid01_2025-12-24T02-40-32.593Z.txt,44,119,110,10,5,colordiffv2,proposed,proposed,colordiffv2,8174
1,userstudy_sid01_2025-12-24T02-40-32.593Z.txt,45,94,73,5,5,proposed,colordiffv2,proposed,colordiffv2,14207
1,userstudy_sid01_2025-12-24T02-40-32.593Z.txt,46,185,183,100,4,proposed,painttorch,proposed,painttorch,4597
1,userstudy_sid01_2025-12-24T02-40-32.593Z.txt,47,97,96,10,0,painttorch,diffusart,diffusart,painttorch,6956
1,userstudy_sid01_2025-12-24T02-40-32.593Z.txt,48,39,32,1,3,painttorch,colordiffv2,colordiffv2,painttorch,4250
1,userstudy_sid01_2025-12-24T02-40-32.593Z.txt,49,109,108,10,3,painttorch,colordiffv2,colordiffv2,painttorch,2855
1,userstudy_sid01_2025-12-24T02-40-32.593Z.txt,50,173,174,100,1,diffusart,colordiffv2,colordiffv2,diffusart,7812
1,userstudy_sid01_2025-12-24T02-40-32.593Z.txt,51,68,69,3,5,proposed,colordiffv2,proposed,colordiffv2,8399
1,userstudy_sid01_2025-12-24T02-40-32.593Z.txt,52,6,8,0,1,colordiffv2,diffusart,diffusart,colordiffv2,2738
1,userstudy_sid01_2025-12-24T02-40-32.593Z.txt,53,11,14,0,2,proposed,diffusart,diffusart,proposed,5208
1,userstudy_sid01_2025-12-24T02-40-32.593Z.txt,54,116,98,10,5,proposed,colordiffv2,proposed,colordiffv2,6729
1,userstudy_sid01_2025-12-24T02-40-32.593Z.txt,55,142,128,25,5,proposed,colordiffv2,proposed,colordiffv2,8406
1,userstudy_sid01_2025-12-24T02-40-32.593Z.txt,56,30,30,1,1,colordiffv2,diffusart,diffusart,colordiffv2,5052
1,userstudy_sid01_2025-12-24T02-40-32.593Z.txt,57,136,125,25,4,painttorch,proposed,proposed,painttorch,3039
1,userstudy_sid01_2025-12-24T02-40-32.593Z.txt,58,73,78,5,0,painttorch,diffusart,diffusart,painttorch,6345
1,userstudy_sid01_2025-12-24T02-40-32.593Z.txt,59,112,100,10,4,painttorch,proposed,proposed,painttorch,4930
1,userstudy_sid01_2025-12-24T02-40-32.593Z.txt,60,23,7,0,5,colordiffv2,proposed,proposed,colordiffv2,3654
1,userstudy_sid01_2025-12-24T02-40-32.593Z.txt,61,31,44,1,1,diffusart,colordiffv2,colordiffv2,diffusart,25895
1,userstudy_sid01_2025-12-24T02-40-32.593Z.txt,62,36,36,1,3,colordiffv2,painttorch,colordiffv2,painttorch,4404
1,userstudy_sid01_2025-12-24T02-40-32.593Z.txt,63,103,99,10,1,diffusart,colordiffv2,colordiffv2,diffusart,11248
1,userstudy_sid01_2025-12-24T02-40-32.593Z.txt,64,54,63,3,1,colordiffv2,diffusart,colordiffv2,diffusart,13752
1,userstudy_sid01_2025-12-24T02-40-32.593Z.txt,65,164,150,50,5,proposed,colordiffv2,proposed,colordiffv2,8043
1,userstudy_sid01_2025-12-24T02-40-32.593Z.txt,66,181,170,100,3,painttorch,colordiffv2,colordiffv2,painttorch,3083
1,userstudy_sid01_2025-12-24T02-40-32.593Z.txt,67,131,121,25,2,proposed,diffusart,proposed,diffusart,5526
1,userstudy_sid01_2025-12-24T02-40-32.593Z.txt,68,124,138,25,1,colordiffv2,diffusart,colordiffv2,diffusart,4786
1,userstudy_sid01_2025-12-24T02-40-32.593Z.txt,69,82,82,5,2,diffusart,proposed,diffusart,proposed,11399
1,userstudy_sid01_2025-12-24T02-40-32.593Z.txt,70,80,80,5,2,diffusart,proposed,proposed,diffusart,9456
1,userstudy_sid01_2025-12-24T02-40-32.593Z.txt,71,1,3,0,0,painttorch,diffusart,diffusart,painttorch,4593
1,userstudy_sid01_2025-12-24T02-40-32.593Z.txt,72,66,49,3,4,painttorch,proposed,proposed,painttorch,2447
1,userstudy_sid01_2025-12-24T02-40-32.593Z.txt,73,40,45,1,4,painttorch,proposed,proposed,painttorch,5720
1,userstudy_sid01_2025-12-24T02-40-32.593Z.txt,74,38,46,1,3,colordiffv2,painttorch,colordiffv2,painttorch,8841
1,userstudy_sid01_2025-12-24T02-40-32.593Z.txt,75,106,117,10,2,diffusart,proposed,proposed,diffusart,18652
1,userstudy_sid01_2025-12-24T02-40-32.593Z.txt,76,9,5,0,2,proposed,diffusart,diffusart,proposed,2173
1,userstudy_sid01_2025-12-24T02-40-32.593Z.txt,77,175,188,100,1,diffusart,colordiffv2,colordiffv2,diffusart,4533
1,userstudy_sid01_2025-12-24T02-40-32.593Z.txt,78,41,25,1,4,proposed,painttorch,proposed,painttorch,2392
1,userstudy_sid01_2025-12-24T02-40-32.593Z.txt,79,42,43,1,4,painttorch,proposed,proposed,painttorch,4144
1,userstudy_sid01_2025-12-24T02-40-32.593Z.txt,80,151,144,50,1,diffusart,colordiffv2,colordiffv2,diffusart,3555
1,userstudy_sid01_2025-12-24T02-40-32.593Z.txt,81,12,23,0,3,colordiffv2,painttorch,painttorch,colordiffv2,2605
1,userstudy_sid01_2025-12-24T02-40-32.593Z.txt,82,70,59,3,5,proposed,colordiffv2,proposed,colordiffv2,5894
1,userstudy_sid01_2025-12-24T02-40-32.593Z.txt,83,83,84,5,2,proposed,diffusart,proposed,diffusart,12134
1,userstudy_sid01_2025-12-24T02-40-32.593Z.txt,84,37,26,1,3,painttorch,colordiffv2,colordiffv2,painttorch,10202
1,userstudy_sid01_2025-12-24T02-40-32.593Z.txt,85,141,132,25,5,colordiffv2,proposed,colordiffv2,proposed,6051
1,userstudy_sid01_2025-12-24T02-40-32.593Z.txt,86,148,165,50,1,colordiffv2,diffusart,colordiffv2,diffusart,3319
1,userstudy_sid01_2025-12-24T02-40-32.593Z.txt,87,187,169,100,4,proposed,painttorch,proposed,painttorch,4902
1,userstudy_sid01_2025-12-24T02-40-32.593Z.txt,88,91,86,5,4,proposed,painttorch,proposed,painttorch,3084
1,userstudy_sid01_2025-12-24T02-40-32.593Z.txt,89,144,162,50,0,diffusart,painttorch,diffusart,painttorch,5582
1,userstudy_sid01_2025-12-24T02-40-32.593Z.txt,90,184,178,100,4,painttorch,proposed,proposed,painttorch,1832
1,userstudy_sid01_2025-12-24T02-40-32.593Z.txt,91,33,47,1,2,proposed,diffusart,proposed,diffusart,5062
1,userstudy_sid01_2025-12-24T02-40-32.593Z.txt,92,95,93,5,5,colordiffv2,proposed,colordiffv2,proposed,8813
1,userstudy_sid01_2025-12-24T02-40-32.593Z.txt,93,168,185,100,0,diffusart,painttorch,diffusart,painttorch,3555
1,userstudy_sid01_2025-12-24T02-40-32.593Z.txt,94,14,16,0,3,colordiffv2,painttorch,painttorch,colordiffv2,4100
1,userstudy_sid01_2025-12-24T02-40-32.593Z.txt,95,108,106,10,3,colordiffv2,painttorch,colordiffv2,painttorch,3710
1,userstudy_sid01_2025-12-24T02-40-32.593Z.txt,96,34,27,1,2,diffusart,proposed,proposed,diffusart,9605
1,userstudy_sid01_2025-12-24T02-40-32.593Z.txt,97,139,134,25,4,proposed,painttorch,proposed,painttorch,3092
1,userstudy_sid01_2025-12-24T02-40-32.593Z.txt,98,99,114,10,0,painttorch,diffusart,diffusart,painttorch,3513
1,userstudy_sid01_2025-12-24T02-40-32.593Z.txt,99,178,187,100,2,diffusart,proposed,proposed,diffusart,4467
1,userstudy_sid01_2025-12-24T02-40-32.593Z.txt,100,25,29,1,0,painttorch,diffusart,diffusart,painttorch,5898
1,userstudy_sid01_2025-12-24T02-40-32.593Z.txt,101,127,129,25,1,diffusart,colordiffv2,diffusart,colordiffv2,6579
1,userstudy_sid01_2025-12-24T02-40-32.593Z.txt,102,15,18,0,3,painttorch,colordiffv2,colordiffv2,painttorch,2763
1,userstudy_sid01_2025-12-24T02-40-32.593Z.txt,103,32,28,1,2,diffusart,proposed,proposed,diffusart,5586
1,userstudy_sid01_2025-12-24T02-40-32.593Z.txt,104,115,107,10,4,proposed,painttorch,proposed,painttorch,5105
1,userstudy_sid01_2025-12-24T02-40-32.593Z.txt,105,122,126,25,0,diffusart,painttorch,diffusart,painttorch,4342
1,userstudy_sid01_2025-12-24T02-40-32.593Z.txt,106,166,167,50,5,proposed,colordiffv2,proposed,colordiffv2,3117
1,userstudy_sid01_2025-12-24T02-40-32.593Z.txt,107,81,74,5,2,proposed,diffusart,proposed,diffusart,3187
1,userstudy_sid01_2025-12-24T02-40-32.593Z.txt,108,84,79,5,3,colordiffv2,painttorch,colordiffv2,painttorch,3178
1,userstudy_sid01_2025-12-24T02-40-32.593Z.txt,109,117,111,10,5,colordiffv2,proposed,colordiffv2,proposed,2247
1,userstudy_sid01_2025-12-24T02-40-32.593Z.txt,110,21,11,0,5,colordiffv2,proposed,proposed,colordiffv2,3447
1,userstudy_sid01_2025-12-24T02-40-32.593Z.txt,111,48,60,3,0,diffusart,painttorch,diffusart,painttorch,8261
1,userstudy_sid01_2025-12-24T02-40-32.593Z.txt,112,154,147,50,2,diffusart,proposed,proposed,diffusart,8367
1,userstudy_sid01_2025-12-24T02-40-32.593Z.txt,113,90,87,5,4,painttorch,proposed,proposed,painttorch,6405
1,userstudy_sid01_2025-12-24T02-40-32.593Z.txt,114,75,88,5,0,painttorch,diffusart,diffusart,painttorch,2013
1,userstudy_sid01_2025-12-24T02-40-32.593Z.txt,115,50,65,3,0,diffusart,painttorch,diffusart,painttorch,2453
1,userstudy_sid01_2025-12-24T02-40-32.593Z.txt,116,55,57,3,1,diffusart,colordiffv2,diffusart,colordiffv2,8233
1,userstudy_sid01_2025-12-24T02-40-32.593Z.txt,117,49,70,3,0,painttorch,diffusart,diffusart,painttorch,9155
1,userstudy_sid01_2025-12-24T02-40-32.593Z.txt,118,152,155,50,2,diffusart,proposed,proposed,diffusart,11033
1,userstudy_sid01_2025-12-24T02-40-32.593Z.txt,119,28,40,1,1,colordiffv2,diffusart,colordiffv2,diffusart,2432
1,userstudy_sid01_2025-12-24T02-40-32.593Z.txt,120,165,149,50,5,colordiffv2,proposed,proposed,colordiffv2,12383
1,userstudy_sid01_2025-12-24T02-40-32.593Z.txt,121,102,101,10,1,colordiffv2,diffusart,colordiffv2,diffusart,4535
1,userstudy_sid01_2025-12-24T02-40-32.593Z.txt,122,59,68,3,2,proposed,diffusart,diffusart,proposed,5510
1,userstudy_sid01_2025-12-24T02-40-32.593Z.txt,123,186,175,100,4,painttorch,proposed,proposed,painttorch,10697
1,userstudy_sid01_2025-12-24T02-40-32.593Z.txt,124,156,151,50,3,colordiffv2,painttorch,colordiffv2,painttorch,3577
1,userstudy_sid01_2025-12-24T02-40-32.593Z.txt,125,105,112,10,2,proposed,diffusart,proposed,diffusart,2775
1,userstudy_sid01_2025-12-24T02-40-32.593Z.txt,126,88,91,5,4,painttorch,proposed,proposed,painttorch,6462
1,userstudy_sid01_2025-12-24T02-40-32.593Z.txt,127,85,83,5,3,painttorch,colordiffv2,colordiffv2,painttorch,10003
1,userstudy_sid01_2025-12-24T02-40-32.593Z.txt,128,182,177,100,3,colordiffv2,painttorch,colordiffv2,painttorch,2360
1,userstudy_sid01_2025-12-24T02-40-32.593Z.txt,129,16,12,0,4,painttorch,proposed,painttorch,proposed,7153
1,userstudy_sid01_2025-12-24T02-40-32.593Z.txt,130,4,17,0,1,colordiffv2,diffusart,diffusart,colordiffv2,6170
1,userstudy_sid01_2025-12-24T02-40-32.593Z.txt,131,130,137,25,2,diffusart,proposed,proposed,diffusart,8795
1,userstudy_sid01_2025-12-24T02-40-32.593Z.txt,132,123,133,25,0,painttorch,diffusart,diffusart,painttorch,5702
1,userstudy_sid01_2025-12-24T02-40-32.593Z.txt,133,145,148,50,0,painttorch,diffusart,diffusart,painttorch,4732
1,userstudy_sid01_2025-12-24T02-40-32.593Z.txt,134,29,24,1,1,diffusart,colordiffv2,diffusart,colordiffv2,3216
1,userstudy_sid01_2025-12-24T02-40-32.593Z.txt,135,8,19,0,2,diffusart,proposed,diffusart,proposed,3845
1,userstudy_sid01_2025-12-24T02-40-32.593Z.txt,136,132,143,25,3,colordiffv2,painttorch,colordiffv2,painttorch,3899
1,userstudy_sid01_2025-12-24T02-40-32.593Z.txt,137,138,141,25,4,painttorch,proposed,proposed,painttorch,4987
1,userstudy_sid01_2025-12-24T02-40-32.593Z.txt,138,62,56,3,3,colordiffv2,painttorch,colordiffv2,painttorch,2681
1,userstudy_sid01_2025-12-24T02-40-32.593Z.txt,139,60,71,3,3,colordiffv2,painttorch,colordiffv2,painttorch,2544
1,userstudy_sid01_2025-12-24T02-40-32.593Z.txt,140,134,140,25,3,colordiffv2,painttorch,colordiffv2,painttorch,2149
1,userstudy_sid01_2025-12-24T02-40-32.593Z.txt,141,125,124,25,1,diffusart,colordiffv2,colordiffv2,diffusart,3756
1,userstudy_sid01_2025-12-24T02-40-32.593Z.txt,142,67,67,3,4,proposed,painttorch,proposed,painttorch,1662
1,userstudy_sid01_2025-12-24T02-40-32.593Z.txt,143,169,173,100,0,painttorch,diffusart,diffusart,painttorch,1798
1,userstudy_sid01_2025-12-24T02-40-32.593Z.txt,144,149,161,50,1,diffusart,colordiffv2,diffusart,colordiffv2,3782
1,userstudy_sid01_2025-12-24T02-40-32.593Z.txt,145,3,6,0,0,painttorch,diffusart,diffusart,painttorch,3992
1,userstudy_sid01_2025-12-24T02-40-32.593Z.txt,146,24,37,1,0,diffusart,painttorch,diffusart,painttorch,2055
1,userstudy_sid01_2025-12-24T02-40-32.593Z.txt,147,170,171,100,0,diffusart,painttorch,diffusart,painttorch,6346
1,userstudy_sid01_2025-12-24T02-40-32.593Z.txt,148,174,190,100,1,colordiffv2,diffusart,colordiffv2,diffusart,4711
1,userstudy_sid01_2025-12-24T02-40-32.593Z.txt,149,135,131,25,3,painttorch,colordiffv2,colordiffv2,painttorch,4667
1,userstudy_sid01_2025-12-24T02-40-32.593Z.txt,150,78,90,5,1,colordiffv2,diffusart,colordiffv2,diffusart,3883
1,userstudy_sid01_2025-12-24T02-40-32.593Z.txt,151,189,186,100,5,colordiffv2,proposed,proposed,colordiffv2,11973
1,userstudy_sid01_2025-12-24T02-40-32.593Z.txt,152,64,52,3,4,painttorch,proposed,proposed,painttorch,5021
1,userstudy_sid01_2025-12-24T02-40-32.593Z.txt,153,93,95,5,5,colordiffv2,proposed,proposed,colordiffv2,6316
1,userstudy_sid01_2025-12-24T02-40-32.593Z.txt,154,51,61,3,0,painttorch,diffusart,diffusart,painttorch,2631
1,userstudy_sid01_2025-12-24T02-40-32.593Z.txt,155,133,123,25,3,painttorch,colordiffv2,colordiffv2,painttorch,3832
1,userstudy_sid01_2025-12-24T02-40-32.593Z.txt,156,45,34,1,5,colordiffv2,proposed,colordiffv2,proposed,2687
1,userstudy_sid01_2025-12-24T02-40-32.593Z.txt,157,87,76,5,3,painttorch,colordiffv2,colordiffv2,painttorch,3042
1,userstudy_sid01_2025-12-24T02-40-32.593Z.txt,158,146,159,50,0,diffusart,painttorch,painttorch,diffusart,3600
1,userstudy_sid01_2025-12-24T02-40-32.593Z.txt,159,101,103,10,1,diffusart,colordiffv2,colordiffv2,diffusart,9911
1,userstudy_sid01_2025-12-24T02-40-32.593Z.txt,160,162,146,50,4,painttorch,proposed,proposed,painttorch,8280
1,userstudy_sid01_2025-12-24T02-40-32.593Z.txt,161,107,116,10,2,proposed,diffusart,proposed,diffusart,5689
1,userstudy_sid01_2025-12-24T02-40-32.593Z.txt,162,77,72,5,1,diffusart,colordiffv2,colordiffv2,diffusart,8704
1,userstudy_sid01_2025-12-24T02-40-32.593Z.txt,163,172,179,100,1,colordiffv2,diffusart,colordiffv2,diffusart,4006
1,userstudy_sid01_2025-12-24T02-40-32.593Z.txt,164,71,55,3,5,colordiffv2,proposed,colordiffv2,proposed,22145
1,userstudy_sid01_2025-12-24T02-40-32.593Z.txt,165,46,35,1,5,proposed,colordiffv2,colordiffv2,proposed,5074
1,userstudy_sid01_2025-12-24T02-40-32.593Z.txt,166,86,77,5,3,colordiffv2,painttorch,colordiffv2,painttorch,4302
1,userstudy_sid01_2025-12-24T02-40-32.593Z.txt,167,126,136,25,1,colordiffv2,diffusart,colordiffv2,diffusart,4144
1,userstudy_sid01_2025-12-24T02-40-32.593Z.txt,168,18,9,0,4,painttorch,proposed,painttorch,proposed,3996
1,userstudy_sid01_2025-12-24T02-40-32.593Z.txt,169,121,127,25,0,painttorch,diffusart,diffusart,painttorch,4674
1,userstudy_sid01_2025-12-24T02-40-32.593Z.txt,170,190,191,100,5,proposed,colordiffv2,proposed,colordiffv2,3843
1,userstudy_sid01_2025-12-24T02-40-32.593Z.txt,171,159,156,50,3,painttorch,colordiffv2,colordiffv2,painttorch,3875
1,userstudy_sid01_2025-12-24T02-40-32.593Z.txt,172,177,184,100,2,proposed,diffusart,proposed,diffusart,2532
1,userstudy_sid01_2025-12-24T02-40-32.593Z.txt,173,114,118,10,4,painttorch,proposed,proposed,painttorch,2558
1,userstudy_sid01_2025-12-24T02-40-32.593Z.txt,174,120,120,25,0,diffusart,painttorch,diffusart,painttorch,1584
1,userstudy_sid01_2025-12-24T02-40-32.593Z.txt,175,10,13,0,2,diffusart,proposed,diffusart,proposed,3337
1,userstudy_sid01_2025-12-24T02-40-32.593Z.txt,176,161,153,50,4,proposed,painttorch,proposed,painttorch,7052
1,userstudy_sid01_2025-12-24T02-40-32.593Z.txt,177,43,31,1,4,proposed,painttorch,proposed,painttorch,3592
1,userstudy_sid01_2025-12-24T02-40-32.593Z.txt,178,129,130,25,2,proposed,diffusart,proposed,diffusart,3810
1,userstudy_sid01_2025-12-24T02-40-32.593Z.txt,179,44,39,1,5,proposed,colordiffv2,proposed,colordiffv2,7072
1,userstudy_sid01_2025-12-24T02-40-32.593Z.txt,180,26,41,1,0,diffusart,painttorch,diffusart,painttorch,2121
1,userstudy_sid01_2025-12-24T02-40-32.593Z.txt,181,150,154,50,1,colordiffv2,diffusart,colordiffv2,diffusart,1679
1,userstudy_sid01_2025-12-24T02-40-32.593Z.txt,182,128,139,25,2,diffusart,proposed,proposed,diffusart,10145
1,userstudy_sid01_2025-12-24T02-40-32.593Z.txt,183,58,48,3,2,diffusart,proposed,proposed,diffusart,8481
1,userstudy_sid01_2025-12-24T02-40-32.593Z.txt,184,76,94,5,1,colordiffv2,diffusart,colordiffv2,diffusart,4490
1,userstudy_sid01_2025-12-24T02-40-32.593Z.txt,185,160,164,50,4,painttorch,proposed,proposed,painttorch,2764
1,userstudy_sid01_2025-12-24T02-40-32.593Z.txt,186,104,105,10,2,diffusart,proposed,diffusart,proposed,7342
1,userstudy_sid01_2025-12-24T02-40-32.593Z.txt,187,191,189,100,5,colordiffv2,proposed,colordiffv2,proposed,2782
1,userstudy_sid01_2025-12-24T02-40-32.593Z.txt,188,63,64,3,3,painttorch,colordiffv2,colordiffv2,painttorch,4478
1,userstudy_sid01_2025-12-24T02-40-32.593Z.txt,189,98,113,10,0,diffusart,painttorch,diffusart,painttorch,3069
1,userstudy_sid01_2025-12-24T02-40-32.593Z.txt,190,163,145,50,4,proposed,painttorch,proposed,painttorch,2587
1,userstudy_sid01_2025-12-24T02-40-32.593Z.txt,191,92,85,5,5,proposed,colordiffv2,proposed,colordiffv2,12331
2,userstudy_sid02_2025-12-24T03-27-09.646Z.txt,0,163,145,50,4,proposed,painttorch,proposed,painttorch,4141
2,userstudy_sid02_2025-12-24T03-27-09.646Z.txt,1,85,83,5,3,painttorch,colordiffv2,colordiffv2,painttorch,8112
2,userstudy_sid02_2025-12-24T03-27-09.646Z.txt,2,181,170,100,3,painttorch,colordiffv2,colordiffv2,painttorch,4818
2,userstudy_sid02_2025-12-24T03-27-09.646Z.txt,3,138,141,25,4,painttorch,proposed,proposed,painttorch,5747
2,userstudy_sid02_2025-12-24T03-27-09.646Z.txt,4,51,61,3,0,painttorch,diffusart,diffusart,painttorch,6759
2,userstudy_sid02_2025-12-24T03-27-09.646Z.txt,5,98,113,10,0,diffusart,painttorch,diffusart,painttorch,9754
2,userstudy_sid02_2025-12-24T03-27-09.646Z.txt,6,148,165,50,1,colordiffv2,diffusart,colordiffv2,diffusart,8513
2,userstudy_sid02_2025-12-24T03-27-09.646Z.txt,7,110,109,10,3,colordiffv2,painttorch,colordiffv2,painttorch,3942
2,userstudy_sid02_2025-12-24T03-27-09.646Z.txt,8,59,68,3,2,proposed,diffusart,diffusart,proposed,5292
2,userstudy_sid02_2025-12-24T03-27-09.646Z.txt,9,166,167,50,5,proposed,colordiffv2,proposed,colordiffv2,9159
2,userstudy_sid02_2025-12-24T03-27-09.646Z.txt,10,36,36,1,3,colordiffv2,painttorch,colordiffv2,painttorch,5680
2,userstudy_sid02_2025-12-24T03-27-09.646Z.txt,11,6,8,0,1,colordiffv2,diffusart,colordiffv2,diffusart,6319
2,userstudy_sid02_2025-12-24T03-27-09.646Z.txt,12,60,71,3,3,colordiffv2,painttorch,colordiffv2,painttorch,7862
2,userstudy_sid02_2025-12-24T03-27-09.646Z.txt,13,87,76,5,3,painttorch,colordiffv2,colordiffv2,painttorch,8320
2,userstudy_sid02_2025-12-24T03-27-09.646Z.txt,14,175,188,100,1,diffusart,colordiffv2,colordiffv2,diffusart,7229
2,userstudy_sid02_2025-12-24T03-27-09.646Z.txt,15,165,149,50,5,colordiffv2,proposed,colordiffv2,proposed,10790
2,userstudy_sid02_2025-12-24T03-27-09.646Z.txt,16,130,137,25,2,diffusart,proposed,proposed,diffusart,8309
2,userstudy_sid02_2025-12-24T03-27-09.646Z.txt,17,176,172,100,2,diffusart,proposed,proposed,diffusart,6663
2,userstudy_sid02_2025-12-24T03-27-09.646Z.txt,18,120,120,25,0,diffusart,painttorch,diffusart,painttorch,6333
2,userstudy_sid02_2025-12-24T03-27-09.646Z.txt,19,179,180,100,2,proposed,diffusart,proposed,diffusart,4565
2,userstudy_sid02_2025-12-24T03-27-09.646Z.txt,20,105,112,10,2,proposed,diffusart,proposed,diffusart,11708
2,userstudy_sid02_2025-12-24T03-27-09.646Z.txt,21,140,142,25,5,proposed,colordiffv2,proposed,colordiffv2,5046
2,userstudy_sid02_2025-12-24T03-27-09.646Z.txt,22,178,187,100,2,diffusart,proposed,proposed,diffusart,8616
2,userstudy_sid02_2025-12-24T03-27-09.646Z.txt,23,182,177,100,3,colordiffv2,painttorch,colordiffv2,painttorch,4433
2,userstudy_sid02_2025-12-24T03-27-09.646Z.txt,24,144,162,50,0,diffusart,painttorch,diffusart,painttorch,3844
2,userstudy_sid02_2025-12-24T03-27-09.646Z.txt,25,184,178,100,4,painttorch,proposed,proposed,painttorch,5337
2,userstudy_sid02_2025-12-24T03-27-09.646Z.txt,26,14,16,0,3,colordiffv2,painttorch,colordiffv2,painttorch,7716
2,userstudy_sid02_2025-12-24T03-27-09.646Z.txt,27,32,28,1,2,diffusart,proposed,diffusart,proposed,8289
2,userstudy_sid02_2025-12-24T03-27-09.646Z.txt,28,101,103,10,1,diffusart,colordiffv2,diffusart,colordiffv2,10859
2,userstudy_sid02_2025-12-24T03-27-09.646Z.txt,29,115,107,10,4,proposed,painttorch,proposed,painttorch,4390
2,userstudy_sid02_2025-12-24T03-27-09.646Z.txt,30,23,7,0,5,colordiffv2,proposed,proposed,colordiffv2,4660
2,userstudy_sid02_2025-12-24T03-27-09.646Z.txt,31,186,175,100,4,painttorch,proposed,proposed,painttorch,5792
2,userstudy_sid02_2025-12-24T03-27-09.646Z.txt,32,180,168,100,3,colordiffv2,painttorch,colordiffv2,painttorch,3979
2,userstudy_sid02_2025-12-24T03-27-09.646Z.txt,33,168,185,100,0,diffusart,painttorch,diffusart,painttorch,3845
2,userstudy_sid02_2025-12-24T03-27-09.646Z.txt,34,47,42,1,5,colordiffv2,proposed,proposed,colordiffv2,9941
2,userstudy_sid02_2025-12-24T03-27-09.646Z.txt,35,145,148,50,0,painttorch,diffusart,diffusart,painttorch,7468
2,userstudy_sid02_2025-12-24T03-27-09.646Z.txt,36,89,75,5,4,proposed,painttorch,proposed,painttorch,4297
2,userstudy_sid02_2025-12-24T03-27-09.646Z.txt,37,151,144,50,1,diffusart,colordiffv2,colordiffv2,diffusart,5824
2,userstudy_sid02_2025-12-24T03-27-09.646Z.txt,38,48,60,3,0,diffusart,painttorch,diffusart,painttorch,5832
2,userstudy_sid02_2025-12-24T03-27-09.646Z.txt,39,160,164,50,4,painttorch,proposed,proposed,painttorch,4401
2,userstudy_sid02_2025-12-24T03-27-09.646Z.txt,40,118,115,10,5,proposed,colordiffv2,proposed,colordiffv2,7704
2,userstudy_sid02_2025-12-24T03-27-09.646Z.txt,41,75,88,5,0,painttorch,diffusart,diffusart,painttorch,5975
2,userstudy_sid02_2025-12-24T03-27-09.646Z.txt,42,95,93,5,5,colordiffv2,proposed,colordiffv2,proposed,8611
2,userstudy_sid02_2025-12-24T03-27-09.646Z.txt,43,190,191,100,5,proposed,colordiffv2,proposed,colordiffv2,13308
2,userstudy_sid02_2025-12-24T03-27-09.646Z.txt,44,169,173,100,0,painttorch,diffusart,diffusart,painttorch,7443
2,userstudy_sid02_2025-12-24T03-27-09.646Z.txt,45,52,50,3,1,colordiffv2,diffusart,diffusart,colordiffv2,5752
2,userstudy_sid02_2025-12-24T03-27-09.646Z.txt,46,67,67,3,4,proposed,painttorch,proposed,painttorch,3561
2,userstudy_sid02_2025-12-24T03-27-09.646Z.txt,47,106,117,10,2,diffusart,proposed,proposed,diffusart,8442
2,userstudy_sid02_2025-12-24T03-27-09.646Z.txt,48,116,98,10,5,proposed,colordiffv2,proposed,colordiffv2,5576
2,userstudy_sid02_2025-12-24T03-27-09.646Z.txt,49,162,146,50,4,painttorch,proposed,proposed,painttorch,6235
2,userstudy_sid02_2025-12-24T03-27-09.646Z.txt,50,119,110,10,5,colordiffv2,proposed,proposed,colordiffv2,13519
2,userstudy_sid02_2025-12-24T03-27-09.646Z.txt,51,152,155,50,2,diffusart,proposed,proposed,diffusart,7020
2,userstudy_sid02_2025-12-24T03-27-09.646Z.txt,52,114,118,10,4,painttorch,proposed,proposed,painttorch,9293
2,userstudy_sid02_2025-12-24T03-27-09.646Z.txt,53,188,182,100,5,proposed,colordiffv2,proposed,colordiffv2,4880
2,userstudy_sid02_2025-12-24T03-27-09.646Z.txt,54,20,1,0,5,proposed,colordiffv2,colordiffv2,proposed,9445
2,userstudy_sid02_2025-12-24T03-27-09.646Z.txt,55,84,79,5,3,colordiffv2,painttorch,colordiffv2,painttorch,6701
2,userstudy_sid02_2025-12-24T03-27-09.646Z.txt,56,167,152,50,5,colordiffv2,proposed,proposed,colordiffv2,8969
2,userstudy_sid02_2025-12-24T03-27-09.646Z.txt,57,2,20,0,0,diffusart,painttorch,diffusart,painttorch,8483
2,userstudy_sid02_2025-12-24T03-27-09.646Z.txt,58,93,95,5,5,colordiffv2,proposed,colordiffv2,proposed,2015
2,userstudy_sid02_2025-12-24T03-27-09.646Z.txt,59,16,12,0,4,painttorch,proposed,proposed,painttorch,5741
2,userstudy_sid02_2025-12-24T03-27-09.646Z.txt,60,86,77,5,3,colordiffv2,painttorch,colordiffv2,painttorch,9891
2,userstudy_sid02_2025-12-24T03-27-09.646Z.txt,61,15,18,0,3,painttorch,colordiffv2,colordiffv2,painttorch,4366
2,userstudy_sid02_2025-12-24T03-27-09.646Z.txt,62,30,30,1,1,colordiffv2,diffusart,diffusart,colordiffv2,4030
2,userstudy_sid02_2025-12-24T03-27-09.646Z.txt,63,159,156,50,3,painttorch,colordiffv2,colordiffv2,painttorch,3846
2,userstudy_sid02_2025-12-24T03-27-09.646Z.txt,64,73,78,5,0,painttorch,diffusart,diffusart,painttorch,4646
2,userstudy_sid02_2025-12-24T03-27-09.646Z.txt,65,11,14,0,2,proposed,diffusart,diffusart,proposed,6397
2,userstudy_sid02_2025-12-24T03-27-09.646Z.txt,66,103,99,10,1,diffusart,colordiffv2,colordiffv2,diffusart,13256
2,userstudy_sid02_2025-12-24T03-27-09.646Z.txt,67,3,6,0,0,painttorch,diffusart,painttorch,diffusart,5087
2,userstudy_sid02_2025-12-24T03-27-09.646Z.txt,68,150,154,50,1,colordiffv2,diffusart,colordiffv2,diffusart,4328
2,userstudy_sid02_2025-12-24T03-27-09.646Z.txt,69,19,10,0,4,proposed,painttorch,proposed,painttorch,9339
2,userstudy_sid02_2025-12-24T03-27-09.646Z.txt,70,46,35,1,5,proposed,colordiffv2,proposed,colordiffv2,3500
2,userstudy_sid02_2025-12-24T03-27-09.646Z.txt,71,173,174,100,1,diffusart,colordiffv2,colordiffv2,diffusart,10493
2,userstudy_sid02_2025-12-24T03-27-09.646Z.txt,72,135,131,25,3,painttorch,colordiffv2,colordiffv2,painttorch,6394
2,userstudy_sid02_2025-12-24T03-27-09.646Z.txt,73,13,2,0,3,painttorch,colordiffv2,painttorch,colordiffv2,3828
2,userstudy_sid02_2025-12-24T03-27-09.646Z.txt,74,7,21,0,1,diffusart,colordiffv2,diffusart,colordiffv2,5251
2,userstudy_sid02_2025-12-24T03-27-09.646Z.txt,75,28,40,1,1,colordiffv2,diffusart,colordiffv2,diffusart,4463
2,userstudy_sid02_2025-12-24T03-27-09.646Z.txt,76,156,151,50,3,colordiffv2,painttorch,colordiffv2,painttorch,4654
2,userstudy_sid02_2025-12-24T03-27-09.646Z.txt,77,112,100,10,4,painttorch,proposed,proposed,painttorch,5369
2,userstudy_sid02_2025-12-24T03-27-09.646Z.txt,78,122,126,25,0,diffusart,painttorch,diffusart,painttorch,9142
2,userstudy_sid02_2025-12-24T03-27-09.646Z.txt,79,64,52,3,4,painttorch,proposed,painttorch,proposed,10932
2,userstudy_sid02_2025-12-24T03-27-09.646Z.txt,80,77,72,5,1,diffusart,colordiffv2,colordiffv2,diffusart,8372
2,userstudy_sid02_2025-12-24T03-27-09.646Z.txt,81,183,176,100,3,painttorch,colordiffv2,colordiffv2,painttorch,5415
2,userstudy_sid02_2025-12-24T03-27-09.646Z.txt,82,5,0,0,1,diffusart,colordiffv2,diffusart,colordiffv2,2341
2,userstudy_sid02_2025-12-24T03-27-09.646Z.txt,83,53,66,3,1,diffusart,colordiffv2,diffusart,colordiffv2,5771
2,userstudy_sid02_2025-12-24T03-27-09.646Z.txt,84,161,153,50,4,proposed,painttorch,proposed,painttorch,2521
2,userstudy_sid02_2025-12-24T03-27-09.646Z.txt,85,108,106,10,3,colordiffv2,painttorch,colordiffv2,painttorch,3959
2,userstudy_sid02_2025-12-24T03-27-09.646Z.txt,86,22,4,0,5,proposed,colordiffv2,colordiffv2,proposed,4745
2,userstudy_sid02_2025-12-24T03-27-09.646Z.txt,87,134,140,25,3,colordiffv2,painttorch,colordiffv2,painttorch,3251
2,userstudy_sid02_2025-12-24T03-27-09.646Z.txt,88,92,85,5,5,proposed,colordiffv2,colordiffv2,proposed,6977
2,userstudy_sid02_2025-12-24T03-27-09.646Z.txt,89,99,114,10,0,painttorch,diffusart,diffusart,painttorch,7955
2,userstudy_sid02_2025-12-24T03-27-09.646Z.txt,90,125,124,25,1,diffusart,colordiffv2,diffusart,colordiffv2,8256
2,userstudy_sid02_2025-12-24T03-27-09.646Z.txt,91,174,190,100,1,colordiffv2,diffusart,diffusart,colordiffv2,6216
2,userstudy_sid02_2025-12-24T03-27-09.646Z.txt,92,153,157,50,2,proposed,diffusart,proposed,diffusart,4583
2,userstudy_sid02_2025-12-24T03-27-09.646Z.txt,93,102,101,10,1,colordiffv2,diffusart,colordiffv2,diffusart,7683
2,userstudy_sid02_2025-12-24T03-27-09.646Z.txt,94,90,87,5,4,painttorch,proposed,proposed,painttorch,7999
2,userstudy_sid02_2025-12-24T03-27-09.646Z.txt,95,10,13,0,2,diffusart,proposed,diffusart,proposed,4350
2,userstudy_sid02_2025-12-24T03-27-09.646Z.txt,96,45,34,1,5,colordiffv2,proposed,colordiffv2,proposed,3773
2,userstudy_sid02_2025-12-24T03-27-09.646Z.txt,97,113,102,10,4,proposed,painttorch,proposed,painttorch,5350
2,userstudy_sid02_2025-12-24T03-27-09.646Z.txt,98,34,27,1,2,diffusart,proposed,diffusart,proposed,6055
2,userstudy_sid02_2025-12-24T03-27-09.646Z.txt,99,88,91,5,4,painttorch,proposed,proposed,painttorch,7123
2,userstudy_sid02_2025-12-24T03-27-09.646Z.txt,100,185,183,100,4,proposed,painttorch,proposed,painttorch,2419
2,userstudy_sid02_2025-12-24T03-27-09.646Z.txt,101,97,96,10,0,painttorch,diffusart,diffusart,painttorch,4588
2,userstudy_sid02_2025-12-24T03-27-09.646Z.txt,102,96,119,10,0,diffusart,painttorch,diffusart,painttorch,2919
2,userstudy_sid02_2025-12-24T03-27-09.646Z.txt,103,27,33,1,0,painttorch,diffusart,painttorch,diffusart,2817
2,userstudy_sid02_2025-12-24T03-27-09.646Z.txt,104,158,158,50,3,colordiffv2,painttorch,colordiffv2,painttorch,3461
2,userstudy_sid02_2025-12-24T03-27-09.646Z.txt,105,0,22,0,0,diffusart,painttorch,diffusart,painttorch,2463
2,userstudy_sid02_2025-12-24T03-27-09.646Z.txt,106,137,135,25,4,proposed,painttorch,proposed,painttorch,2122
2,userstudy_sid02_2025-12-24T03-27-09.646Z.txt,107,132,143,25,3,colordiffv2,painttorch,colordiffv2,painttorch,4700
2,userstudy_sid02_2025-12-24T03-27-09.646Z.txt,108,80,80,5,2,diffusart,proposed,proposed,diffusart,9162
2,userstudy_sid02_2025-12-24T03-27-09.646Z.txt,109,123,133,25,0,painttorch,diffusart,diffusart,painttorch,3802
2,userstudy_sid02_2025-12-24T03-27-09.646Z.txt,110,33,47,1,2,proposed,diffusart,proposed,diffusart,6160
2,userstudy_sid02_2025-12-24T03-27-09.646Z.txt,111,9,5,0,2,proposed,diffusart,diffusart,proposed,3132
2,userstudy_sid02_2025-12-24T03-27-09.646Z.txt,112,111,97,10,3,painttorch,colordiffv2,colordiffv2,painttorch,2441
2,userstudy_sid02_2025-12-24T03-27-09.646Z.txt,113,26,41,1,0,diffusart,painttorch,diffusart,painttorch,3708
2,userstudy_sid02_2025-12-24T03-27-09.646Z.txt,114,69,62,3,5,colordiffv2,proposed,proposed,colordiffv2,6258
2,userstudy_sid02_2025-12-24T03-27-09.646Z.txt,115,146,159,50,0,diffusart,painttorch,diffusart,painttorch,3225
2,userstudy_sid02_2025-12-24T03-27-09.646Z.txt,116,107,116,10,2,proposed,diffusart,proposed,diffusart,6240
2,userstudy_sid02_2025-12-24T03-27-09.646Z.txt,117,170,171,100,0,diffusart,painttorch,diffusart,painttorch,3706
2,userstudy_sid02_2025-12-24T03-27-09.646Z.txt,118,12,23,0,3,colordiffv2,painttorch,painttorch,colordiffv2,2336
2,userstudy_sid02_2025-12-24T03-27-09.646Z.txt,119,171,181,100,0,painttorch,diffusart,painttorch,diffusart,5223
2,userstudy_sid02_2025-12-24T03-27-09.646Z.txt,120,83,84,5,2,proposed,diffusart,diffusart,proposed,6691
2,userstudy_sid02_2025-12-24T03-27-09.646Z.txt,121,31,44,1,1,diffusart,colordiffv2,colordiffv2,diffusart,7964
2,userstudy_sid02_2025-12-24T03-27-09.646Z.txt,122,154,147,50,2,diffusart,proposed,proposed,diffusart,4822
2,userstudy_sid02_2025-12-24T03-27-09.646Z.txt,123,155,160,50,2,proposed,diffusart,proposed,diffusart,5119
2,userstudy_sid02_2025-12-24T03-27-09.646Z.txt,124,157,163,50,3,painttorch,colordiffv2,colordiffv2,painttorch,5393
2,userstudy_sid02_2025-12-24T03-27-09.646Z.txt,125,4,17,0,1,colordiffv2,diffusart,diffusart,colordiffv2,2107
2,userstudy_sid02_2025-12-24T03-27-09.646Z.txt,126,76,94,5,1,colordiffv2,diffusart,colordiffv2,diffusart,5204
2,userstudy_sid02_2025-12-24T03-27-09.646Z.txt,127,65,54,3,4,proposed,painttorch,proposed,painttorch,3869
2,userstudy_sid02_2025-12-24T03-27-09.646Z.txt,128,172,179,100,1,colordiffv2,diffusart,colordiffv2,diffusart,2814
2,userstudy_sid02_2025-12-24T03-27-09.646Z.txt,129,63,64,3,3,painttorch,colordiffv2,colordiffv2,painttorch,9090
2,userstudy_sid02_2025-12-24T03-27-09.646Z.txt,130,191,189,100,5,colordiffv2,proposed,proposed,colordiffv2,4330
2,userstudy_sid02_2025-12-24T03-27-09.646Z.txt,131,100,104,10,1,colordiffv2,diffusart,colordiffv2,diffusart,6208
2,userstudy_sid02_2025-12-24T03-27-09.646Z.txt,132,1,3,0,0,painttorch,diffusart,diffusart,painttorch,2380
2,userstudy_sid02_2025-12-24T03-27-09.646Z.txt,133,8,19,0,2,diffusart,proposed,diffusart,proposed,2912
2,userstudy_sid02_2025-12-24T03-27-09.646Z.txt,134,126,136,25,1,colordiffv2,diffusart,diffusart,colordiffv2,8470
2,userstudy_sid02_2025-12-24T03-27-09.646Z.txt,135,17,15,0,4,proposed,painttorch,painttorch,proposed,1842
2,userstudy_sid02_2025-12-24T03-27-09.646Z.txt,136,81,74,5,2,proposed,diffusart,proposed,diffusart,2911
2,userstudy_sid02_2025-12-24T03-27-09.646Z.txt,137,127,129,25,1,diffusart,colordiffv2,colordiffv2,diffusart,6583
2,userstudy_sid02_2025-12-24T03-27-09.646Z.txt,138,55,57,3,1,diffusart,colordiffv2,diffusart,colordiffv2,8813
2,userstudy_sid02_2025-12-24T03-27-09.646Z.txt,139,54,63,3,1,colordiffv2,diffusart,diffusart,colordiffv2,6038
2,userstudy_sid02_2025-12-24T03-27-09.646Z.txt,140,94,73,5,5,proposed,colordiffv2,colordiffv2,proposed,14294
2,userstudy_sid02_2025-12-24T03-27-09.646Z.txt,141,136,125,25,4,painttorch,proposed,proposed,painttorch,5711
2,userstudy_sid02_2025-12-24T03-27-09.646Z.txt,142,37,26,1,3,painttorch,colordiffv2,colordiffv2,painttorch,3751
2,userstudy_sid02_2025-12-24T03-27-09.646Z.txt,143,56,53,3,2,diffusart,proposed,proposed,diffusart,9621
2,userstudy_sid02_2025-12-24T03-27-09.646Z.txt,144,143,122,25,5,colordiffv2,proposed,proposed,colordiffv2,7298
2,userstudy_sid02_2025-12-24T03-27-09.646Z.txt,145,124,138,25,1,colordiffv2,diffusart,colordiffv2,diffusart,8824
2,userstudy_sid02_2025-12-24T03-27-09.646Z.txt,146,39,32,1,3,painttorch,colordiffv2,colordiffv2,painttorch,5931
2,userstudy_sid02_2025-12-24T03-27-09.646Z.txt,147,42,43,1,4,painttorch,proposed,proposed,painttorch,3649
2,userstudy_sid02_2025-12-24T03-27-09.646Z.txt,148,139,134,25,4,proposed,painttorch,proposed,painttorch,4930
2,userstudy_sid02_2025-12-24T03-27-09.646Z.txt,149,58,48,3,2,diffusart,proposed,proposed,diffusart,11155
2,userstudy_sid02_2025-12-24T03-27-09.646Z.txt,150,91,86,5,4,proposed,painttorch,proposed,painttorch,2777
2,userstudy_sid02_2025-12-24T03-27-09.646Z.txt,151,129,130,25,2,proposed,diffusart,proposed,diffusart,3382
2,userstudy_sid02_2025-12-24T03-27-09.646Z.txt,152,41,25,1,4,proposed,painttorch,proposed,painttorch,2882
2,userstudy_sid02_2025-12-24T03-27-09.646Z.txt,153,177,184,100,2,proposed,diffusart,proposed,diffusart,2004
2,userstudy_sid02_2025-12-24T03-27-09.646Z.txt,154,40,45,1,4,painttorch,proposed,proposed,painttorch,3208
2,userstudy_sid02_2025-12-24T03-27-09.646Z.txt,155,74,92,5,0,diffusart,painttorch,diffusart,painttorch,3823
2,userstudy_sid02_2025-12-24T03-27-09.646Z.txt,156,49,70,3,0,painttorch,diffusart,painttorch,diffusart,4410
2,userstudy_sid02_2025-12-24T03-27-09.646Z.txt,157,24,37,1,0,diffusart,painttorch,diffusart,painttorch,2289
2,userstudy_sid02_2025-12-24T03-27-09.646Z.txt,158,117,111,10,5,colordiffv2,proposed,colordiffv2,proposed,5977
2,userstudy_sid02_2025-12-24T03-27-09.646Z.txt,159,68,69,3,5,proposed,colordiffv2,proposed,colordiffv2,6097
2,userstudy_sid02_2025-12-24T03-27-09.646Z.txt,160,78,90,5,1,colordiffv2,diffusart,colordiffv2,diffusart,8421
2,userstudy_sid02_2025-12-24T03-27-09.646Z.txt,161,44,39,1,5,proposed,colordiffv2,colordiffv2,proposed,5532
2,userstudy_sid02_2025-12-24T03-27-09.646Z.txt,162,131,121,25,2,proposed,diffusart,proposed,diffusart,4476
2,userstudy_sid02_2025-12-24T03-27-09.646Z.txt,163,70,59,3,5,proposed,colordiffv2,proposed,colordiffv2,2570
2,userstudy_sid02_2025-12-24T03-27-09.646Z.txt,164,72,89,5,0,diffusart,painttorch,diffusart,painttorch,2500
2,userstudy_sid02_2025-12-24T03-27-09.646Z.txt,165,189,186,100,5,colordiffv2,proposed,proposed,colordiffv2,4531
2,userstudy_sid02_2025-12-24T03-27-09.646Z.txt,166,38,46,1,3,colordiffv2,painttorch,colordiffv2,painttorch,3452
2,userstudy_sid02_2025-12-24T03-27-09.646Z.txt,167,79,81,5,1,diffusart,colordiffv2,colordiffv2,diffusart,4964
2,userstudy_sid02_2025-12-24T03-27-09.646Z.txt,168,62,56,3,3,colordiffv2,painttorch,painttorch,colordiffv2,5457
2,userstudy_sid02_2025-12-24T03-27-09.646Z.txt,169,147,166,50,0,painttorch,diffusart,diffusart,painttorch,2568
2,userstudy_sid02_2025-12-24T03-27-09.646Z.txt,170,61,51,3,3,painttorch,colordiffv2,colordiffv2,painttorch,4314
2,userstudy_sid02_2025-12-24T03-27-09.646Z.txt,171,35,38,1,2,proposed,diffusart,proposed,diffusart,6290
2,userstudy_sid02_2025-12-24T03-27-09.646Z.txt,172,142,128,25,5,proposed,colordiffv2,proposed,colordiffv2,10594
2,userstudy_sid02_2025-12-24T03-27-09.646Z.txt,173,133,123,25,3,painttorch,colordiffv2,colordiffv2,painttorch,3808
2,userstudy_sid02_2025-12-24T03-27-09.646Z.txt,174,141,132,25,5,colordiffv2,proposed,colordiffv2,proposed,7354
2,userstudy_sid02_2025-12-24T03-27-09.646Z.txt,175,18,9,0,4,painttorch,proposed,painttorch,proposed,2563
2,userstudy_sid02_2025-12-24T03-27-09.646Z.txt,176,187,169,100,4,proposed,painttorch,proposed,painttorch,2401
2,userstudy_sid02_2025-12-24T03-27-09.646Z.txt,177,43,31,1,4,proposed,painttorch,proposed,painttorch,3184
2,userstudy_sid02_2025-12-24T03-27-09.646Z.txt,178,25,29,1,0,painttorch,diffusart,diffusart,painttorch,4943
2,userstudy_sid02_2025-12-24T03-27-09.646Z.txt,179,29,24,1,1,diffusart,colordiffv2,diffusart,colordiffv2,2180
2,userstudy_sid02_2025-12-24T03-27-09.646Z.txt,180,57,58,3,2,proposed,diffusart,proposed,diffusart,3622
2,userstudy_sid02_2025-12-24T03-27-09.646Z.txt,181,164,150,50,5,proposed,colordiffv2,proposed,colordiffv2,3796
2,userstudy_sid02_2025-12-24T03-27-09.646Z.txt,182,104,105,10,2,diffusart,proposed,proposed,diffusart,7470
2,userstudy_sid02_2025-12-24T03-27-09.646Z.txt,183,121,127,25,0,painttorch,diffusart,diffusart,painttorch,2071
2,userstudy_sid02_2025-12-24T03-27-09.646Z.txt,184,128,139,25,2,diffusart,proposed,diffusart,proposed,7617
2,userstudy_sid02_2025-12-24T03-27-09.646Z.txt,185,149,161,50,1,diffusart,colordiffv2,diffusart,colordiffv2,3019
2,userstudy_sid02_2025-12-24T03-27-09.646Z.txt,186,66,49,3,4,painttorch,proposed,painttorch,proposed,4390
2,userstudy_sid02_2025-12-24T03-27-09.646Z.txt,187,71,55,3,5,colordiffv2,proposed,colordiffv2,proposed,5062
2,userstudy_sid02_2025-12-24T03-27-09.646Z.txt,188,109,108,10,3,painttorch,colordiffv2,colordiffv2,painttorch,4636
2,userstudy_sid02_2025-12-24T03-27-09.646Z.txt,189,50,65,3,0,diffusart,painttorch,diffusart,painttorch,2954
2,userstudy_sid02_2025-12-24T03-27-09.646Z.txt,190,82,82,5,2,diffusart,proposed,proposed,diffusart,8276
2,userstudy_sid02_2025-12-24T03-27-09.646Z.txt,191,21,11,0,5,colordiffv2,proposed,colordiffv2,proposed,4729
3,userstudy_sid03_2025-12-24T03-20-11.971Z.txt,0,114,118,10,4,painttorch,proposed,proposed,painttorch,4970
3,userstudy_sid03_2025-12-24T03-20-11.971Z.txt,1,35,38,1,2,proposed,diffusart,proposed,diffusart,4879
3,userstudy_sid03_2025-12-24T03-20-11.971Z.txt,2,43,31,1,4,proposed,painttorch,painttorch,proposed,2146
3,userstudy_sid03_2025-12-24T03-20-11.971Z.txt,3,6,8,0,1,colordiffv2,diffusart,diffusart,colordiffv2,1960
3,userstudy_sid03_2025-12-24T03-20-11.971Z.txt,4,17,15,0,4,proposed,painttorch,proposed,painttorch,3764
3,userstudy_sid03_2025-12-24T03-20-11.971Z.txt,5,165,149,50,5,colordiffv2,proposed,proposed,colordiffv2,3536
3,userstudy_sid03_2025-12-24T03-20-11.971Z.txt,6,104,105,10,2,diffusart,proposed,diffusart,proposed,3330
3,userstudy_sid03_2025-12-24T03-20-11.971Z.txt,7,68,69,3,5,proposed,colordiffv2,proposed,colordiffv2,6010
3,userstudy_sid03_2025-12-24T03-20-11.971Z.txt,8,46,35,1,5,proposed,colordiffv2,proposed,colordiffv2,2445
3,userstudy_sid03_2025-12-24T03-20-11.971Z.txt,9,62,56,3,3,colordiffv2,painttorch,painttorch,colordiffv2,2268
3,userstudy_sid03_2025-12-24T03-20-11.971Z.txt,10,90,87,5,4,painttorch,proposed,proposed,painttorch,5973
3,userstudy_sid03_2025-12-24T03-20-11.971Z.txt,11,93,95,5,5,colordiffv2,proposed,proposed,colordiffv2,2773
3,userstudy_sid03_2025-12-24T03-20-11.971Z.txt,12,136,125,25,4,painttorch,proposed,painttorch,proposed,3542
3,userstudy_sid03_2025-12-24T03-20-11.971Z.txt,13,69,62,3,5,colordiffv2,proposed,proposed,colordiffv2,3384
3,userstudy_sid03_2025-12-24T03-20-11.971Z.txt,14,85,83,5,3,painttorch,colordiffv2,colordiffv2,painttorch,5816
3,userstudy_sid03_2025-12-24T03-20-11.971Z.txt,15,123,133,25,0,painttorch,diffusart,painttorch,diffusart,3644
3,userstudy_sid03_2025-12-24T03-20-11.971Z.txt,16,107,116,10,2,proposed,diffusart,diffusart,proposed,4412
3,userstudy_sid03_2025-12-24T03-20-11.971Z.txt,17,132,143,25,3,colordiffv2,painttorch,colordiffv2,painttorch,4259
3,userstudy_sid03_2025-12-24T03-20-11.971Z.txt,18,67,67,3,4,proposed,painttorch,proposed,painttorch,6708
3,userstudy_sid03_2025-12-24T03-20-11.971Z.txt,19,125,124,25,1,diffusart,colordiffv2,diffusart,colordiffv2,5655
3,userstudy_sid03_2025-12-24T03-20-11.971Z.txt,20,126,136,25,1,colordiffv2,diffusart,colordiffv2,diffusart,3117
3,userstudy_sid03_2025-12-24T03-20-11.971Z.txt,21,61,51,3,3,painttorch,colordiffv2,colordiffv2,painttorch,4644
3,userstudy_sid03_2025-12-24T03-20-11.971Z.txt,22,5,0,0,1,diffusart,colordiffv2,diffusart,colordiffv2,1912
3,userstudy_sid03_2025-12-24T03-20-11.971Z.txt,23,7,21,0,1,diffusart,colordiffv2,diffusart,colordiffv2,2852
3,userstudy_sid03_2025-12-24T03-20-11.971Z.txt,24,161,153,50,4,proposed,painttorch,painttorch,proposed,3416
3,userstudy_sid03_2025-12-24T03-20-11.971Z.txt,25,21,11,0,5,colordiffv2,proposed,proposed,colordiffv2,2561
3,userstudy_sid03_2025-12-24T03-20-11.971Z.txt,26,135,131,25,3,painttorch,colordiffv2,painttorch,colordiffv2,4008
3,userstudy_sid03_2025-12-24T03-20-11.971Z.txt,27,168,185,100,0,diffusart,painttorch,diffusart,painttorch,4683
3,userstudy_sid03_2025-12-24T03-20-11.971Z.txt,28,119,110,10,5,colordiffv2,proposed,colordiffv2,proposed,3150
3,userstudy_sid03_2025-12-24T03-20-11.971Z.txt,29,60,71,3,3,colordiffv2,painttorch,painttorch,colordiffv2,2951
3,userstudy_sid03_2025-12-24T03-20-11.971Z.txt,30,71,55,3,5,colordiffv2,proposed,colordiffv2,proposed,2630
3,userstudy_sid03_2025-12-24T03-20-11.971Z.txt,31,122,126,25,0,diffusart,painttorch,diffusart,painttorch,2645
3,userstudy_sid03_2025-12-24T03-20-11.971Z.txt,32,11,14,0,2,proposed,diffusart,diffusart,proposed,2857
3,userstudy_sid03_2025-12-24T03-20-11.971Z.txt,33,117,111,10,5,colordiffv2,proposed,proposed,colordiffv2,3964
3,userstudy_sid03_2025-12-24T03-20-11.971Z.txt,34,73,78,5,0,painttorch,diffusart,diffusart,painttorch,3918
3,userstudy_sid03_2025-12-24T03-20-11.971Z.txt,35,118,115,10,5,proposed,colordiffv2,proposed,colordiffv2,5862
3,userstudy_sid03_2025-12-24T03-20-11.971Z.txt,36,57,58,3,2,proposed,diffusart,proposed,diffusart,4941
3,userstudy_sid03_2025-12-24T03-20-11.971Z.txt,37,144,162,50,0,diffusart,painttorch,painttorch,diffusart,3690
3,userstudy_sid03_2025-12-24T03-20-11.971Z.txt,38,169,173,100,0,painttorch,diffusart,diffusart,painttorch,3073
3,userstudy_sid03_2025-12-24T03-20-11.971Z.txt,39,113,102,10,4,proposed,painttorch,proposed,painttorch,4880
3,userstudy_sid03_2025-12-24T03-20-11.971Z.txt,40,137,135,25,4,proposed,painttorch,proposed,painttorch,5954
3,userstudy_sid03_2025-12-24T03-20-11.971Z.txt,41,8,19,0,2,diffusart,proposed,diffusart,proposed,2582
3,userstudy_sid03_2025-12-24T03-20-11.971Z.txt,42,92,85,5,5,proposed,colordiffv2,colordiffv2,proposed,4453
3,userstudy_sid03_2025-12-24T03-20-11.971Z.txt,43,95,93,5,5,colordiffv2,proposed,proposed,colordiffv2,4199
3,userstudy_sid03_2025-12-24T03-20-11.971Z.txt,44,20,1,0,5,proposed,colordiffv2,proposed,colordiffv2,2332
3,userstudy_sid03_2025-12-24T03-20-11.971Z.txt,45,53,66,3,1,diffusart,colordiffv2,diffusart,colordiffv2,2997
3,userstudy_sid03_2025-12-24T03-20-11.971Z.txt,46,129,130,25,2,proposed,diffusart,diffusart,proposed,3903
3,userstudy_sid03_2025-12-24T03-20-11.971Z.txt,47,55,57,3,1,diffusart,colordiffv2,diffusart,colordiffv2,2505
3,userstudy_sid03_2025-12-24T03-20-11.971Z.txt,48,157,163,50,3,painttorch,colordiffv2,colordiffv2,painttorch,1898
3,userstudy_sid03_2025-12-24T03-20-11.971Z.txt,49,91,86,5,4,proposed,painttorch,proposed,painttorch,3035
3,userstudy_sid03_2025-12-24T03-20-11.971Z.txt,50,36,36,1,3,colordiffv2,painttorch,painttorch,colordiffv2,4765
3,userstudy_sid03_2025-12-24T03-20-11.971Z.txt,51,173,174,100,1,diffusart,colordiffv2,diffusart,colordiffv2,4164
3,userstudy_sid03_2025-12-24T03-20-11.971Z.txt,52,130,137,25,2,diffusart,proposed,proposed,diffusart,4362
3,userstudy_sid03_2025-12-24T03-20-11.971Z.txt,53,101,103,10,1,diffusart,colordiffv2,diffusart,colordiffv2,3214
3,userstudy_sid03_2025-12-24T03-20-11.971Z.txt,54,47,42,1,5,colordiffv2,proposed,proposed,colordiffv2,1863
3,userstudy_sid03_2025-12-24T03-20-11.971Z.txt,55,27,33,1,0,painttorch,diffusart,diffusart,painttorch,3381
3,userstudy_sid03_2025-12-24T03-20-11.971Z.txt,56,178,187,100,2,diffusart,proposed,proposed,diffusart,3565
3,userstudy_sid03_2025-12-24T03-20-11.971Z.txt,57,15,18,0,3,painttorch,colordiffv2,painttorch,colordiffv2,1684
3,userstudy_sid03_2025-12-24T03-20-11.971Z.txt,58,175,188,100,1,diffusart,colordiffv2,colordiffv2,diffusart,4297
3,userstudy_sid03_2025-12-24T03-20-11.971Z.txt,59,158,158,50,3,colordiffv2,painttorch,colordiffv2,painttorch,3058
3,userstudy_sid03_2025-12-24T03-20-11.971Z.txt,60,34,27,1,2,diffusart,proposed,diffusart,proposed,2431
3,userstudy_sid03_2025-12-24T03-20-11.971Z.txt,61,4,17,0,1,colordiffv2,diffusart,diffusart,colordiffv2,3042
3,userstudy_sid03_2025-12-24T03-20-11.971Z.txt,62,108,106,10,3,colordiffv2,painttorch,colordiffv2,painttorch,3468
3,userstudy_sid03_2025-12-24T03-20-11.971Z.txt,63,182,177,100,3,colordiffv2,painttorch,colordiffv2,painttorch,2557
3,userstudy_sid03_2025-12-24T03-20-11.971Z.txt,64,124,138,25,1,colordiffv2,diffusart,colordiffv2,diffusart,3645
3,userstudy_sid03_2025-12-24T03-20-11.971Z.txt,65,65,54,3,4,proposed,painttorch,painttorch,proposed,4764
3,userstudy_sid03_2025-12-24T03-20-11.971Z.txt,66,189,186,100,5,colordiffv2,proposed,proposed,colordiffv2,2472
3,userstudy_sid03_2025-12-24T03-20-11.971Z.txt,67,184,178,100,4,painttorch,proposed,proposed,painttorch,3066
3,userstudy_sid03_2025-12-24T03-20-11.971Z.txt,68,63,64,3,3,painttorch,colordiffv2,painttorch,colordiffv2,3238
3,userstudy_sid03_2025-12-24T03-20-11.971Z.txt,69,187,169,100,4,proposed,painttorch,proposed,painttorch,1921
3,userstudy_sid03_2025-12-24T03-20-11.971Z.txt,70,163,145,50,4,proposed,painttorch,proposed,painttorch,3148
3,userstudy_sid03_2025-12-24T03-20-11.971Z.txt,71,97,96,10,0,painttorch,diffusart,diffusart,painttorch,2466
3,userstudy_sid03_2025-12-24T03-20-11.971Z.txt,72,138,141,25,4,painttorch,proposed,proposed,painttorch,3568
3,userstudy_sid03_2025-12-24T03-20-11.971Z.txt,73,79,81,5,1,diffusart,colordiffv2,colordiffv2,diffusart,3233
3,userstudy_sid03_2025-12-24T03-20-11.971Z.txt,74,77,72,5,1,diffusart,colordiffv2,colordiffv2,diffusart,4106
3,userstudy_sid03_2025-12-24T03-20-11.971Z.txt,75,2,20,0,0,diffusart,painttorch,diffusart,painttorch,4226
3,userstudy_sid03_2025-12-24T03-20-11.971Z.txt,76,9,5,0,2,proposed,diffusart,diffusart,proposed,2641
3,userstudy_sid03_2025-12-24T03-20-11.971Z.txt,77,127,129,25,1,diffusart,colordiffv2,colordiffv2,diffusart,2985
3,userstudy_sid03_2025-12-24T03-20-11.971Z.txt,78,139,134,25,4,proposed,painttorch,proposed,painttorch,3095
3,userstudy_sid03_2025-12-24T03-20-11.971Z.txt,79,115,107,10,4,proposed,painttorch,proposed,painttorch,1819
3,userstudy_sid03_2025-12-24T03-20-11.971Z.txt,80,41,25,1,4,proposed,painttorch,painttorch,proposed,3671
3,userstudy_sid03_2025-12-24T03-20-11.971Z.txt,81,140,142,25,5,proposed,colordiffv2,proposed,colordiffv2,2530
3,userstudy_sid03_2025-12-24T03-20-11.971Z.txt,82,18,9,0,4,painttorch,proposed,painttorch,proposed,2231
3,userstudy_sid03_2025-12-24T03-20-11.971Z.txt,83,150,154,50,1,colordiffv2,diffusart,colordiffv2,diffusart,6426
3,userstudy_sid03_2025-12-24T03-20-11.971Z.txt,84,66,49,3,4,painttorch,proposed,painttorch,proposed,4052
3,userstudy_sid03_2025-12-24T03-20-11.971Z.txt,85,170,171,100,0,diffusart,painttorch,diffusart,painttorch,3386
3,userstudy_sid03_2025-12-24T03-20-11.971Z.txt,86,111,97,10,3,painttorch,colordiffv2,colordiffv2,painttorch,4424
3,userstudy_sid03_2025-12-24T03-20-11.971Z.txt,87,103,99,10,1,diffusart,colordiffv2,diffusart,colordiffv2,2388
3,userstudy_sid03_2025-12-24T03-20-11.971Z.txt,88,142,128,25,5,proposed,colordiffv2,proposed,colordiffv2,2417
3,userstudy_sid03_2025-12-24T03-20-11.971Z.txt,89,75,88,5,0,painttorch,diffusart,painttorch,diffusart,5987
3,userstudy_sid03_2025-12-24T03-20-11.971Z.txt,90,183,176,100,3,painttorch,colordiffv2,colordiffv2,painttorch,2969
3,userstudy_sid03_2025-12-24T03-20-11.971Z.txt,91,76,94,5,1,colordiffv2,diffusart,diffusart,colordiffv2,2147
3,userstudy_sid03_2025-12-24T03-20-11.971Z.txt,92,99,114,10,0,painttorch,diffusart,diffusart,painttorch,6014
3,userstudy_sid03_2025-12-24T03-20-11.971Z.txt,93,1,3,0,0,painttorch,diffusart,diffusart,painttorch,2943
3,userstudy_sid03_2025-12-24T03-20-11.971Z.txt,94,94,73,5,5,proposed,colordiffv2,colordiffv2,proposed,2329
3,userstudy_sid03_2025-12-24T03-20-11.971Z.txt,95,176,172,100,2,diffusart,proposed,proposed,diffusart,5829
3,userstudy_sid03_2025-12-24T03-20-11.971Z.txt,96,155,160,50,2,proposed,diffusart,proposed,diffusart,3431
3,userstudy_sid03_2025-12-24T03-20-11.971Z.txt,97,151,144,50,1,diffusart,colordiffv2,colordiffv2,diffusart,6681
3,userstudy_sid03_2025-12-24T03-20-11.971Z.txt,98,116,98,10,5,proposed,colordiffv2,colordiffv2,proposed,3978
3,userstudy_sid03_2025-12-24T03-20-11.971Z.txt,99,28,40,1,1,colordiffv2,diffusart,diffusart,colordiffv2,6013
3,userstudy_sid03_2025-12-24T03-20-11.971Z.txt,100,23,7,0,5,colordiffv2,proposed,proposed,colordiffv2,1672
3,userstudy_sid03_2025-12-24T03-20-11.971Z.txt,101,143,122,25,5,colordiffv2,proposed,proposed,colordiffv2,3645
3,userstudy_sid03_2025-12-24T03-20-11.971Z.txt,102,105,112,10,2,proposed,diffusart,proposed,diffusart,2280
3,userstudy_sid03_2025-12-24T03-20-11.971Z.txt,103,181,170,100,3,painttorch,colordiffv2,colordiffv2,painttorch,3889
3,userstudy_sid03_2025-12-24T03-20-11.971Z.txt,104,171,181,100,0,painttorch,diffusart,diffusart,painttorch,2045
3,userstudy_sid03_2025-12-24T03-20-11.971Z.txt,105,81,74,5,2,proposed,diffusart,proposed,diffusart,2711
3,userstudy_sid03_2025-12-24T03-20-11.971Z.txt,106,50,65,3,0,diffusart,painttorch,diffusart,painttorch,5935
3,userstudy_sid03_2025-12-24T03-20-11.971Z.txt,107,166,167,50,5,proposed,colordiffv2,colordiffv2,proposed,5613
3,userstudy_sid03_2025-12-24T03-20-11.971Z.txt,108,174,190,100,1,colordiffv2,diffusart,diffusart,colordiffv2,2214
3,userstudy_sid03_2025-12-24T03-20-11.971Z.txt,109,70,59,3,5,proposed,colordiffv2,proposed,colordiffv2,5115
3,userstudy_sid03_2025-12-24T03-20-11.971Z.txt,110,120,120,25,0,diffusart,painttorch,diffusart,painttorch,5064
3,userstudy_sid03_2025-12-24T03-20-11.971Z.txt,111,82,82,5,2,diffusart,proposed,proposed,diffusart,2970
3,userstudy_sid03_2025-12-24T03-20-11.971Z.txt,112,30,30,1,1,colordiffv2,diffusart,diffusart,colordiffv2,2804
3,userstudy_sid03_2025-12-24T03-20-11.971Z.txt,113,153,157,50,2,proposed,diffusart,proposed,diffusart,4233
3,userstudy_sid03_2025-12-24T03-20-11.971Z.txt,114,179,180,100,2,proposed,diffusart,proposed,diffusart,2008
3,userstudy_sid03_2025-12-24T03-20-11.971Z.txt,115,87,76,5,3,painttorch,colordiffv2,painttorch,colordiffv2,2747
3,userstudy_sid03_2025-12-24T03-20-11.971Z.txt,116,133,123,25,3,painttorch,colordiffv2,colordiffv2,painttorch,5683
3,userstudy_sid03_2025-12-24T03-20-11.971Z.txt,117,148,165,50,1,colordiffv2,diffusart,colordiffv2,diffusart,3912
3,userstudy_sid03_2025-12-24T03-20-11.971Z.txt,118,32,28,1,2,diffusart,proposed,diffusart,proposed,6368
3,userstudy_sid03_2025-12-24T03-20-11.971Z.txt,119,84,79,5,3,colordiffv2,painttorch,painttorch,colordiffv2,4157
3,userstudy_sid03_2025-12-24T03-20-11.971Z.txt,120,54,63,3,1,colordiffv2,diffusart,diffusart,colordiffv2,3579
3,userstudy_sid03_2025-12-24T03-20-11.971Z.txt,121,10,13,0,2,diffusart,proposed,diffusart,proposed,3577
3,userstudy_sid03_2025-12-24T03-20-11.971Z.txt,122,186,175,100,4,painttorch,proposed,proposed,painttorch,5260
3,userstudy_sid03_2025-12-24T03-20-11.971Z.txt,123,131,121,25,2,proposed,diffusart,proposed,diffusart,4699
3,userstudy_sid03_2025-12-24T03-20-11.971Z.txt,124,96,119,10,0,diffusart,painttorch,diffusart,painttorch,4497
3,userstudy_sid03_2025-12-24T03-20-11.971Z.txt,125,80,80,5,2,diffusart,proposed,proposed,diffusart,4057
3,userstudy_sid03_2025-12-24T03-20-11.971Z.txt,126,13,2,0,3,painttorch,colordiffv2,painttorch,colordiffv2,1583
3,userstudy_sid03_2025-12-24T03-20-11.971Z.txt,127,37,26,1,3,painttorch,colordiffv2,painttorch,colordiffv2,1793
3,userstudy_sid03_2025-12-24T03-20-11.971Z.txt,128,58,48,3,2,diffusart,proposed,diffusart,proposed,3738
3,userstudy_sid03_2025-12-24T03-20-11.971Z.txt,129,145,148,50,0,painttorch,diffusart,painttorch,diffusart,4603
3,userstudy_sid03_2025-12-24T03-20-11.971Z.txt,130,74,92,5,0,diffusart,painttorch,painttorch,diffusart,4196
3,userstudy_sid03_2025-12-24T03-20-11.971Z.txt,131,98,113,10,0,diffusart,painttorch,diffusart,painttorch,3374
3,userstudy_sid03_2025-12-24T03-20-11.971Z.txt,132,48,60,3,0,diffusart,painttorch,diffusart,painttorch,3133
3,userstudy_sid03_2025-12-24T03-20-11.971Z.txt,133,26,41,1,0,diffusart,painttorch,painttorch,diffusart,3546
3,userstudy_sid03_2025-12-24T03-20-11.971Z.txt,134,16,12,0,4,painttorch,proposed,proposed,painttorch,6176
3,userstudy_sid03_2025-12-24T03-20-11.971Z.txt,135,64,52,3,4,painttorch,proposed,proposed,painttorch,5974
3,userstudy_sid03_2025-12-24T03-20-11.971Z.txt,136,149,161,50,1,diffusart,colordiffv2,diffusart,colordiffv2,3289
3,userstudy_sid03_2025-12-24T03-20-11.971Z.txt,137,39,32,1,3,painttorch,colordiffv2,painttorch,colordiffv2,4070
3,userstudy_sid03_2025-12-24T03-20-11.971Z.txt,138,19,10,0,4,proposed,painttorch,painttorch,proposed,2671
3,userstudy_sid03_2025-12-24T03-20-11.971Z.txt,139,42,43,1,4,painttorch,proposed,painttorch,proposed,4359
3,userstudy_sid03_2025-12-24T03-20-11.971Z.txt,140,112,100,10,4,painttorch,proposed,proposed,painttorch,2641
3,userstudy_sid03_2025-12-24T03-20-11.971Z.txt,141,25,29,1,0,painttorch,diffusart,diffusart,painttorch,4776
3,userstudy_sid03_2025-12-24T03-20-11.971Z.txt,142,164,150,50,5,proposed,colordiffv2,proposed,colordiffv2,5479
3,userstudy_sid03_2025-12-24T03-20-11.971Z.txt,143,29,24,1,1,diffusart,colordiffv2,diffusart,colordiffv2,9183
3,userstudy_sid03_2025-12-24T03-20-11.971Z.txt,144,12,23,0,3,colordiffv2,painttorch,painttorch,colordiffv2,1731
3,userstudy_sid03_2025-12-24T03-20-11.971Z.txt,145,180,168,100,3,colordiffv2,painttorch,colordiffv2,painttorch,4085
3,userstudy_sid03_2025-12-24T03-20-11.971Z.txt,146,52,50,3,1,colordiffv2,diffusart,colordiffv2,diffusart,2977
3,userstudy_sid03_2025-12-24T03-20-11.971Z.txt,147,24,37,1,0,diffusart,painttorch,diffusart,painttorch,2219
3,userstudy_sid03_2025-12-24T03-20-11.971Z.txt,148,72,89,5,0,diffusart,painttorch,diffusart,painttorch,4668
3,userstudy_sid03_2025-12-24T03-20-11.971Z.txt,149,100,104,10,1,colordiffv2,diffusart,colordiffv2,diffusart,5564
3,userstudy_sid03_2025-12-24T03-20-11.971Z.txt,150,89,75,5,4,proposed,painttorch,proposed,painttorch,1871
3,userstudy_sid03_2025-12-24T03-20-11.971Z.txt,151,146,159,50,0,diffusart,painttorch,diffusart,painttorch,5877
3,userstudy_sid03_2025-12-24T03-20-11.971Z.txt,152,78,90,5,1,colordiffv2,diffusart,colordiffv2,diffusart,3286
3,userstudy_sid03_2025-12-24T03-20-11.971Z.txt,153,128,139,25,2,diffusart,proposed,proposed,diffusart,3437
3,userstudy_sid03_2025-12-24T03-20-11.971Z.txt,154,159,156,50,3,painttorch,colordiffv2,colordiffv2,painttorch,7023
3,userstudy_sid03_2025-12-24T03-20-11.971Z.txt,155,38,46,1,3,colordiffv2,painttorch,painttorch,colordiffv2,3399
3,userstudy_sid03_2025-12-24T03-20-11.971Z.txt,156,152,155,50,2,diffusart,proposed,proposed,diffusart,3553
3,userstudy_sid03_2025-12-24T03-20-11.971Z.txt,157,22,4,0,5,proposed,colordiffv2,proposed,colordiffv2,2313
3,userstudy_sid03_2025-12-24T03-20-11.971Z.txt,158,160,164,50,4,painttorch,proposed,proposed,painttorch,2492
3,userstudy_sid03_2025-12-24T03-20-11.971Z.txt,159,188,182,100,5,proposed,colordiffv2,proposed,colordiffv2,6664
3,userstudy_sid03_2025-12-24T03-20-11.971Z.txt,160,40,45,1,4,painttorch,proposed,proposed,painttorch,6792
3,userstudy_sid03_2025-12-24T03-20-11.971Z.txt,161,167,152,50,5,colordiffv2,proposed,colordiffv2,proposed,5932
3,userstudy_sid03_2025-12-24T03-20-11.971Z.txt,162,191,189,100,5,colordiffv2,proposed,proposed,colordiffv2,2671
3,userstudy_sid03_2025-12-24T03-20-11.971Z.txt,163,162,146,50,4,painttorch,proposed,proposed,painttorch,5387
3,userstudy_sid03_2025-12-24T03-20-11.971Z.txt,164,33,47,1,2,proposed,diffusart,diffusart,proposed,3694
3,userstudy_sid03_2025-12-24T03-20-11.971Z.txt,165,14,16,0,3,colordiffv2,painttorch,painttorch,colordiffv2,1426
3,userstudy_sid03_2025-12-24T03-20-11.971Z.txt,166,59,68,3,2,proposed,diffusart,proposed,diffusart,5560
3,userstudy_sid03_2025-12-24T03-20-11.971Z.txt,167,83,84,5,2,proposed,diffusart,proposed,diffusart,2025
3,userstudy_sid03_2025-12-24T03-20-11.971Z.txt,168,49,70,3,0,painttorch,diffusart,painttorch,diffusart,3149
3,userstudy_sid03_2025-12-24T03-20-11.971Z.txt,169,154,147,50,2,diffusart,proposed,diffusart,proposed,5251
3,userstudy_sid03_2025-12-24T03-20-11.971Z.txt,170,45,34,1,5,colordiffv2,proposed,proposed,colordiffv2,4597
3,userstudy_sid03_2025-12-24T03-20-11.971Z.txt,171,102,101,10,1,colordiffv2,diffusart,colordiffv2,diffusart,1799
3,userstudy_sid03_2025-12-24T03-20-11.971Z.txt,172,56,53,3,2,diffusart,proposed,diffusart,proposed,2636
3,userstudy_sid03_2025-12-24T03-20-11.971Z.txt,173,109,108,10,3,painttorch,colordiffv2,painttorch,colordiffv2,2579
3,userstudy_sid03_2025-12-24T03-20-11.971Z.txt,174,0,22,0,0,diffusart,painttorch,painttorch,diffusart,4621
3,userstudy_sid03_2025-12-24T03-20-11.971Z.txt,175,106,117,10,2,diffusart,proposed,diffusart,proposed,5841
3,userstudy_sid03_2025-12-24T03-20-11.971Z.txt,176,110,109,10,3,colordiffv2,painttorch,painttorch,colordiffv2,4871
3,userstudy_sid03_2025-12-24T03-20-11.971Z.txt,177,190,191,100,5,proposed,colordiffv2,colordiffv2,proposed,5711
3,userstudy_sid03_2025-12-24T03-20-11.971Z.txt,178,147,166,50,0,painttorch,diffusart,painttorch,diffusart,3664
3,userstudy_sid03_2025-12-24T03-20-11.971Z.txt,179,134,140,25,3,colordiffv2,painttorch,colordiffv2,painttorch,3995
3,userstudy_sid03_2025-12-24T03-20-11.971Z.txt,180,141,132,25,5,colordiffv2,proposed,colordiffv2,proposed,2128
3,userstudy_sid03_2025-12-24T03-20-11.971Z.txt,181,177,184,100,2,proposed,diffusart,proposed,diffusart,2888
3,userstudy_sid03_2025-12-24T03-20-11.971Z.txt,182,156,151,50,3,colordiffv2,painttorch,colordiffv2,painttorch,7830
3,userstudy_sid03_2025-12-24T03-20-11.971Z.txt,183,185,183,100,4,proposed,painttorch,proposed,painttorch,1981
3,userstudy_sid03_2025-12-24T03-20-11.971Z.txt,184,3,6,0,0,painttorch,diffusart,diffusart,painttorch,4398
3,userstudy_sid03_2025-12-24T03-20-11.971Z.txt,185,31,44,1,1,diffusart,colordiffv2,diffusart,colordiffv2,2700
3,userstudy_sid03_2025-12-24T03-20-11.971Z.txt,186,86,77,5,3,colordiffv2,painttorch,colordiffv2,painttorch,4230
3,userstudy_sid03_2025-12-24T03-20-11.971Z.txt,187,172,179,100,1,colordiffv2,diffusart,colordiffv2,diffusart,2579
3,userstudy_sid03_2025-12-24T03-20-11.971Z.txt,188,44,39,1,5,proposed,colordiffv2,proposed,colordiffv2,2490
3,userstudy_sid03_2025-12-24T03-20-11.971Z.txt,189,121,127,25,0,painttorch,diffusart,painttorch,diffusart,2918
3,userstudy_sid03_2025-12-24T03-20-11.971Z.txt,190,88,91,5,4,painttorch,proposed,proposed,painttorch,7659
3,userstudy_sid03_2025-12-24T03-20-11.971Z.txt,191,51,61,3,0,painttorch,diffusart,painttorch,diffusart,3898
4,userstudy_sid04_2025-12-24T07-02-04.301Z.txt,0,187,169,100,4,proposed,painttorch,proposed,painttorch,5979
4,userstudy_sid04_2025-12-24T07-02-04.301Z.txt,1,136,125,25,4,painttorch,proposed,proposed,painttorch,5046
4,userstudy_sid04_2025-12-24T07-02-04.301Z.txt,2,85,83,5,3,painttorch,colordiffv2,colordiffv2,painttorch,4671
4,userstudy_sid04_2025-12-24T07-02-04.301Z.txt,3,76,94,5,1,colordiffv2,diffusart,colordiffv2,diffusart,9714
4,userstudy_sid04_2025-12-24T07-02-04.301Z.txt,4,151,144,50,1,diffusart,colordiffv2,colordiffv2,diffusart,6643
4,userstudy_sid04_2025-12-24T07-02-04.301Z.txt,5,184,178,100,4,painttorch,proposed,proposed,painttorch,7505
4,userstudy_sid04_2025-12-24T07-02-04.301Z.txt,6,156,151,50,3,colordiffv2,painttorch,colordiffv2,painttorch,2368
4,userstudy_sid04_2025-12-24T07-02-04.301Z.txt,7,158,158,50,3,colordiffv2,painttorch,colordiffv2,painttorch,5279
4,userstudy_sid04_2025-12-24T07-02-04.301Z.txt,8,130,137,25,2,diffusart,proposed,proposed,diffusart,5404
4,userstudy_sid04_2025-12-24T07-02-04.301Z.txt,9,61,51,3,3,painttorch,colordiffv2,painttorch,colordiffv2,7459
4,userstudy_sid04_2025-12-24T07-02-04.301Z.txt,10,45,34,1,5,colordiffv2,proposed,colordiffv2,proposed,7116
4,userstudy_sid04_2025-12-24T07-02-04.301Z.txt,11,31,44,1,1,diffusart,colordiffv2,diffusart,colordiffv2,4470
4,userstudy_sid04_2025-12-24T07-02-04.301Z.txt,12,18,9,0,4,painttorch,proposed,painttorch,proposed,3577
4,userstudy_sid04_2025-12-24T07-02-04.301Z.txt,13,51,61,3,0,painttorch,diffusart,diffusart,painttorch,6277
4,userstudy_sid04_2025-12-24T07-02-04.301Z.txt,14,47,42,1,5,colordiffv2,proposed,proposed,colordiffv2,10877
4,userstudy_sid04_2025-12-24T07-02-04.301Z.txt,15,122,126,25,0,diffusart,painttorch,diffusart,painttorch,6075
4,userstudy_sid04_2025-12-24T07-02-04.301Z.txt,16,66,49,3,4,painttorch,proposed,proposed,painttorch,5065
4,userstudy_sid04_2025-12-24T07-02-04.301Z.txt,17,27,33,1,0,painttorch,diffusart,painttorch,diffusart,7144
4,userstudy_sid04_2025-12-24T07-02-04.301Z.txt,18,3,6,0,0,painttorch,diffusart,painttorch,diffusart,7383
4,userstudy_sid04_2025-12-24T07-02-04.301Z.txt,19,133,123,25,3,painttorch,colordiffv2,colordiffv2,painttorch,10087
4,userstudy_sid04_2025-12-24T07-02-04.301Z.txt,20,35,38,1,2,proposed,diffusart,proposed,diffusart,5039
4,userstudy_sid04_2025-12-24T07-02-04.301Z.txt,21,171,181,100,0,painttorch,diffusart,diffusart,painttorch,3530
4,userstudy_sid04_2025-12-24T07-02-04.301Z.txt,22,78,90,5,1,colordiffv2,diffusart,colordiffv2,diffusart,6656
4,userstudy_sid04_2025-12-24T07-02-04.301Z.txt,23,25,29,1,0,painttorch,diffusart,painttorch,diffusart,7566
4,userstudy_sid04_2025-12-24T07-02-04.301Z.txt,24,144,162,50,0,diffusart,painttorch,diffusart,painttorch,6589
4,userstudy_sid04_2025-12-24T07-02-04.301Z.txt,25,173,174,100,1,diffusart,colordiffv2,diffusart,colordiffv2,6473
4,userstudy_sid04_2025-12-24T07-02-04.301Z.txt,26,38,46,1,3,colordiffv2,painttorch,colordiffv2,painttorch,6848
4,userstudy_sid04_2025-12-24T07-02-04.301Z.txt,27,127,129,25,1,diffusart,colordiffv2,diffusart,colordiffv2,7052
4,userstudy_sid04_2025-12-24T07-02-04.301Z.txt,28,106,117,10,2,diffusart,proposed,diffusart,proposed,10972
4,userstudy_sid04_2025-12-24T07-02-04.301Z.txt,29,101,103,10,1,diffusart,colordiffv2,diffusart,colordiffv2,15995
4,userstudy_sid04_2025-12-24T07-02-04.301Z.txt,30,115,107,10,4,proposed,painttorch,proposed,painttorch,3195
4,userstudy_sid04_2025-12-24T07-02-04.301Z.txt,31,142,128,25,5,proposed,colordiffv2,colordiffv2,proposed,4188
4,userstudy_sid04_2025-12-24T07-02-04.301Z.txt,32,190,191,100,5,proposed,colordiffv2,proposed,colordiffv2,3592
4,userstudy_sid04_2025-12-24T07-02-04.301Z.txt,33,163,145,50,4,proposed,painttorch,proposed,painttorch,3105
4,userstudy_sid04_2025-12-24T07-02-04.301Z.txt,34,141,132,25,5,colordiffv2,proposed,colordiffv2,proposed,3897
4,userstudy_sid04_2025-12-24T07-02-04.301Z.txt,35,131,121,25,2,proposed,diffusart,proposed,diffusart,4193
4,userstudy_sid04_2025-12-24T07-02-04.301Z.txt,36,26,41,1,0,diffusart,painttorch,diffusart,painttorch,3870
4,userstudy_sid04_2025-12-24T07-02-04.301Z.txt,37,41,25,1,4,proposed,painttorch,proposed,painttorch,2829
4,userstudy_sid04_2025-12-24T07-02-04.301Z.txt,38,179,180,100,2,proposed,diffusart,proposed,diffusart,2563
4,userstudy_sid04_2025-12-24T07-02-04.301Z.txt,39,118,115,10,5,proposed,colordiffv2,proposed,colordiffv2,14656
4,userstudy_sid04_2025-12-24T07-02-04.301Z.txt,40,176,172,100,2,diffusart,proposed,proposed,diffusart,8712
4,userstudy_sid04_2025-12-24T07-02-04.301Z.txt,41,172,179,100,1,colordiffv2,diffusart,colordiffv2,diffusart,3738
4,userstudy_sid04_2025-12-24T07-02-04.301Z.txt,42,116,98,10,5,proposed,colordiffv2,proposed,colordiffv2,3993
4,userstudy_sid04_2025-12-24T07-02-04.301Z.txt,43,50,65,3,0,diffusart,painttorch,diffusart,painttorch,3519
4,userstudy_sid04_2025-12-24T07-02-04.301Z.txt,44,80,80,5,2,diffusart,proposed,diffusart,proposed,3011
4,userstudy_sid04_2025-12-24T07-02-04.301Z.txt,45,100,104,10,1,colordiffv2,diffusart,colordiffv2,diffusart,3743
4,userstudy_sid04_2025-12-24T07-02-04.301Z.txt,46,97,96,10,0,painttorch,diffusart,painttorch,diffusart,5164
4,userstudy_sid04_2025-12-24T07-02-04.301Z.txt,47,43,31,1,4,proposed,painttorch,proposed,painttorch,2002
4,userstudy_sid04_2025-12-24T07-02-04.301Z.txt,48,22,4,0,5,proposed,colordiffv2,proposed,colordiffv2,2118
4,userstudy_sid04_2025-12-24T07-02-04.301Z.txt,49,98,113,10,0,diffusart,painttorch,diffusart,painttorch,2319
4,userstudy_sid04_2025-12-24T07-02-04.301Z.txt,50,65,54,3,4,proposed,painttorch,proposed,painttorch,2659
4,userstudy_sid04_2025-12-24T07-02-04.301Z.txt,51,105,112,10,2,proposed,diffusart,proposed,diffusart,2683
4,userstudy_sid04_2025-12-24T07-02-04.301Z.txt,52,11,14,0,2,proposed,diffusart,diffusart,proposed,6262
4,userstudy_sid04_2025-12-24T07-02-04.301Z.txt,53,162,146,50,4,painttorch,proposed,painttorch,proposed,6052
4,userstudy_sid04_2025-12-24T07-02-04.301Z.txt,54,109,108,10,3,painttorch,colordiffv2,colordiffv2,painttorch,5850
4,userstudy_sid04_2025-12-24T07-02-04.301Z.txt,55,177,184,100,2,proposed,diffusart,proposed,diffusart,6658
4,userstudy_sid04_2025-12-24T07-02-04.301Z.txt,56,191,189,100,5,colordiffv2,proposed,colordiffv2,proposed,7497
4,userstudy_sid04_2025-12-24T07-02-04.301Z.txt,57,124,138,25,1,colordiffv2,diffusart,colordiffv2,diffusart,7205
4,userstudy_sid04_2025-12-24T07-02-04.301Z.txt,58,9,5,0,2,proposed,diffusart,diffusart,proposed,5263
4,userstudy_sid04_2025-12-24T07-02-04.301Z.txt,59,110,109,10,3,colordiffv2,painttorch,colordiffv2,painttorch,4296
4,userstudy_sid04_2025-12-24T07-02-04.301Z.txt,60,108,106,10,3,colordiffv2,painttorch,colordiffv2,painttorch,2481
4,userstudy_sid04_2025-12-24T07-02-04.301Z.txt,61,30,30,1,1,colordiffv2,diffusart,diffusart,colordiffv2,3392
4,userstudy_sid04_2025-12-24T07-02-04.301Z.txt,62,33,47,1,2,proposed,diffusart,proposed,diffusart,5193
4,userstudy_sid04_2025-12-24T07-02-04.301Z.txt,63,53,66,3,1,diffusart,colordiffv2,colordiffv2,diffusart,11022
4,userstudy_sid04_2025-12-24T07-02-04.301Z.txt,64,157,163,50,3,painttorch,colordiffv2,colordiffv2,painttorch,9221
4,userstudy_sid04_2025-12-24T07-02-04.301Z.txt,65,57,58,3,2,proposed,diffusart,proposed,diffusart,2459
4,userstudy_sid04_2025-12-24T07-02-04.301Z.txt,66,125,124,25,1,diffusart,colordiffv2,colordiffv2,diffusart,4143
4,userstudy_sid04_2025-12-24T07-02-04.301Z.txt,67,39,32,1,3,painttorch,colordiffv2,colordiffv2,painttorch,3701
4,userstudy_sid04_2025-12-24T07-02-04.301Z.txt,68,12,23,0,3,colordiffv2,painttorch,painttorch,colordiffv2,3551
4,userstudy_sid04_2025-12-24T07-02-04.301Z.txt,69,49,70,3,0,painttorch,diffusart,diffusart,painttorch,5148
4,userstudy_sid04_2025-12-24T07-02-04.301Z.txt,70,146,159,50,0,diffusart,painttorch,diffusart,painttorch,12376
4,userstudy_sid04_2025-12-24T07-02-04.301Z.txt,71,36,36,1,3,colordiffv2,painttorch,colordiffv2,painttorch,6225
4,userstudy_sid04_2025-12-24T07-02-04.301Z.txt,72,17,15,0,4,proposed,painttorch,painttorch,proposed,6598
4,userstudy_sid04_2025-12-24T07-02-04.301Z.txt,73,8,19,0,2,diffusart,proposed,diffusart,proposed,10601
4,userstudy_sid04_2025-12-24T07-02-04.301Z.txt,74,59,68,3,2,proposed,diffusart,proposed,diffusart,5497
4,userstudy_sid04_2025-12-24T07-02-04.301Z.txt,75,128,139,25,2,diffusart,proposed,diffusart,proposed,4795
4,userstudy_sid04_2025-12-24T07-02-04.301Z.txt,76,48,60,3,0,diffusart,painttorch,painttorch,diffusart,6039
4,userstudy_sid04_2025-12-24T07-02-04.301Z.txt,77,150,154,50,1,colordiffv2,diffusart,diffusart,colordiffv2,6342
4,userstudy_sid04_2025-12-24T07-02-04.301Z.txt,78,75,88,5,0,painttorch,diffusart,diffusart,painttorch,2816
4,userstudy_sid04_2025-12-24T07-02-04.301Z.txt,79,145,148,50,0,painttorch,diffusart,diffusart,painttorch,4796
4,userstudy_sid04_2025-12-24T07-02-04.301Z.txt,80,74,92,5,0,diffusart,painttorch,diffusart,painttorch,2488
4,userstudy_sid04_2025-12-24T07-02-04.301Z.txt,81,174,190,100,1,colordiffv2,diffusart,colordiffv2,diffusart,6051
4,userstudy_sid04_2025-12-24T07-02-04.301Z.txt,82,182,177,100,3,colordiffv2,painttorch,colordiffv2,painttorch,4556
4,userstudy_sid04_2025-12-24T07-02-04.301Z.txt,83,169,173,100,0,painttorch,diffusart,diffusart,painttorch,3380
4,userstudy_sid04_2025-12-24T07-02-04.301Z.txt,84,94,73,5,5,proposed,colordiffv2,proposed,colordiffv2,11213
4,userstudy_sid04_2025-12-24T07-02-04.301Z.txt,85,79,81,5,1,diffusart,colordiffv2,diffusart,colordiffv2,12288
4,userstudy_sid04_2025-12-24T07-02-04.301Z.txt,86,15,18,0,3,painttorch,colordiffv2,painttorch,colordiffv2,2865
4,userstudy_sid04_2025-12-24T07-02-04.301Z.txt,87,68,69,3,5,proposed,colordiffv2,proposed,colordiffv2,3892
4,userstudy_sid04_2025-12-24T07-02-04.301Z.txt,88,21,11,0,5,colordiffv2,proposed,proposed,colordiffv2,1496
4,userstudy_sid04_2025-12-24T07-02-04.301Z.txt,89,88,91,5,4,painttorch,proposed,proposed,painttorch,3899
4,userstudy_sid04_2025-12-24T07-02-04.301Z.txt,90,96,119,10,0,diffusart,painttorch,diffusart,painttorch,5980
4,userstudy_sid04_2025-12-24T07-02-04.301Z.txt,91,175,188,100,1,diffusart,colordiffv2,colordiffv2,diffusart,8283
4,userstudy_sid04_2025-12-24T07-02-04.301Z.txt,92,69,62,3,5,colordiffv2,proposed,proposed,colordiffv2,4862
4,userstudy_sid04_2025-12-24T07-02-04.301Z.txt,93,135,131,25,3,painttorch,colordiffv2,colordiffv2,painttorch,2955
4,userstudy_sid04_2025-12-24T07-02-04.301Z.txt,94,72,89,5,0,diffusart,painttorch,diffusart,painttorch,5689
4,userstudy_sid04_2025-12-24T07-02-04.301Z.txt,95,62,56,3,3,colordiffv2,painttorch,painttorch,colordiffv2,8335
4,userstudy_sid04_2025-12-24T07-02-04.301Z.txt,96,42,43,1,4,painttorch,proposed,proposed,painttorch,20102
4,userstudy_sid04_2025-12-24T07-02-04.301Z.txt,97,6,8,0,1,colordiffv2,diffusart,diffusart,colordiffv2,1256
4,userstudy_sid04_2025-12-24T07-02-04.301Z.txt,98,183,176,100,3,painttorch,colordiffv2,colordiffv2,painttorch,7505
4,userstudy_sid04_2025-12-24T07-02-04.301Z.txt,99,148,165,50,1,colordiffv2,diffusart,colordiffv2,diffusart,30079
4,userstudy_sid04_2025-12-24T07-02-04.301Z.txt,100,32,28,1,2,diffusart,proposed,proposed,diffusart,3513
4,userstudy_sid04_2025-12-24T07-02-04.301Z.txt,101,134,140,25,3,colordiffv2,painttorch,colordiffv2,painttorch,2331
4,userstudy_sid04_2025-12-24T07-02-04.301Z.txt,102,143,122,25,5,colordiffv2,proposed,proposed,colordiffv2,5198
4,userstudy_sid04_2025-12-24T07-02-04.301Z.txt,103,46,35,1,5,proposed,colordiffv2,proposed,colordiffv2,5249
4,userstudy_sid04_2025-12-24T07-02-04.301Z.txt,104,56,53,3,2,diffusart,proposed,diffusart,proposed,6527
4,userstudy_sid04_2025-12-24T07-02-04.301Z.txt,105,1,3,0,0,painttorch,diffusart,painttorch,diffusart,2605
4,userstudy_sid04_2025-12-24T07-02-04.301Z.txt,106,102,101,10,1,colordiffv2,diffusart,colordiffv2,diffusart,6879
4,userstudy_sid04_2025-12-24T07-02-04.301Z.txt,107,103,99,10,1,diffusart,colordiffv2,colordiffv2,diffusart,4747
4,userstudy_sid04_2025-12-24T07-02-04.301Z.txt,108,81,74,5,2,proposed,diffusart,proposed,diffusart,6025
4,userstudy_sid04_2025-12-24T07-02-04.301Z.txt,109,119,110,10,5,colordiffv2,proposed,proposed,colordiffv2,7237
4,userstudy_sid04_2025-12-24T07-02-04.301Z.txt,110,7,21,0,1,diffusart,colordiffv2,diffusart,colordiffv2,1479
4,userstudy_sid04_2025-12-24T07-02-04.301Z.txt,111,99,114,10,0,painttorch,diffusart,diffusart,painttorch,6059
4,userstudy_sid04_2025-12-24T07-02-04.301Z.txt,112,167,152,50,5,colordiffv2,proposed,colordiffv2,proposed,4719
4,userstudy_sid04_2025-12-24T07-02-04.301Z.txt,113,126,136,25,1,colordiffv2,diffusart,diffusart,colordiffv2,3184
4,userstudy_sid04_2025-12-24T07-02-04.301Z.txt,114,0,22,0,0,diffusart,painttorch,painttorch,diffusart,11228
4,userstudy_sid04_2025-12-24T07-02-04.301Z.txt,115,139,134,25,4,proposed,painttorch,proposed,painttorch,3782
4,userstudy_sid04_2025-12-24T07-02-04.301Z.txt,116,185,183,100,4,proposed,painttorch,proposed,painttorch,7595
4,userstudy_sid04_2025-12-24T07-02-04.301Z.txt,117,90,87,5,4,painttorch,proposed,proposed,painttorch,2817
4,userstudy_sid04_2025-12-24T07-02-04.301Z.txt,118,104,105,10,2,diffusart,proposed,diffusart,proposed,7287
4,userstudy_sid04_2025-12-24T07-02-04.301Z.txt,119,54,63,3,1,colordiffv2,diffusart,diffusart,colordiffv2,7142
4,userstudy_sid04_2025-12-24T07-02-04.301Z.txt,120,164,150,50,5,proposed,colordiffv2,proposed,colordiffv2,3362
4,userstudy_sid04_2025-12-24T07-02-04.301Z.txt,121,89,75,5,4,proposed,painttorch,painttorch,proposed,3116
4,userstudy_sid04_2025-12-24T07-02-04.301Z.txt,122,73,78,5,0,painttorch,diffusart,diffusart,painttorch,5417
4,userstudy_sid04_2025-12-24T07-02-04.301Z.txt,123,147,166,50,0,painttorch,diffusart,diffusart,painttorch,2500
4,userstudy_sid04_2025-12-24T07-02-04.301Z.txt,124,2,20,0,0,diffusart,painttorch,diffusart,painttorch,4934
4,userstudy_sid04_2025-12-24T07-02-04.301Z.txt,125,149,161,50,1,diffusart,colordiffv2,colordiffv2,diffusart,5822
4,userstudy_sid04_2025-12-24T07-02-04.301Z.txt,126,71,55,3,5,colordiffv2,proposed,colordiffv2,proposed,1989
4,userstudy_sid04_2025-12-24T07-02-04.301Z.txt,127,16,12,0,4,painttorch,proposed,painttorch,proposed,1902
4,userstudy_sid04_2025-12-24T07-02-04.301Z.txt,128,137,135,25,4,proposed,painttorch,proposed,painttorch,2089
4,userstudy_sid04_2025-12-24T07-02-04.301Z.txt,129,63,64,3,3,painttorch,colordiffv2,painttorch,colordiffv2,2791
4,userstudy_sid04_2025-12-24T07-02-04.301Z.txt,130,186,175,100,4,painttorch,proposed,proposed,painttorch,5292
4,userstudy_sid04_2025-12-24T07-02-04.301Z.txt,131,55,57,3,1,diffusart,colordiffv2,diffusart,colordiffv2,2076
4,userstudy_sid04_2025-12-24T07-02-04.301Z.txt,132,107,116,10,2,proposed,diffusart,proposed,diffusart,4312
4,userstudy_sid04_2025-12-24T07-02-04.301Z.txt,133,19,10,0,4,proposed,painttorch,proposed,painttorch,3792
4,userstudy_sid04_2025-12-24T07-02-04.301Z.txt,134,10,13,0,2,diffusart,proposed,proposed,diffusart,1820
4,userstudy_sid04_2025-12-24T07-02-04.301Z.txt,135,91,86,5,4,proposed,painttorch,proposed,painttorch,2170
4,userstudy_sid04_2025-12-24T07-02-04.301Z.txt,136,52,50,3,1,colordiffv2,diffusart,colordiffv2,diffusart,2913
4,userstudy_sid04_2025-12-24T07-02-04.301Z.txt,137,154,147,50,2,diffusart,proposed,proposed,diffusart,4422
4,userstudy_sid04_2025-12-24T07-02-04.301Z.txt,138,13,2,0,3,painttorch,colordiffv2,painttorch,colordiffv2,1233
4,userstudy_sid04_2025-12-24T07-02-04.301Z.txt,139,44,39,1,5,proposed,colordiffv2,proposed,colordiffv2,1764
4,userstudy_sid04_2025-12-24T07-02-04.301Z.txt,140,170,171,100,0,diffusart,painttorch,diffusart,painttorch,5544
4,userstudy_sid04_2025-12-24T07-02-04.301Z.txt,141,188,182,100,5,proposed,colordiffv2,proposed,colordiffv2,4064
4,userstudy_sid04_2025-12-24T07-02-04.301Z.txt,142,138,141,25,4,painttorch,proposed,proposed,painttorch,2143
4,userstudy_sid04_2025-12-24T07-02-04.301Z.txt,143,77,72,5,1,diffusart,colordiffv2,colordiffv2,diffusart,3572
4,userstudy_sid04_2025-12-24T07-02-04.301Z.txt,144,5,0,0,1,diffusart,colordiffv2,diffusart,colordiffv2,1655
4,userstudy_sid04_2025-12-24T07-02-04.301Z.txt,145,111,97,10,3,painttorch,colordiffv2,colordiffv2,painttorch,4514
4,userstudy_sid04_2025-12-24T07-02-04.301Z.txt,146,189,186,100,5,colordiffv2,proposed,proposed,colordiffv2,4164
4,userstudy_sid04_2025-12-24T07-02-04.301Z.txt,147,178,187,100,2,diffusart,proposed,diffusart,proposed,2232
4,userstudy_sid04_2025-12-24T07-02-04.301Z.txt,148,161,153,50,4,proposed,painttorch,proposed,painttorch,1657
4,userstudy_sid04_2025-12-24T07-02-04.301Z.txt,149,123,133,25,0,painttorch,diffusart,diffusart,painttorch,3869
4,userstudy_sid04_2025-12-24T07-02-04.301Z.txt,150,160,164,50,4,painttorch,proposed,proposed,painttorch,4135
4,userstudy_sid04_2025-12-24T07-02-04.301Z.txt,151,84,79,5,3,colordiffv2,painttorch,colordiffv2,painttorch,2253
4,userstudy_sid04_2025-12-24T07-02-04.301Z.txt,152,181,170,100,3,painttorch,colordiffv2,colordiffv2,painttorch,2085
4,userstudy_sid04_2025-12-24T07-02-04.301Z.txt,153,24,37,1,0,diffusart,painttorch,diffusart,painttorch,5014
4,userstudy_sid04_2025-12-24T07-02-04.301Z.txt,154,67,67,3,4,proposed,painttorch,proposed,painttorch,3396
4,userstudy_sid04_2025-12-24T07-02-04.301Z.txt,155,153,157,50,2,proposed,diffusart,proposed,diffusart,4382
4,userstudy_sid04_2025-12-24T07-02-04.301Z.txt,156,95,93,5,5,colordiffv2,proposed,proposed,colordiffv2,2625
4,userstudy_sid04_2025-12-24T07-02-04.301Z.txt,157,28,40,1,1,colordiffv2,diffusart,colordiffv2,diffusart,2255
4,userstudy_sid04_2025-12-24T07-02-04.301Z.txt,158,29,24,1,1,diffusart,colordiffv2,colordiffv2,diffusart,5332
4,userstudy_sid04_2025-12-24T07-02-04.301Z.txt,159,58,48,3,2,diffusart,proposed,diffusart,proposed,3599
4,userstudy_sid04_2025-12-24T07-02-04.301Z.txt,160,140,142,25,5,proposed,colordiffv2,proposed,colordiffv2,1759
4,userstudy_sid04_2025-12-24T07-02-04.301Z.txt,161,121,127,25,0,painttorch,diffusart,diffusart,painttorch,2424
4,userstudy_sid04_2025-12-24T07-02-04.301Z.txt,162,87,76,5,3,painttorch,colordiffv2,colordiffv2,painttorch,3677
4,userstudy_sid04_2025-12-24T07-02-04.301Z.txt,163,120,120,25,0,diffusart,painttorch,diffusart,painttorch,1585
4,userstudy_sid04_2025-12-24T07-02-04.301Z.txt,164,82,82,5,2,diffusart,proposed,diffusart,proposed,3682
4,userstudy_sid04_2025-12-24T07-02-04.301Z.txt,165,114,118,10,4,painttorch,proposed,proposed,painttorch,5078
4,userstudy_sid04_2025-12-24T07-02-04.301Z.txt,166,40,45,1,4,painttorch,proposed,proposed,painttorch,3997
4,userstudy_sid04_2025-12-24T07-02-04.301Z.txt,167,23,7,0,5,colordiffv2,proposed,proposed,colordiffv2,1179
4,userstudy_sid04_2025-12-24T07-02-04.301Z.txt,168,132,143,25,3,colordiffv2,painttorch,colordiffv2,painttorch,2550
4,userstudy_sid04_2025-12-24T07-02-04.301Z.txt,169,165,149,50,5,colordiffv2,proposed,proposed,colordiffv2,3016
4,userstudy_sid04_2025-12-24T07-02-04.301Z.txt,170,93,95,5,5,colordiffv2,proposed,proposed,colordiffv2,1802
4,userstudy_sid04_2025-12-24T07-02-04.301Z.txt,171,14,16,0,3,colordiffv2,painttorch,painttorch,colordiffv2,951
4,userstudy_sid04_2025-12-24T07-02-04.301Z.txt,172,159,156,50,3,painttorch,colordiffv2,colordiffv2,painttorch,2525
4,userstudy_sid04_2025-12-24T07-02-04.301Z.txt,173,152,155,50,2,diffusart,proposed,proposed,diffusart,1882
4,userstudy_sid04_2025-12-24T07-02-04.301Z.txt,174,117,111,10,5,colordiffv2,proposed,colordiffv2,proposed,3748
4,userstudy_sid04_2025-12-24T07-02-04.301Z.txt,175,180,168,100,3,colordiffv2,painttorch,colordiffv2,painttorch,3559
4,userstudy_sid04_2025-12-24T07-02-04.301Z.txt,176,20,1,0,5,proposed,colordiffv2,proposed,colordiffv2,1154
4,userstudy_sid04_2025-12-24T07-02-04.301Z.txt,177,86,77,5,3,colordiffv2,painttorch,colordiffv2,painttorch,4322
4,userstudy_sid04_2025-12-24T07-02-04.301Z.txt,178,37,26,1,3,painttorch,colordiffv2,colordiffv2,painttorch,5320
4,userstudy_sid04_2025-12-24T07-02-04.301Z.txt,179,129,130,25,2,proposed,diffusart,diffusart,proposed,4266
4,userstudy_sid04_2025-12-24T07-02-04.301Z.txt,180,112,100,10,4,painttorch,proposed,proposed,painttorch,4748
4,userstudy_sid04_2025-12-24T07-02-04.301Z.txt,181,113,102,10,4,proposed,painttorch,proposed,painttorch,5966
4,userstudy_sid04_2025-12-24T07-02-04.301Z.txt,182,64,52,3,4,painttorch,proposed,painttorch,proposed,3395
4,userstudy_sid04_2025-12-24T07-02-04.301Z.txt,183,83,84,5,2,proposed,diffusart,proposed,diffusart,5505
4,userstudy_sid04_2025-12-24T07-02-04.301Z.txt,184,168,185,100,0,diffusart,painttorch,diffusart,painttorch,2247
4,userstudy_sid04_2025-12-24T07-02-04.301Z.txt,185,34,27,1,2,diffusart,proposed,proposed,diffusart,5254
4,userstudy_sid04_2025-12-24T07-02-04.301Z.txt,186,92,85,5,5,proposed,colordiffv2,colordiffv2,proposed,3191
4,userstudy_sid04_2025-12-24T07-02-04.301Z.txt,187,60,71,3,3,colordiffv2,painttorch,colordiffv2,painttorch,1880
4,userstudy_sid04_2025-12-24T07-02-04.301Z.txt,188,4,17,0,1,colordiffv2,diffusart,diffusart,colordiffv2,1216
4,userstudy_sid04_2025-12-24T07-02-04.301Z.txt,189,166,167,50,5,proposed,colordiffv2,proposed,colordiffv2,6867
4,userstudy_sid04_2025-12-24T07-02-04.301Z.txt,190,155,160,50,2,proposed,diffusart,proposed,diffusart,6786
4,userstudy_sid04_2025-12-24T07-02-04.301Z.txt,191,70,59,3,5,proposed,colordiffv2,proposed,colordiffv2,2799
5,userstudy_sid05_2025-12-24T07-10-41.826Z.txt,0,103,99,10,1,diffusart,colordiffv2,colordiffv2,diffusart,8969
5,userstudy_sid05_2025-12-24T07-10-41.826Z.txt,1,120,120,25,0,diffusart,painttorch,diffusart,painttorch,3461
5,userstudy_sid05_2025-12-24T07-10-41.826Z.txt,2,90,87,5,4,painttorch,proposed,proposed,painttorch,6263
5,userstudy_sid05_2025-12-24T07-10-41.826Z.txt,3,185,183,100,4,proposed,painttorch,proposed,painttorch,1733
5,userstudy_sid05_2025-12-24T07-10-41.826Z.txt,4,154,147,50,2,diffusart,proposed,proposed,diffusart,4089
5,userstudy_sid05_2025-12-24T07-10-41.826Z.txt,5,38,46,1,3,colordiffv2,painttorch,colordiffv2,painttorch,4803
5,userstudy_sid05_2025-12-24T07-10-41.826Z.txt,6,21,11,0,5,colordiffv2,proposed,colordiffv2,proposed,4794
5,userstudy_sid05_2025-12-24T07-10-41.826Z.txt,7,166,167,50,5,proposed,colordiffv2,proposed,colordiffv2,7207
5,userstudy_sid05_2025-12-24T07-10-41.826Z.txt,8,23,7,0,5,colordiffv2,proposed,proposed,colordiffv2,8966
5,userstudy_sid05_2025-12-24T07-10-41.826Z.txt,9,0,22,0,0,diffusart,painttorch,painttorch,diffusart,6202
5,userstudy_sid05_2025-12-24T07-10-41.826Z.txt,10,14,16,0,3,colordiffv2,painttorch,colordiffv2,painttorch,3675
5,userstudy_sid05_2025-12-24T07-10-41.826Z.txt,11,15,18,0,3,painttorch,colordiffv2,colordiffv2,painttorch,5500
5,userstudy_sid05_2025-12-24T07-10-41.826Z.txt,12,125,124,25,1,diffusart,colordiffv2,diffusart,colordiffv2,19984
5,userstudy_sid05_2025-12-24T07-10-41.826Z.txt,13,91,86,5,4,proposed,painttorch,proposed,painttorch,4372
5,userstudy_sid05_2025-12-24T07-10-41.826Z.txt,14,188,182,100,5,proposed,colordiffv2,proposed,colordiffv2,4359
5,userstudy_sid05_2025-12-24T07-10-41.826Z.txt,15,75,88,5,0,painttorch,diffusart,diffusart,painttorch,4855
5,userstudy_sid05_2025-12-24T07-10-41.826Z.txt,16,169,173,100,0,painttorch,diffusart,painttorch,diffusart,20751
5,userstudy_sid05_2025-12-24T07-10-41.826Z.txt,17,2,20,0,0,diffusart,painttorch,diffusart,painttorch,5248
5,userstudy_sid05_2025-12-24T07-10-41.826Z.txt,18,88,91,5,4,painttorch,proposed,proposed,painttorch,5202
5,userstudy_sid05_2025-12-24T07-10-41.826Z.txt,19,73,78,5,0,painttorch,diffusart,diffusart,painttorch,5315
5,userstudy_sid05_2025-12-24T07-10-41.826Z.txt,20,163,145,50,4,proposed,painttorch,proposed,painttorch,3218
5,userstudy_sid05_2025-12-24T07-10-41.826Z.txt,21,65,54,3,4,proposed,painttorch,proposed,painttorch,4329
5,userstudy_sid05_2025-12-24T07-10-41.826Z.txt,22,64,52,3,4,painttorch,proposed,proposed,painttorch,7312
5,userstudy_sid05_2025-12-24T07-10-41.826Z.txt,23,35,38,1,2,proposed,diffusart,proposed,diffusart,7476
5,userstudy_sid05_2025-12-24T07-10-41.826Z.txt,24,34,27,1,2,diffusart,proposed,proposed,diffusart,13584
5,userstudy_sid05_2025-12-24T07-10-41.826Z.txt,25,167,152,50,5,colordiffv2,proposed,proposed,colordiffv2,8708
5,userstudy_sid05_2025-12-24T07-10-41.826Z.txt,26,116,98,10,5,proposed,colordiffv2,proposed,colordiffv2,10837
5,userstudy_sid05_2025-12-24T07-10-41.826Z.txt,27,83,84,5,2,proposed,diffusart,proposed,diffusart,4379
5,userstudy_sid05_2025-12-24T07-10-41.826Z.txt,28,159,156,50,3,painttorch,colordiffv2,colordiffv2,painttorch,6294
5,userstudy_sid05_2025-12-24T07-10-41.826Z.txt,29,118,115,10,5,proposed,colordiffv2,proposed,colordiffv2,9497
5,userstudy_sid05_2025-12-24T07-10-41.826Z.txt,30,43,31,1,4,proposed,painttorch,proposed,painttorch,4916
5,userstudy_sid05_2025-12-24T07-10-41.826Z.txt,31,141,132,25,5,colordiffv2,proposed,colordiffv2,proposed,4235
5,userstudy_sid05_2025-12-24T07-10-41.826Z.txt,32,161,153,50,4,proposed,painttorch,proposed,painttorch,2514
5,userstudy_sid05_2025-12-24T07-10-41.826Z.txt,33,115,107,10,4,proposed,painttorch,proposed,painttorch,2539
5,userstudy_sid05_2025-12-24T07-10-41.826Z.txt,34,8,19,0,2,diffusart,proposed,diffusart,proposed,6122
5,userstudy_sid05_2025-12-24T07-10-41.826Z.txt,35,140,142,25,5,proposed,colordiffv2,proposed,colordiffv2,5375
5,userstudy_sid05_2025-12-24T07-10-41.826Z.txt,36,44,39,1,5,proposed,colordiffv2,colordiffv2,proposed,4499
5,userstudy_sid05_2025-12-24T07-10-41.826Z.txt,37,53,66,3,1,diffusart,colordiffv2,diffusart,colordiffv2,6966
5,userstudy_sid05_2025-12-24T07-10-41.826Z.txt,38,175,188,100,1,diffusart,colordiffv2,colordiffv2,diffusart,2732
5,userstudy_sid05_2025-12-24T07-10-41.826Z.txt,39,59,68,3,2,proposed,diffusart,diffusart,proposed,4261
5,userstudy_sid05_2025-12-24T07-10-41.826Z.txt,40,95,93,5,5,colordiffv2,proposed,proposed,colordiffv2,9169
5,userstudy_sid05_2025-12-24T07-10-41.826Z.txt,41,127,129,25,1,diffusart,colordiffv2,diffusart,colordiffv2,15190
5,userstudy_sid05_2025-12-24T07-10-41.826Z.txt,42,4,17,0,1,colordiffv2,diffusart,colordiffv2,diffusart,2836
5,userstudy_sid05_2025-12-24T07-10-41.826Z.txt,43,9,5,0,2,proposed,diffusart,diffusart,proposed,5481
5,userstudy_sid05_2025-12-24T07-10-41.826Z.txt,44,89,75,5,4,proposed,painttorch,proposed,painttorch,5837
5,userstudy_sid05_2025-12-24T07-10-41.826Z.txt,45,45,34,1,5,colordiffv2,proposed,colordiffv2,proposed,7608
5,userstudy_sid05_2025-12-24T07-10-41.826Z.txt,46,71,55,3,5,colordiffv2,proposed,colordiffv2,proposed,28532
5,userstudy_sid05_2025-12-24T07-10-41.826Z.txt,47,27,33,1,0,painttorch,diffusart,diffusart,painttorch,9357
5,userstudy_sid05_2025-12-24T07-10-41.826Z.txt,48,82,82,5,2,diffusart,proposed,proposed,diffusart,11403
5,userstudy_sid05_2025-12-24T07-10-41.826Z.txt,49,63,64,3,3,painttorch,colordiffv2,colordiffv2,painttorch,7918
5,userstudy_sid05_2025-12-24T07-10-41.826Z.txt,50,1,3,0,0,painttorch,diffusart,diffusart,painttorch,4259
5,userstudy_sid05_2025-12-24T07-10-41.826Z.txt,51,139,134,25,4,proposed,painttorch,proposed,painttorch,7239
5,userstudy_sid05_2025-12-24T07-10-41.826Z.txt,52,152,155,50,2,diffusart,proposed,proposed,diffusart,5894
5,userstudy_sid05_2025-12-24T07-10-41.826Z.txt,53,92,85,5,5,proposed,colordiffv2,proposed,colordiffv2,16816
5,userstudy_sid05_2025-12-24T07-10-41.826Z.txt,54,112,100,10,4,painttorch,proposed,proposed,painttorch,5317
5,userstudy_sid05_2025-12-24T07-10-41.826Z.txt,55,114,118,10,4,painttorch,proposed,proposed,painttorch,3806
5,userstudy_sid05_2025-12-24T07-10-41.826Z.txt,56,42,43,1,4,painttorch,proposed,proposed,painttorch,3325
5,userstudy_sid05_2025-12-24T07-10-41.826Z.txt,57,191,189,100,5,colordiffv2,proposed,proposed,colordiffv2,5760
5,userstudy_sid05_2025-12-24T07-10-41.826Z.txt,58,33,47,1,2,proposed,diffusart,diffusart,proposed,3534
5,userstudy_sid05_2025-12-24T07-10-41.826Z.txt,59,56,53,3,2,diffusart,proposed,diffusart,proposed,13103
5,userstudy_sid05_2025-12-24T07-10-41.826Z.txt,60,99,114,10,0,painttorch,diffusart,diffusart,painttorch,13323
5,userstudy_sid05_2025-12-24T07-10-41.826Z.txt,61,5,0,0,1,diffusart,colordiffv2,colordiffv2,diffusart,2554
5,userstudy_sid05_2025-12-24T07-10-41.826Z.txt,62,18,9,0,4,painttorch,proposed,painttorch,proposed,3561
5,userstudy_sid05_2025-12-24T07-10-41.826Z.txt,63,181,170,100,3,painttorch,colordiffv2,colordiffv2,painttorch,6777
5,userstudy_sid05_2025-12-24T07-10-41.826Z.txt,64,157,163,50,3,painttorch,colordiffv2,colordiffv2,painttorch,7803
5,userstudy_sid05_2025-12-24T07-10-41.826Z.txt,65,146,159,50,0,diffusart,painttorch,diffusart,painttorch,10449
5,userstudy_sid05_2025-12-24T07-10-41.826Z.txt,66,106,117,10,2,diffusart,proposed,proposed,diffusart,6478
5,userstudy_sid05_2025-12-24T07-10-41.826Z.txt,67,30,30,1,1,colordiffv2,diffusart,diffusart,colordiffv2,11934
5,userstudy_sid05_2025-12-24T07-10-41.826Z.txt,68,32,28,1,2,diffusart,proposed,diffusart,proposed,7252
5,userstudy_sid05_2025-12-24T07-10-41.826Z.txt,69,58,48,3,2,diffusart,proposed,proposed,diffusart,7804
5,userstudy_sid05_2025-12-24T07-10-41.826Z.txt,70,129,130,25,2,proposed,diffusart,proposed,diffusart,5218
5,userstudy_sid05_2025-12-24T07-10-41.826Z.txt,71,147,166,50,0,painttorch,diffusart,diffusart,painttorch,12990
5,userstudy_sid05_2025-12-24T07-10-41.826Z.txt,72,69,62,3,5,colordiffv2,proposed,proposed,colordiffv2,3949
5,userstudy_sid05_2025-12-24T07-10-41.826Z.txt,73,133,123,25,3,painttorch,colordiffv2,colordiffv2,painttorch,3536
5,userstudy_sid05_2025-12-24T07-10-41.826Z.txt,74,12,23,0,3,colordiffv2,painttorch,colordiffv2,painttorch,5605
5,userstudy_sid05_2025-12-24T07-10-41.826Z.txt,75,148,165,50,1,colordiffv2,diffusart,colordiffv2,diffusart,3352
5,userstudy_sid05_2025-12-24T07-10-41.826Z.txt,76,20,1,0,5,proposed,colordiffv2,colordiffv2,proposed,4407
5,userstudy_sid05_2025-12-24T07-10-41.826Z.txt,77,111,97,10,3,painttorch,colordiffv2,colordiffv2,painttorch,4016
5,userstudy_sid05_2025-12-24T07-10-41.826Z.txt,78,11,14,0,2,proposed,diffusart,diffusart,proposed,2590
5,userstudy_sid05_2025-12-24T07-10-41.826Z.txt,79,68,69,3,5,proposed,colordiffv2,proposed,colordiffv2,12900
5,userstudy_sid05_2025-12-24T07-10-41.826Z.txt,80,55,57,3,1,diffusart,colordiffv2,diffusart,colordiffv2,8285
5,userstudy_sid05_2025-12-24T07-10-41.826Z.txt,81,50,65,3,0,diffusart,painttorch,diffusart,painttorch,3791
5,userstudy_sid05_2025-12-24T07-10-41.826Z.txt,82,131,121,25,2,proposed,diffusart,proposed,diffusart,6794
5,userstudy_sid05_2025-12-24T07-10-41.826Z.txt,83,170,171,100,0,diffusart,painttorch,diffusart,painttorch,15505
5,userstudy_sid05_2025-12-24T07-10-41.826Z.txt,84,47,42,1,5,colordiffv2,proposed,proposed,colordiffv2,8923
5,userstudy_sid05_2025-12-24T07-10-41.826Z.txt,85,17,15,0,4,proposed,painttorch,painttorch,proposed,7467
5,userstudy_sid05_2025-12-24T07-10-41.826Z.txt,86,162,146,50,4,painttorch,proposed,proposed,painttorch,4544
5,userstudy_sid05_2025-12-24T07-10-41.826Z.txt,87,77,72,5,1,diffusart,colordiffv2,colordiffv2,diffusart,6201
5,userstudy_sid05_2025-12-24T07-10-41.826Z.txt,88,6,8,0,1,colordiffv2,diffusart,colordiffv2,diffusart,2819
5,userstudy_sid05_2025-12-24T07-10-41.826Z.txt,89,10,13,0,2,diffusart,proposed,diffusart,proposed,6381
5,userstudy_sid05_2025-12-24T07-10-41.826Z.txt,90,24,37,1,0,diffusart,painttorch,diffusart,painttorch,5807
5,userstudy_sid05_2025-12-24T07-10-41.826Z.txt,91,156,151,50,3,colordiffv2,painttorch,colordiffv2,painttorch,6636
5,userstudy_sid05_2025-12-24T07-10-41.826Z.txt,92,165,149,50,5,colordiffv2,proposed,proposed,colordiffv2,5602
5,userstudy_sid05_2025-12-24T07-10-41.826Z.txt,93,174,190,100,1,colordiffv2,diffusart,diffusart,colordiffv2,13921
5,userstudy_sid05_2025-12-24T07-10-41.826Z.txt,94,180,168,100,3,colordiffv2,painttorch,colordiffv2,painttorch,1775
5,userstudy_sid05_2025-12-24T07-10-41.826Z.txt,95,117,111,10,5,colordiffv2,proposed,colordiffv2,proposed,5859
5,userstudy_sid05_2025-12-24T07-10-41.826Z.txt,96,168,185,100,0,diffusart,painttorch,diffusart,painttorch,1511
5,userstudy_sid05_2025-12-24T07-10-41.826Z.txt,97,153,157,50,2,proposed,diffusart,proposed,diffusart,4742
5,userstudy_sid05_2025-12-24T07-10-41.826Z.txt,98,40,45,1,4,painttorch,proposed,proposed,painttorch,8563
5,userstudy_sid05_2025-12-24T07-10-41.826Z.txt,99,72,89,5,0,diffusart,painttorch,diffusart,painttorch,13392
5,userstudy_sid05_2025-12-24T07-10-41.826Z.txt,100,86,77,5,3,colordiffv2,painttorch,colordiffv2,painttorch,3330
5,userstudy_sid05_2025-12-24T07-10-41.826Z.txt,101,123,133,25,0,painttorch,diffusart,diffusart,painttorch,2894
5,userstudy_sid05_2025-12-24T07-10-41.826Z.txt,102,84,79,5,3,colordiffv2,painttorch,colordiffv2,painttorch,5707
5,userstudy_sid05_2025-12-24T07-10-41.826Z.txt,103,46,35,1,5,proposed,colordiffv2,proposed,colordiffv2,4455
5,userstudy_sid05_2025-12-24T07-10-41.826Z.txt,104,81,74,5,2,proposed,diffusart,proposed,diffusart,3742
5,userstudy_sid05_2025-12-24T07-10-41.826Z.txt,105,171,181,100,0,painttorch,diffusart,diffusart,painttorch,18808
5,userstudy_sid05_2025-12-24T07-10-41.826Z.txt,106,13,2,0,3,painttorch,colordiffv2,colordiffv2,painttorch,1515
5,userstudy_sid05_2025-12-24T07-10-41.826Z.txt,107,93,95,5,5,colordiffv2,proposed,proposed,colordiffv2,5855
5,userstudy_sid05_2025-12-24T07-10-41.826Z.txt,108,145,148,50,0,painttorch,diffusart,diffusart,painttorch,4234
5,userstudy_sid05_2025-12-24T07-10-41.826Z.txt,109,78,90,5,1,colordiffv2,diffusart,colordiffv2,diffusart,11337
5,userstudy_sid05_2025-12-24T07-10-41.826Z.txt,110,52,50,3,1,colordiffv2,diffusart,diffusart,colordiffv2,14859
5,userstudy_sid05_2025-12-24T07-10-41.826Z.txt,111,19,10,0,4,proposed,painttorch,painttorch,proposed,2629
5,userstudy_sid05_2025-12-24T07-10-41.826Z.txt,112,108,106,10,3,colordiffv2,painttorch,colordiffv2,painttorch,2990
5,userstudy_sid05_2025-12-24T07-10-41.826Z.txt,113,149,161,50,1,diffusart,colordiffv2,colordiffv2,diffusart,6361
5,userstudy_sid05_2025-12-24T07-10-41.826Z.txt,114,110,109,10,3,colordiffv2,painttorch,colordiffv2,painttorch,2532
5,userstudy_sid05_2025-12-24T07-10-41.826Z.txt,115,16,12,0,4,painttorch,proposed,painttorch,proposed,2132
5,userstudy_sid05_2025-12-24T07-10-41.826Z.txt,116,101,103,10,1,diffusart,colordiffv2,colordiffv2,diffusart,11496
5,userstudy_sid05_2025-12-24T07-10-41.826Z.txt,117,28,40,1,1,colordiffv2,diffusart,colordiffv2,diffusart,1957
5,userstudy_sid05_2025-12-24T07-10-41.826Z.txt,118,22,4,0,5,proposed,colordiffv2,colordiffv2,proposed,5683
5,userstudy_sid05_2025-12-24T07-10-41.826Z.txt,119,85,83,5,3,painttorch,colordiffv2,colordiffv2,painttorch,4739
5,userstudy_sid05_2025-12-24T07-10-41.826Z.txt,120,70,59,3,5,proposed,colordiffv2,proposed,colordiffv2,6222
5,userstudy_sid05_2025-12-24T07-10-41.826Z.txt,121,176,172,100,2,diffusart,proposed,proposed,diffusart,4961
5,userstudy_sid05_2025-12-24T07-10-41.826Z.txt,122,109,108,10,3,painttorch,colordiffv2,colordiffv2,painttorch,9758
5,userstudy_sid05_2025-12-24T07-10-41.826Z.txt,123,132,143,25,3,colordiffv2,painttorch,colordiffv2,painttorch,5109
5,userstudy_sid05_2025-12-24T07-10-41.826Z.txt,124,160,164,50,4,painttorch,proposed,proposed,painttorch,2639
5,userstudy_sid05_2025-12-24T07-10-41.826Z.txt,125,105,112,10,2,proposed,diffusart,proposed,diffusart,8434
5,userstudy_sid05_2025-12-24T07-10-41.826Z.txt,126,29,24,1,1,diffusart,colordiffv2,colordiffv2,diffusart,20380
5,userstudy_sid05_2025-12-24T07-10-41.826Z.txt,127,61,51,3,3,painttorch,colordiffv2,painttorch,colordiffv2,8098
5,userstudy_sid05_2025-12-24T07-10-41.826Z.txt,128,49,70,3,0,painttorch,diffusart,diffusart,painttorch,5568
5,userstudy_sid05_2025-12-24T07-10-41.826Z.txt,129,62,56,3,3,colordiffv2,painttorch,painttorch,colordiffv2,12276
5,userstudy_sid05_2025-12-24T07-10-41.826Z.txt,130,128,139,25,2,diffusart,proposed,proposed,diffusart,3301
5,userstudy_sid05_2025-12-24T07-10-41.826Z.txt,131,124,138,25,1,colordiffv2,diffusart,colordiffv2,diffusart,8691
5,userstudy_sid05_2025-12-24T07-10-41.826Z.txt,132,98,113,10,0,diffusart,painttorch,diffusart,painttorch,1597
5,userstudy_sid05_2025-12-24T07-10-41.826Z.txt,133,158,158,50,3,colordiffv2,painttorch,colordiffv2,painttorch,1877
5,userstudy_sid05_2025-12-24T07-10-41.826Z.txt,134,138,141,25,4,painttorch,proposed,proposed,painttorch,2433
5,userstudy_sid05_2025-12-24T07-10-41.826Z.txt,135,122,126,25,0,diffusart,painttorch,diffusart,painttorch,2131
5,userstudy_sid05_2025-12-24T07-10-41.826Z.txt,136,151,144,50,1,diffusart,colordiffv2,colordiffv2,diffusart,7800
5,userstudy_sid05_2025-12-24T07-10-41.826Z.txt,137,186,175,100,4,painttorch,proposed,proposed,painttorch,1951
5,userstudy_sid05_2025-12-24T07-10-41.826Z.txt,138,96,119,10,0,diffusart,painttorch,diffusart,painttorch,3551
5,userstudy_sid05_2025-12-24T07-10-41.826Z.txt,139,94,73,5,5,proposed,colordiffv2,colordiffv2,proposed,11708
5,userstudy_sid05_2025-12-24T07-10-41.826Z.txt,140,54,63,3,1,colordiffv2,diffusart,diffusart,colordiffv2,10629
5,userstudy_sid05_2025-12-24T07-10-41.826Z.txt,141,51,61,3,0,painttorch,diffusart,diffusart,painttorch,6782
5,userstudy_sid05_2025-12-24T07-10-41.826Z.txt,142,79,81,5,1,diffusart,colordiffv2,colordiffv2,diffusart,9868
5,userstudy_sid05_2025-12-24T07-10-41.826Z.txt,143,136,125,25,4,painttorch,proposed,proposed,painttorch,1807
5,userstudy_sid05_2025-12-24T07-10-41.826Z.txt,144,41,25,1,4,proposed,painttorch,painttorch,proposed,9294
5,userstudy_sid05_2025-12-24T07-10-41.826Z.txt,145,184,178,100,4,painttorch,proposed,proposed,painttorch,2639
5,userstudy_sid05_2025-12-24T07-10-41.826Z.txt,146,172,179,100,1,colordiffv2,diffusart,colordiffv2,diffusart,6244
5,userstudy_sid05_2025-12-24T07-10-41.826Z.txt,147,102,101,10,1,colordiffv2,diffusart,colordiffv2,diffusart,5312
5,userstudy_sid05_2025-12-24T07-10-41.826Z.txt,148,155,160,50,2,proposed,diffusart,proposed,diffusart,2613
5,userstudy_sid05_2025-12-24T07-10-41.826Z.txt,149,173,174,100,1,diffusart,colordiffv2,diffusart,colordiffv2,8707
5,userstudy_sid05_2025-12-24T07-10-41.826Z.txt,150,130,137,25,2,diffusart,proposed,proposed,diffusart,5698
5,userstudy_sid05_2025-12-24T07-10-41.826Z.txt,151,3,6,0,0,painttorch,diffusart,painttorch,diffusart,3462
5,userstudy_sid05_2025-12-24T07-10-41.826Z.txt,152,135,131,25,3,painttorch,colordiffv2,painttorch,colordiffv2,4425
5,userstudy_sid05_2025-12-24T07-10-41.826Z.txt,153,66,49,3,4,painttorch,proposed,proposed,painttorch,6106
5,userstudy_sid05_2025-12-24T07-10-41.826Z.txt,154,37,26,1,3,painttorch,colordiffv2,colordiffv2,painttorch,7337
5,userstudy_sid05_2025-12-24T07-10-41.826Z.txt,155,164,150,50,5,proposed,colordiffv2,proposed,colordiffv2,9576
5,userstudy_sid05_2025-12-24T07-10-41.826Z.txt,156,87,76,5,3,painttorch,colordiffv2,colordiffv2,painttorch,7597
5,userstudy_sid05_2025-12-24T07-10-41.826Z.txt,157,137,135,25,4,proposed,painttorch,proposed,painttorch,2080
5,userstudy_sid05_2025-12-24T07-10-41.826Z.txt,158,104,105,10,2,diffusart,proposed,proposed,diffusart,11950
5,userstudy_sid05_2025-12-24T07-10-41.826Z.txt,159,107,116,10,2,proposed,diffusart,proposed,diffusart,5535
5,userstudy_sid05_2025-12-24T07-10-41.826Z.txt,160,26,41,1,0,diffusart,painttorch,diffusart,painttorch,9502
5,userstudy_sid05_2025-12-24T07-10-41.826Z.txt,161,7,21,0,1,diffusart,colordiffv2,colordiffv2,diffusart,1347
5,userstudy_sid05_2025-12-24T07-10-41.826Z.txt,162,67,67,3,4,proposed,painttorch,proposed,painttorch,2801
5,userstudy_sid05_2025-12-24T07-10-41.826Z.txt,163,134,140,25,3,colordiffv2,painttorch,colordiffv2,painttorch,5090
5,userstudy_sid05_2025-12-24T07-10-41.826Z.txt,164,31,44,1,1,diffusart,colordiffv2,diffusart,colordiffv2,6676
5,userstudy_sid05_2025-12-24T07-10-41.826Z.txt,165,182,177,100,3,colordiffv2,painttorch,colordiffv2,painttorch,1734
5,userstudy_sid05_2025-12-24T07-10-41.826Z.txt,166,126,136,25,1,colordiffv2,diffusart,diffusart,colordiffv2,6627
5,userstudy_sid05_2025-12-24T07-10-41.826Z.txt,167,187,169,100,4,proposed,painttorch,proposed,painttorch,4085
5,userstudy_sid05_2025-12-24T07-10-41.826Z.txt,168,113,102,10,4,proposed,painttorch,proposed,painttorch,3875
5,userstudy_sid05_2025-12-24T07-10-41.826Z.txt,169,142,128,25,5,proposed,colordiffv2,proposed,colordiffv2,9538
5,userstudy_sid05_2025-12-24T07-10-41.826Z.txt,170,100,104,10,1,colordiffv2,diffusart,colordiffv2,diffusart,8215
5,userstudy_sid05_2025-12-24T07-10-41.826Z.txt,171,189,186,100,5,colordiffv2,proposed,proposed,colordiffv2,5325
5,userstudy_sid05_2025-12-24T07-10-41.826Z.txt,172,183,176,100,3,painttorch,colordiffv2,colordiffv2,painttorch,3067
5,userstudy_sid05_2025-12-24T07-10-41.826Z.txt,173,179,180,100,2,proposed,diffusart,proposed,diffusart,2487
5,userstudy_sid05_2025-12-24T07-10-41.826Z.txt,174,48,60,3,0,diffusart,painttorch,diffusart,painttorch,2534
5,userstudy_sid05_2025-12-24T07-10-41.826Z.txt,175,144,162,50,0,diffusart,painttorch,diffusart,painttorch,1965
5,userstudy_sid05_2025-12-24T07-10-41.826Z.txt,176,190,191,100,5,proposed,colordiffv2,proposed,colordiffv2,7423
5,userstudy_sid05_2025-12-24T07-10-41.826Z.txt,177,178,187,100,2,diffusart,proposed,proposed,diffusart,2816
5,userstudy_sid05_2025-12-24T07-10-41.826Z.txt,178,60,71,3,3,colordiffv2,painttorch,colordiffv2,painttorch,4016
5,userstudy_sid05_2025-12-24T07-10-41.826Z.txt,179,57,58,3,2,proposed,diffusart,proposed,diffusart,7385
5,userstudy_sid05_2025-12-24T07-10-41.826Z.txt,180,177,184,100,2,proposed,diffusart,proposed,diffusart,3600
5,userstudy_sid05_2025-12-24T07-10-41.826Z.txt,181,121,127,25,0,painttorch,diffusart,diffusart,painttorch,1725
5,userstudy_sid05_2025-12-24T07-10-41.826Z.txt,182,76,94,5,1,colordiffv2,diffusart,colordiffv2,diffusart,9562
5,userstudy_sid05_2025-12-24T07-10-41.826Z.txt,183,150,154,50,1,colordiffv2,diffusart,colordiffv2,diffusart,2227
5,userstudy_sid05_2025-12-24T07-10-41.826Z.txt,184,39,32,1,3,painttorch,colordiffv2,painttorch,colordiffv2,4619
5,userstudy_sid05_2025-12-24T07-10-41.826Z.txt,185,36,36,1,3,colordiffv2,painttorch,colordiffv2,painttorch,3724
5,userstudy_sid05_2025-12-24T07-10-41.826Z.txt,186,74,92,5,0,diffusart,painttorch,painttorch,diffusart,2179
5,userstudy_sid05_2025-12-24T07-10-41.826Z.txt,187,25,29,1,0,painttorch,diffusart,diffusart,painttorch,3084
5,userstudy_sid05_2025-12-24T07-10-41.826Z.txt,188,143,122,25,5,colordiffv2,proposed,proposed,colordiffv2,4019
5,userstudy_sid05_2025-12-24T07-10-41.826Z.txt,189,97,96,10,0,painttorch,diffusart,diffusart,painttorch,3834
5,userstudy_sid05_2025-12-24T07-10-41.826Z.txt,190,119,110,10,5,colordiffv2,proposed,proposed,colordiffv2,4664
5,userstudy_sid05_2025-12-24T07-10-41.826Z.txt,191,80,80,5,2,diffusart,proposed,proposed,diffusart,4153
6,userstudy_sid06_2025-12-24T07-06-20.966Z.txt,0,143,122,25,5,colordiffv2,proposed,proposed,colordiffv2,6852
6,userstudy_sid06_2025-12-24T07-06-20.966Z.txt,1,132,143,25,3,colordiffv2,painttorch,colordiffv2,painttorch,7202
6,userstudy_sid06_2025-12-24T07-06-20.966Z.txt,2,178,187,100,2,diffusart,proposed,proposed,diffusart,12234
6,userstudy_sid06_2025-12-24T07-06-20.966Z.txt,3,11,14,0,2,proposed,diffusart,diffusart,proposed,4006
6,userstudy_sid06_2025-12-24T07-06-20.966Z.txt,4,172,179,100,1,colordiffv2,diffusart,colordiffv2,diffusart,3820
6,userstudy_sid06_2025-12-24T07-06-20.966Z.txt,5,141,132,25,5,colordiffv2,proposed,colordiffv2,proposed,10139
6,userstudy_sid06_2025-12-24T07-06-20.966Z.txt,6,14,16,0,3,colordiffv2,painttorch,painttorch,colordiffv2,2609
6,userstudy_sid06_2025-12-24T07-06-20.966Z.txt,7,64,52,3,4,painttorch,proposed,proposed,painttorch,8374
6,userstudy_sid06_2025-12-24T07-06-20.966Z.txt,8,82,82,5,2,diffusart,proposed,proposed,diffusart,18520
6,userstudy_sid06_2025-12-24T07-06-20.966Z.txt,9,77,72,5,1,diffusart,colordiffv2,diffusart,colordiffv2,5104
6,userstudy_sid06_2025-12-24T07-06-20.966Z.txt,10,87,76,5,3,painttorch,colordiffv2,painttorch,colordiffv2,6086
6,userstudy_sid06_2025-12-24T07-06-20.966Z.txt,11,186,175,100,4,painttorch,proposed,proposed,painttorch,6834
6,userstudy_sid06_2025-12-24T07-06-20.966Z.txt,12,71,55,3,5,colordiffv2,proposed,colordiffv2,proposed,9979
6,userstudy_sid06_2025-12-24T07-06-20.966Z.txt,13,133,123,25,3,painttorch,colordiffv2,colordiffv2,painttorch,2510
6,userstudy_sid06_2025-12-24T07-06-20.966Z.txt,14,29,24,1,1,diffusart,colordiffv2,diffusart,colordiffv2,6344
6,userstudy_sid06_2025-12-24T07-06-20.966Z.txt,15,169,173,100,0,painttorch,diffusart,diffusart,painttorch,3748
6,userstudy_sid06_2025-12-24T07-06-20.966Z.txt,16,46,35,1,5,proposed,colordiffv2,proposed,colordiffv2,12528
6,userstudy_sid06_2025-12-24T07-06-20.966Z.txt,17,56,53,3,2,diffusart,proposed,diffusart,proposed,24426
6,userstudy_sid06_2025-12-24T07-06-20.966Z.txt,18,78,90,5,1,colordiffv2,diffusart,diffusart,colordiffv2,11787
6,userstudy_sid06_2025-12-24T07-06-20.966Z.txt,19,21,11,0,5,colordiffv2,proposed,proposed,colordiffv2,5294
6,userstudy_sid06_2025-12-24T07-06-20.966Z.txt,20,158,158,50,3,colordiffv2,painttorch,colordiffv2,painttorch,7930
6,userstudy_sid06_2025-12-24T07-06-20.966Z.txt,21,162,146,50,4,painttorch,proposed,proposed,painttorch,8727
6,userstudy_sid06_2025-12-24T07-06-20.966Z.txt,22,83,84,5,2,proposed,diffusart,proposed,diffusart,17120
6,userstudy_sid06_2025-12-24T07-06-20.966Z.txt,23,42,43,1,4,painttorch,proposed,proposed,painttorch,3593
6,userstudy_sid06_2025-12-24T07-06-20.966Z.txt,24,32,28,1,2,diffusart,proposed,proposed,diffusart,12880
6,userstudy_sid06_2025-12-24T07-06-20.966Z.txt,25,124,138,25,1,colordiffv2,diffusart,colordiffv2,diffusart,13634
6,userstudy_sid06_2025-12-24T07-06-20.966Z.txt,26,98,113,10,0,diffusart,painttorch,diffusart,painttorch,2408
6,userstudy_sid06_2025-12-24T07-06-20.966Z.txt,27,185,183,100,4,proposed,painttorch,proposed,painttorch,1687
6,userstudy_sid06_2025-12-24T07-06-20.966Z.txt,28,72,89,5,0,diffusart,painttorch,diffusart,painttorch,4604
6,userstudy_sid06_2025-12-24T07-06-20.966Z.txt,29,135,131,25,3,painttorch,colordiffv2,colordiffv2,painttorch,3685
6,userstudy_sid06_2025-12-24T07-06-20.966Z.txt,30,49,70,3,0,painttorch,diffusart,diffusart,painttorch,1814
6,userstudy_sid06_2025-12-24T07-06-20.966Z.txt,31,9,5,0,2,proposed,diffusart,diffusart,proposed,3986
6,userstudy_sid06_2025-12-24T07-06-20.966Z.txt,32,176,172,100,2,diffusart,proposed,proposed,diffusart,8729
6,userstudy_sid06_2025-12-24T07-06-20.966Z.txt,33,125,124,25,1,diffusart,colordiffv2,colordiffv2,diffusart,15095
6,userstudy_sid06_2025-12-24T07-06-20.966Z.txt,34,103,99,10,1,diffusart,colordiffv2,diffusart,colordiffv2,3960
6,userstudy_sid06_2025-12-24T07-06-20.966Z.txt,35,156,151,50,3,colordiffv2,painttorch,colordiffv2,painttorch,2168
6,userstudy_sid06_2025-12-24T07-06-20.966Z.txt,36,160,164,50,4,painttorch,proposed,proposed,painttorch,3507
6,userstudy_sid06_2025-12-24T07-06-20.966Z.txt,37,104,105,10,2,diffusart,proposed,proposed,diffusart,18455
6,userstudy_sid06_2025-12-24T07-06-20.966Z.txt,38,91,86,5,4,proposed,painttorch,proposed,painttorch,2383
6,userstudy_sid06_2025-12-24T07-06-20.966Z.txt,39,105,112,10,2,proposed,diffusart,diffusart,proposed,6075
6,userstudy_sid06_2025-12-24T07-06-20.966Z.txt,40,73,78,5,0,painttorch,diffusart,diffusart,painttorch,2826
6,userstudy_sid06_2025-12-24T07-06-20.966Z.txt,41,76,94,5,1,colordiffv2,diffusart,diffusart,colordiffv2,7439
6,userstudy_sid06_2025-12-24T07-06-20.966Z.txt,42,128,139,25,2,diffusart,proposed,proposed,diffusart,3519
6,userstudy_sid06_2025-12-24T07-06-20.966Z.txt,43,173,174,100,1,diffusart,colordiffv2,diffusart,colordiffv2,2507
6,userstudy_sid06_2025-12-24T07-06-20.966Z.txt,44,37,26,1,3,painttorch,colordiffv2,colordiffv2,painttorch,6562
6,userstudy_sid06_2025-12-24T07-06-20.966Z.txt,45,23,7,0,5,colordiffv2,proposed,proposed,colordiffv2,2324
6,userstudy_sid06_2025-12-24T07-06-20.966Z.txt,46,97,96,10,0,painttorch,diffusart,diffusart,painttorch,11863
6,userstudy_sid06_2025-12-24T07-06-20.966Z.txt,47,43,31,1,4,proposed,painttorch,proposed,painttorch,3055
6,userstudy_sid06_2025-12-24T07-06-20.966Z.txt,48,164,150,50,5,proposed,colordiffv2,proposed,colordiffv2,5833
6,userstudy_sid06_2025-12-24T07-06-20.966Z.txt,49,121,127,25,0,painttorch,diffusart,diffusart,painttorch,2088
6,userstudy_sid06_2025-12-24T07-06-20.966Z.txt,50,181,170,100,3,painttorch,colordiffv2,colordiffv2,painttorch,8883
6,userstudy_sid06_2025-12-24T07-06-20.966Z.txt,51,139,134,25,4,proposed,painttorch,proposed,painttorch,1715
6,userstudy_sid06_2025-12-24T07-06-20.966Z.txt,52,36,36,1,3,colordiffv2,painttorch,painttorch,colordiffv2,5786
6,userstudy_sid06_2025-12-24T07-06-20.966Z.txt,53,189,186,100,5,colordiffv2,proposed,proposed,colordiffv2,2791
6,userstudy_sid06_2025-12-24T07-06-20.966Z.txt,54,19,10,0,4,proposed,painttorch,proposed,painttorch,6050
6,userstudy_sid06_2025-12-24T07-06-20.966Z.txt,55,144,162,50,0,diffusart,painttorch,diffusart,painttorch,2344
6,userstudy_sid06_2025-12-24T07-06-20.966Z.txt,56,41,25,1,4,proposed,painttorch,proposed,painttorch,4154
6,userstudy_sid06_2025-12-24T07-06-20.966Z.txt,57,131,121,25,2,proposed,diffusart,proposed,diffusart,9440
6,userstudy_sid06_2025-12-24T07-06-20.966Z.txt,58,18,9,0,4,painttorch,proposed,painttorch,proposed,2998
6,userstudy_sid06_2025-12-24T07-06-20.966Z.txt,59,88,91,5,4,painttorch,proposed,proposed,painttorch,11087
6,userstudy_sid06_2025-12-24T07-06-20.966Z.txt,60,151,144,50,1,diffusart,colordiffv2,diffusart,colordiffv2,6957
6,userstudy_sid06_2025-12-24T07-06-20.966Z.txt,61,7,21,0,1,diffusart,colordiffv2,diffusart,colordiffv2,1968
6,userstudy_sid06_2025-12-24T07-06-20.966Z.txt,62,95,93,5,5,colordiffv2,proposed,proposed,colordiffv2,13397
6,userstudy_sid06_2025-12-24T07-06-20.966Z.txt,63,24,37,1,0,diffusart,painttorch,diffusart,painttorch,4778
6,userstudy_sid06_2025-12-24T07-06-20.966Z.txt,64,127,129,25,1,diffusart,colordiffv2,colordiffv2,diffusart,11500
6,userstudy_sid06_2025-12-24T07-06-20.966Z.txt,65,136,125,25,4,painttorch,proposed,proposed,painttorch,1778
6,userstudy_sid06_2025-12-24T07-06-20.966Z.txt,66,152,155,50,2,diffusart,proposed,proposed,diffusart,7196
6,userstudy_sid06_2025-12-24T07-06-20.966Z.txt,67,177,184,100,2,proposed,diffusart,proposed,diffusart,4050
6,userstudy_sid06_2025-12-24T07-06-20.966Z.txt,68,157,163,50,3,painttorch,colordiffv2,colordiffv2,painttorch,1727
6,userstudy_sid06_2025-12-24T07-06-20.966Z.txt,69,44,39,1,5,proposed,colordiffv2,colordiffv2,proposed,5550
6,userstudy_sid06_2025-12-24T07-06-20.966Z.txt,70,54,63,3,1,colordiffv2,diffusart,diffusart,colordiffv2,13688
6,userstudy_sid06_2025-12-24T07-06-20.966Z.txt,71,34,27,1,2,diffusart,proposed,proposed,diffusart,6049
6,userstudy_sid06_2025-12-24T07-06-20.966Z.txt,72,63,64,3,3,painttorch,colordiffv2,colordiffv2,painttorch,9347
6,userstudy_sid06_2025-12-24T07-06-20.966Z.txt,73,70,59,3,5,proposed,colordiffv2,proposed,colordiffv2,4331
6,userstudy_sid06_2025-12-24T07-06-20.966Z.txt,74,184,178,100,4,painttorch,proposed,proposed,painttorch,4341
6,userstudy_sid06_2025-12-24T07-06-20.966Z.txt,75,94,73,5,5,proposed,colordiffv2,proposed,colordiffv2,19640
6,userstudy_sid06_2025-12-24T07-06-20.966Z.txt,76,20,1,0,5,proposed,colordiffv2,proposed,colordiffv2,1655
6,userstudy_sid06_2025-12-24T07-06-20.966Z.txt,77,65,54,3,4,proposed,painttorch,proposed,painttorch,4134
6,userstudy_sid06_2025-12-24T07-06-20.966Z.txt,78,10,13,0,2,diffusart,proposed,diffusart,proposed,4912
6,userstudy_sid06_2025-12-24T07-06-20.966Z.txt,79,35,38,1,2,proposed,diffusart,proposed,diffusart,8274
6,userstudy_sid06_2025-12-24T07-06-20.966Z.txt,80,179,180,100,2,proposed,diffusart,proposed,diffusart,8290
6,userstudy_sid06_2025-12-24T07-06-20.966Z.txt,81,96,119,10,0,diffusart,painttorch,diffusart,painttorch,3878
6,userstudy_sid06_2025-12-24T07-06-20.966Z.txt,82,100,104,10,1,colordiffv2,diffusart,colordiffv2,diffusart,8683
6,userstudy_sid06_2025-12-24T07-06-20.966Z.txt,83,62,56,3,3,colordiffv2,painttorch,colordiffv2,painttorch,8377
6,userstudy_sid06_2025-12-24T07-06-20.966Z.txt,84,48,60,3,0,diffusart,painttorch,diffusart,painttorch,7531
6,userstudy_sid06_2025-12-24T07-06-20.966Z.txt,85,80,80,5,2,diffusart,proposed,proposed,diffusart,4954
6,userstudy_sid06_2025-12-24T07-06-20.966Z.txt,86,86,77,5,3,colordiffv2,painttorch,colordiffv2,painttorch,4438
6,userstudy_sid06_2025-12-24T07-06-20.966Z.txt,87,55,57,3,1,diffusart,colordiffv2,diffusart,colordiffv2,2426
6,userstudy_sid06_2025-12-24T07-06-20.966Z.txt,88,85,83,5,3,painttorch,colordiffv2,colordiffv2,painttorch,4717
6,userstudy_sid06_2025-12-24T07-06-20.966Z.txt,89,111,97,10,3,painttorch,colordiffv2,colordiffv2,painttorch,2991
6,userstudy_sid06_2025-12-24T07-06-20.966Z.txt,90,12,23,0,3,colordiffv2,painttorch,painttorch,colordiffv2,1588
6,userstudy_sid06_2025-12-24T07-06-20.966Z.txt,91,155,160,50,2,proposed,diffusart,proposed,diffusart,5512
6,userstudy_sid06_2025-12-24T07-06-20.966Z.txt,92,40,45,1,4,painttorch,proposed,proposed,painttorch,3213
6,userstudy_sid06_2025-12-24T07-06-20.966Z.txt,93,3,6,0,0,painttorch,diffusart,painttorch,diffusart,11322
6,userstudy_sid06_2025-12-24T07-06-20.966Z.txt,94,53,66,3,1,diffusart,colordiffv2,diffusart,colordiffv2,2581
6,userstudy_sid06_2025-12-24T07-06-20.966Z.txt,95,89,75,5,4,proposed,painttorch,proposed,painttorch,3827
6,userstudy_sid06_2025-12-24T07-06-20.966Z.txt,96,174,190,100,1,colordiffv2,diffusart,colordiffv2,diffusart,5235
6,userstudy_sid06_2025-12-24T07-06-20.966Z.txt,97,47,42,1,5,colordiffv2,proposed,proposed,colordiffv2,4130
6,userstudy_sid06_2025-12-24T07-06-20.966Z.txt,98,31,44,1,1,diffusart,colordiffv2,diffusart,colordiffv2,2018
6,userstudy_sid06_2025-12-24T07-06-20.966Z.txt,99,75,88,5,0,painttorch,diffusart,diffusart,painttorch,2550
6,userstudy_sid06_2025-12-24T07-06-20.966Z.txt,100,159,156,50,3,painttorch,colordiffv2,colordiffv2,painttorch,3665
6,userstudy_sid06_2025-12-24T07-06-20.966Z.txt,101,150,154,50,1,colordiffv2,diffusart,colordiffv2,diffusart,7980
6,userstudy_sid06_2025-12-24T07-06-20.966Z.txt,102,102,101,10,1,colordiffv2,diffusart,colordiffv2,diffusart,11687
6,userstudy_sid06_2025-12-24T07-06-20.966Z.txt,103,145,148,50,0,painttorch,diffusart,diffusart,painttorch,8463
6,userstudy_sid06_2025-12-24T07-06-20.966Z.txt,104,170,171,100,0,diffusart,painttorch,diffusart,painttorch,2263
6,userstudy_sid06_2025-12-24T07-06-20.966Z.txt,105,146,159,50,0,diffusart,painttorch,diffusart,painttorch,4219
6,userstudy_sid06_2025-12-24T07-06-20.966Z.txt,106,161,153,50,4,proposed,painttorch,proposed,painttorch,1676
6,userstudy_sid06_2025-12-24T07-06-20.966Z.txt,107,90,87,5,4,painttorch,proposed,proposed,painttorch,2543
6,userstudy_sid06_2025-12-24T07-06-20.966Z.txt,108,4,17,0,1,colordiffv2,diffusart,diffusart,colordiffv2,2084
6,userstudy_sid06_2025-12-24T07-06-20.966Z.txt,109,180,168,100,3,colordiffv2,painttorch,colordiffv2,painttorch,4936
6,userstudy_sid06_2025-12-24T07-06-20.966Z.txt,110,0,22,0,0,diffusart,painttorch,painttorch,diffusart,5198
6,userstudy_sid06_2025-12-24T07-06-20.966Z.txt,111,58,48,3,2,diffusart,proposed,diffusart,proposed,6721
6,userstudy_sid06_2025-12-24T07-06-20.966Z.txt,112,13,2,0,3,painttorch,colordiffv2,painttorch,colordiffv2,3127
6,userstudy_sid06_2025-12-24T07-06-20.966Z.txt,113,92,85,5,5,proposed,colordiffv2,colordiffv2,proposed,6077
6,userstudy_sid06_2025-12-24T07-06-20.966Z.txt,114,39,32,1,3,painttorch,colordiffv2,painttorch,colordiffv2,6097
6,userstudy_sid06_2025-12-24T07-06-20.966Z.txt,115,110,109,10,3,colordiffv2,painttorch,colordiffv2,painttorch,1771
6,userstudy_sid06_2025-12-24T07-06-20.966Z.txt,116,30,30,1,1,colordiffv2,diffusart,diffusart,colordiffv2,3350
6,userstudy_sid06_2025-12-24T07-06-20.966Z.txt,117,120,120,25,0,diffusart,painttorch,diffusart,painttorch,6212
6,userstudy_sid06_2025-12-24T07-06-20.966Z.txt,118,45,34,1,5,colordiffv2,proposed,colordiffv2,proposed,5753
6,userstudy_sid06_2025-12-24T07-06-20.966Z.txt,119,149,161,50,1,diffusart,colordiffv2,colordiffv2,diffusart,7587
6,userstudy_sid06_2025-12-24T07-06-20.966Z.txt,120,79,81,5,1,diffusart,colordiffv2,colordiffv2,diffusart,4234
6,userstudy_sid06_2025-12-24T07-06-20.966Z.txt,121,107,116,10,2,proposed,diffusart,proposed,diffusart,6930
6,userstudy_sid06_2025-12-24T07-06-20.966Z.txt,122,171,181,100,0,painttorch,diffusart,diffusart,painttorch,2409
6,userstudy_sid06_2025-12-24T07-06-20.966Z.txt,123,25,29,1,0,painttorch,diffusart,painttorch,diffusart,10762
6,userstudy_sid06_2025-12-24T07-06-20.966Z.txt,124,109,108,10,3,painttorch,colordiffv2,painttorch,colordiffv2,26767
6,userstudy_sid06_2025-12-24T07-06-20.966Z.txt,125,59,68,3,2,proposed,diffusart,proposed,diffusart,7283
6,userstudy_sid06_2025-12-24T07-06-20.966Z.txt,126,116,98,10,5,proposed,colordiffv2,proposed,colordiffv2,17452
6,userstudy_sid06_2025-12-24T07-06-20.966Z.txt,127,191,189,100,5,colordiffv2,proposed,proposed,colordiffv2,9491
6,userstudy_sid06_2025-12-24T07-06-20.966Z.txt,128,153,157,50,2,proposed,diffusart,proposed,diffusart,5693
6,userstudy_sid06_2025-12-24T07-06-20.966Z.txt,129,165,149,50,5,colordiffv2,proposed,proposed,colordiffv2,13205
6,userstudy_sid06_2025-12-24T07-06-20.966Z.txt,130,106,117,10,2,diffusart,proposed,proposed,diffusart,14503
6,userstudy_sid06_2025-12-24T07-06-20.966Z.txt,131,112,100,10,4,painttorch,proposed,proposed,painttorch,2422
6,userstudy_sid06_2025-12-24T07-06-20.966Z.txt,132,51,61,3,0,painttorch,diffusart,diffusart,painttorch,2300
6,userstudy_sid06_2025-12-24T07-06-20.966Z.txt,133,140,142,25,5,proposed,colordiffv2,proposed,colordiffv2,16307
6,userstudy_sid06_2025-12-24T07-06-20.966Z.txt,134,166,167,50,5,proposed,colordiffv2,proposed,colordiffv2,6071
6,userstudy_sid06_2025-12-24T07-06-20.966Z.txt,135,187,169,100,4,proposed,painttorch,proposed,painttorch,2593
6,userstudy_sid06_2025-12-24T07-06-20.966Z.txt,136,182,177,100,3,colordiffv2,painttorch,colordiffv2,painttorch,2338
6,userstudy_sid06_2025-12-24T07-06-20.966Z.txt,137,138,141,25,4,painttorch,proposed,proposed,painttorch,1637
6,userstudy_sid06_2025-12-24T07-06-20.966Z.txt,138,5,0,0,1,diffusart,colordiffv2,diffusart,colordiffv2,4005
6,userstudy_sid06_2025-12-24T07-06-20.966Z.txt,139,126,136,25,1,colordiffv2,diffusart,diffusart,colordiffv2,13250
6,userstudy_sid06_2025-12-24T07-06-20.966Z.txt,140,28,40,1,1,colordiffv2,diffusart,colordiffv2,diffusart,11779
6,userstudy_sid06_2025-12-24T07-06-20.966Z.txt,141,61,51,3,3,painttorch,colordiffv2,colordiffv2,painttorch,4570
6,userstudy_sid06_2025-12-24T07-06-20.966Z.txt,142,67,67,3,4,proposed,painttorch,proposed,painttorch,2384
6,userstudy_sid06_2025-12-24T07-06-20.966Z.txt,143,123,133,25,0,painttorch,diffusart,diffusart,painttorch,1338
6,userstudy_sid06_2025-12-24T07-06-20.966Z.txt,144,74,92,5,0,diffusart,painttorch,diffusart,painttorch,2232
6,userstudy_sid06_2025-12-24T07-06-20.966Z.txt,145,118,115,10,5,proposed,colordiffv2,proposed,colordiffv2,6606
6,userstudy_sid06_2025-12-24T07-06-20.966Z.txt,146,57,58,3,2,proposed,diffusart,proposed,diffusart,10390
6,userstudy_sid06_2025-12-24T07-06-20.966Z.txt,147,168,185,100,0,diffusart,painttorch,diffusart,painttorch,1533
6,userstudy_sid06_2025-12-24T07-06-20.966Z.txt,148,81,74,5,2,proposed,diffusart,proposed,diffusart,2668
6,userstudy_sid06_2025-12-24T07-06-20.966Z.txt,149,167,152,50,5,colordiffv2,proposed,proposed,colordiffv2,4846
6,userstudy_sid06_2025-12-24T07-06-20.966Z.txt,150,33,47,1,2,proposed,diffusart,diffusart,proposed,7323
6,userstudy_sid06_2025-12-24T07-06-20.966Z.txt,151,119,110,10,5,colordiffv2,proposed,proposed,colordiffv2,13104
6,userstudy_sid06_2025-12-24T07-06-20.966Z.txt,152,115,107,10,4,proposed,painttorch,proposed,painttorch,5018
6,userstudy_sid06_2025-12-24T07-06-20.966Z.txt,153,129,130,25,2,proposed,diffusart,proposed,diffusart,10643
6,userstudy_sid06_2025-12-24T07-06-20.966Z.txt,154,22,4,0,5,proposed,colordiffv2,proposed,colordiffv2,2139
6,userstudy_sid06_2025-12-24T07-06-20.966Z.txt,155,183,176,100,3,painttorch,colordiffv2,colordiffv2,painttorch,1546
6,userstudy_sid06_2025-12-24T07-06-20.966Z.txt,156,50,65,3,0,diffusart,painttorch,diffusart,painttorch,1850
6,userstudy_sid06_2025-12-24T07-06-20.966Z.txt,157,84,79,5,3,colordiffv2,painttorch,colordiffv2,painttorch,1770
6,userstudy_sid06_2025-12-24T07-06-20.966Z.txt,158,114,118,10,4,painttorch,proposed,proposed,painttorch,2632
6,userstudy_sid06_2025-12-24T07-06-20.966Z.txt,159,6,8,0,1,colordiffv2,diffusart,diffusart,colordiffv2,2125
6,userstudy_sid06_2025-12-24T07-06-20.966Z.txt,160,101,103,10,1,diffusart,colordiffv2,colordiffv2,diffusart,10327
6,userstudy_sid06_2025-12-24T07-06-20.966Z.txt,161,38,46,1,3,colordiffv2,painttorch,painttorch,colordiffv2,12375
6,userstudy_sid06_2025-12-24T07-06-20.966Z.txt,162,27,33,1,0,painttorch,diffusart,painttorch,diffusart,16934
6,userstudy_sid06_2025-12-24T07-06-20.966Z.txt,163,1,3,0,0,painttorch,diffusart,painttorch,diffusart,4108
6,userstudy_sid06_2025-12-24T07-06-20.966Z.txt,164,15,18,0,3,painttorch,colordiffv2,painttorch,colordiffv2,1538
6,userstudy_sid06_2025-12-24T07-06-20.966Z.txt,165,134,140,25,3,colordiffv2,painttorch,colordiffv2,painttorch,3438
6,userstudy_sid06_2025-12-24T07-06-20.966Z.txt,166,190,191,100,5,proposed,colordiffv2,proposed,colordiffv2,5961
6,userstudy_sid06_2025-12-24T07-06-20.966Z.txt,167,117,111,10,5,colordiffv2,proposed,proposed,colordiffv2,12528
6,userstudy_sid06_2025-12-24T07-06-20.966Z.txt,168,26,41,1,0,diffusart,painttorch,diffusart,painttorch,1806
6,userstudy_sid06_2025-12-24T07-06-20.966Z.txt,169,142,128,25,5,proposed,colordiffv2,proposed,colordiffv2,3365
6,userstudy_sid06_2025-12-24T07-06-20.966Z.txt,170,108,106,10,3,colordiffv2,painttorch,colordiffv2,painttorch,1767
6,userstudy_sid06_2025-12-24T07-06-20.966Z.txt,171,163,145,50,4,proposed,painttorch,proposed,painttorch,2623
6,userstudy_sid06_2025-12-24T07-06-20.966Z.txt,172,148,165,50,1,colordiffv2,diffusart,colordiffv2,diffusart,12935
6,userstudy_sid06_2025-12-24T07-06-20.966Z.txt,173,137,135,25,4,proposed,painttorch,proposed,painttorch,1778
6,userstudy_sid06_2025-12-24T07-06-20.966Z.txt,174,60,71,3,3,colordiffv2,painttorch,painttorch,colordiffv2,17432
6,userstudy_sid06_2025-12-24T07-06-20.966Z.txt,175,93,95,5,5,colordiffv2,proposed,proposed,colordiffv2,2902
6,userstudy_sid06_2025-12-24T07-06-20.966Z.txt,176,2,20,0,0,diffusart,painttorch,diffusart,painttorch,4075
6,userstudy_sid06_2025-12-24T07-06-20.966Z.txt,177,8,19,0,2,diffusart,proposed,diffusart,proposed,5732
6,userstudy_sid06_2025-12-24T07-06-20.966Z.txt,178,130,137,25,2,diffusart,proposed,proposed,diffusart,13807
6,userstudy_sid06_2025-12-24T07-06-20.966Z.txt,179,17,15,0,4,proposed,painttorch,painttorch,proposed,2984
6,userstudy_sid06_2025-12-24T07-06-20.966Z.txt,180,147,166,50,0,painttorch,diffusart,diffusart,painttorch,3501
6,userstudy_sid06_2025-12-24T07-06-20.966Z.txt,181,16,12,0,4,painttorch,proposed,painttorch,proposed,2224
6,userstudy_sid06_2025-12-24T07-06-20.966Z.txt,182,154,147,50,2,diffusart,proposed,proposed,diffusart,3317
6,userstudy_sid06_2025-12-24T07-06-20.966Z.txt,183,68,69,3,5,proposed,colordiffv2,proposed,colordiffv2,12885
6,userstudy_sid06_2025-12-24T07-06-20.966Z.txt,184,99,114,10,0,painttorch,diffusart,diffusart,painttorch,6096
6,userstudy_sid06_2025-12-24T07-06-20.966Z.txt,185,175,188,100,1,diffusart,colordiffv2,colordiffv2,diffusart,5186
6,userstudy_sid06_2025-12-24T07-06-20.966Z.txt,186,188,182,100,5,proposed,colordiffv2,proposed,colordiffv2,24204
6,userstudy_sid06_2025-12-24T07-06-20.966Z.txt,187,52,50,3,1,colordiffv2,diffusart,diffusart,colordiffv2,9779
6,userstudy_sid06_2025-12-24T07-06-20.966Z.txt,188,69,62,3,5,colordiffv2,proposed,colordiffv2,proposed,5499
6,userstudy_sid06_2025-12-24T07-06-20.966Z.txt,189,66,49,3,4,painttorch,proposed,proposed,painttorch,5736
6,userstudy_sid06_2025-12-24T07-06-20.966Z.txt,190,113,102,10,4,proposed,painttorch,proposed,painttorch,1515
6,userstudy_sid06_2025-12-24T07-06-20.966Z.txt,191,122,126,25,0,diffusart,painttorch,diffusart,painttorch,1357
7,userstudy_sid07_2025-12-25T04-21-56.482Z.txt,0,30,30,1,1,colordiffv2,diffusart,colordiffv2,diffusart,7028
7,userstudy_sid07_2025-12-25T04-21-56.482Z.txt,1,159,156,50,3,painttorch,colordiffv2,colordiffv2,painttorch,3335
7,userstudy_sid07_2025-12-25T04-21-56.482Z.txt,2,190,191,100,5,proposed,colordiffv2,colordiffv2,proposed,4007
7,userstudy_sid07_2025-12-25T04-21-56.482Z.txt,3,176,172,100,2,diffusart,proposed,proposed,diffusart,4387
7,userstudy_sid07_2025-12-25T04-21-56.482Z.txt,4,183,176,100,3,painttorch,colordiffv2,colordiffv2,painttorch,7014
7,userstudy_sid07_2025-12-25T04-21-56.482Z.txt,5,128,139,25,2,diffusart,proposed,proposed,diffusart,3124
7,userstudy_sid07_2025-12-25T04-21-56.482Z.txt,6,78,90,5,1,colordiffv2,diffusart,colordiffv2,diffusart,2532
7,userstudy_sid07_2025-12-25T04-21-56.482Z.txt,7,19,10,0,4,proposed,painttorch,proposed,painttorch,1950
7,userstudy_sid07_2025-12-25T04-21-56.482Z.txt,8,52,50,3,1,colordiffv2,diffusart,colordiffv2,diffusart,2314
7,userstudy_sid07_2025-12-25T04-21-56.482Z.txt,9,79,81,5,1,diffusart,colordiffv2,colordiffv2,diffusart,4939
7,userstudy_sid07_2025-12-25T04-21-56.482Z.txt,10,174,190,100,1,colordiffv2,diffusart,colordiffv2,diffusart,4494
7,userstudy_sid07_2025-12-25T04-21-56.482Z.txt,11,161,153,50,4,proposed,painttorch,proposed,painttorch,1479
7,userstudy_sid07_2025-12-25T04-21-56.482Z.txt,12,34,27,1,2,diffusart,proposed,diffusart,proposed,8796
7,userstudy_sid07_2025-12-25T04-21-56.482Z.txt,13,155,160,50,2,proposed,diffusart,proposed,diffusart,4070
7,userstudy_sid07_2025-12-25T04-21-56.482Z.txt,14,18,9,0,4,painttorch,proposed,painttorch,proposed,1951
7,userstudy_sid07_2025-12-25T04-21-56.482Z.txt,15,170,171,100,0,diffusart,painttorch,diffusart,painttorch,4986
7,userstudy_sid07_2025-12-25T04-21-56.482Z.txt,16,102,101,10,1,colordiffv2,diffusart,colordiffv2,diffusart,3680
7,userstudy_sid07_2025-12-25T04-21-56.482Z.txt,17,12,23,0,3,colordiffv2,painttorch,painttorch,colordiffv2,3255
7,userstudy_sid07_2025-12-25T04-21-56.482Z.txt,18,23,7,0,5,colordiffv2,proposed,proposed,colordiffv2,2199
7,userstudy_sid07_2025-12-25T04-21-56.482Z.txt,19,163,145,50,4,proposed,painttorch,proposed,painttorch,2580
7,userstudy_sid07_2025-12-25T04-21-56.482Z.txt,20,58,48,3,2,diffusart,proposed,diffusart,proposed,1666
7,userstudy_sid07_2025-12-25T04-21-56.482Z.txt,21,73,78,5,0,painttorch,diffusart,diffusart,painttorch,1892
7,userstudy_sid07_2025-12-25T04-21-56.482Z.txt,22,156,151,50,3,colordiffv2,painttorch,colordiffv2,painttorch,2005
7,userstudy_sid07_2025-12-25T04-21-56.482Z.txt,23,151,144,50,1,diffusart,colordiffv2,colordiffv2,diffusart,4713
7,userstudy_sid07_2025-12-25T04-21-56.482Z.txt,24,180,168,100,3,colordiffv2,painttorch,colordiffv2,painttorch,3078
7,userstudy_sid07_2025-12-25T04-21-56.482Z.txt,25,84,79,5,3,colordiffv2,painttorch,colordiffv2,painttorch,1452
7,userstudy_sid07_2025-12-25T04-21-56.482Z.txt,26,89,75,5,4,proposed,painttorch,proposed,painttorch,1499
7,userstudy_sid07_2025-12-25T04-21-56.482Z.txt,27,175,188,100,1,diffusart,colordiffv2,colordiffv2,diffusart,1428
7,userstudy_sid07_2025-12-25T04-21-56.482Z.txt,28,11,14,0,2,proposed,diffusart,diffusart,proposed,2305
7,userstudy_sid07_2025-12-25T04-21-56.482Z.txt,29,20,1,0,5,proposed,colordiffv2,proposed,colordiffv2,1953
7,userstudy_sid07_2025-12-25T04-21-56.482Z.txt,30,10,13,0,2,diffusart,proposed,proposed,diffusart,6982
7,userstudy_sid07_2025-12-25T04-21-56.482Z.txt,31,66,49,3,4,painttorch,proposed,painttorch,proposed,4789
7,userstudy_sid07_2025-12-25T04-21-56.482Z.txt,32,168,185,100,0,diffusart,painttorch,diffusart,painttorch,2185
7,userstudy_sid07_2025-12-25T04-21-56.482Z.txt,33,86,77,5,3,colordiffv2,painttorch,colordiffv2,painttorch,2250
7,userstudy_sid07_2025-12-25T04-21-56.482Z.txt,34,94,73,5,5,proposed,colordiffv2,proposed,colordiffv2,8273
7,userstudy_sid07_2025-12-25T04-21-56.482Z.txt,35,115,107,10,4,proposed,painttorch,proposed,painttorch,2564
7,userstudy_sid07_2025-12-25T04-21-56.482Z.txt,36,167,152,50,5,colordiffv2,proposed,colordiffv2,proposed,2116
7,userstudy_sid07_2025-12-25T04-21-56.482Z.txt,37,25,29,1,0,painttorch,diffusart,diffusart,painttorch,4146
7,userstudy_sid07_2025-12-25T04-21-56.482Z.txt,38,97,96,10,0,painttorch,diffusart,diffusart,painttorch,990
7,userstudy_sid07_2025-12-25T04-21-56.482Z.txt,39,172,179,100,1,colordiffv2,diffusart,colordiffv2,diffusart,2569
7,userstudy_sid07_2025-12-25T04-21-56.482Z.txt,40,133,123,25,3,painttorch,colordiffv2,colordiffv2,painttorch,1856
7,userstudy_sid07_2025-12-25T04-21-56.482Z.txt,41,149,161,50,1,diffusart,colordiffv2,colordiffv2,diffusart,2103
7,userstudy_sid07_2025-12-25T04-21-56.482Z.txt,42,157,163,50,3,painttorch,colordiffv2,colordiffv2,painttorch,1904
7,userstudy_sid07_2025-12-25T04-21-56.482Z.txt,43,147,166,50,0,painttorch,diffusart,diffusart,painttorch,2008
7,userstudy_sid07_2025-12-25T04-21-56.482Z.txt,44,106,117,10,2,diffusart,proposed,proposed,diffusart,7204
7,userstudy_sid07_2025-12-25T04-21-56.482Z.txt,45,46,35,1,5,proposed,colordiffv2,colordiffv2,proposed,2128
7,userstudy_sid07_2025-12-25T04-21-56.482Z.txt,46,22,4,0,5,proposed,colordiffv2,proposed,colordiffv2,2355
7,userstudy_sid07_2025-12-25T04-21-56.482Z.txt,47,1,3,0,0,painttorch,diffusart,painttorch,diffusart,3386
7,userstudy_sid07_2025-12-25T04-21-56.482Z.txt,48,177,184,100,2,proposed,diffusart,proposed,diffusart,2597
7,userstudy_sid07_2025-12-25T04-21-56.482Z.txt,49,88,91,5,4,painttorch,proposed,painttorch,proposed,1434
7,userstudy_sid07_2025-12-25T04-21-56.482Z.txt,50,107,116,10,2,proposed,diffusart,proposed,diffusart,1755
7,userstudy_sid07_2025-12-25T04-21-56.482Z.txt,51,142,128,25,5,proposed,colordiffv2,proposed,colordiffv2,1561
7,userstudy_sid07_2025-12-25T04-21-56.482Z.txt,52,116,98,10,5,proposed,colordiffv2,colordiffv2,proposed,1554
7,userstudy_sid07_2025-12-25T04-21-56.482Z.txt,53,132,143,25,3,colordiffv2,painttorch,colordiffv2,painttorch,2504
7,userstudy_sid07_2025-12-25T04-21-56.482Z.txt,54,114,118,10,4,painttorch,proposed,proposed,painttorch,3133
7,userstudy_sid07_2025-12-25T04-21-56.482Z.txt,55,56,53,3,2,diffusart,proposed,diffusart,proposed,2227
7,userstudy_sid07_2025-12-25T04-21-56.482Z.txt,56,38,46,1,3,colordiffv2,painttorch,colordiffv2,painttorch,1924
7,userstudy_sid07_2025-12-25T04-21-56.482Z.txt,57,75,88,5,0,painttorch,diffusart,diffusart,painttorch,1258
7,userstudy_sid07_2025-12-25T04-21-56.482Z.txt,58,2,20,0,0,diffusart,painttorch,diffusart,painttorch,3622
7,userstudy_sid07_2025-12-25T04-21-56.482Z.txt,59,171,181,100,0,painttorch,diffusart,painttorch,diffusart,1790
7,userstudy_sid07_2025-12-25T04-21-56.482Z.txt,60,98,113,10,0,diffusart,painttorch,diffusart,painttorch,3132
7,userstudy_sid07_2025-12-25T04-21-56.482Z.txt,61,42,43,1,4,painttorch,proposed,proposed,painttorch,1347
7,userstudy_sid07_2025-12-25T04-21-56.482Z.txt,62,21,11,0,5,colordiffv2,proposed,proposed,colordiffv2,3165
7,userstudy_sid07_2025-12-25T04-21-56.482Z.txt,63,29,24,1,1,diffusart,colordiffv2,colordiffv2,diffusart,1087
7,userstudy_sid07_2025-12-25T04-21-56.482Z.txt,64,154,147,50,2,diffusart,proposed,proposed,diffusart,4747
7,userstudy_sid07_2025-12-25T04-21-56.482Z.txt,65,95,93,5,5,colordiffv2,proposed,proposed,colordiffv2,1530
7,userstudy_sid07_2025-12-25T04-21-56.482Z.txt,66,4,17,0,1,colordiffv2,diffusart,diffusart,colordiffv2,1518
7,userstudy_sid07_2025-12-25T04-21-56.482Z.txt,67,173,174,100,1,diffusart,colordiffv2,diffusart,colordiffv2,3683
7,userstudy_sid07_2025-12-25T04-21-56.482Z.txt,68,119,110,10,5,colordiffv2,proposed,colordiffv2,proposed,1694
7,userstudy_sid07_2025-12-25T04-21-56.482Z.txt,69,129,130,25,2,proposed,diffusart,diffusart,proposed,2422
7,userstudy_sid07_2025-12-25T04-21-56.482Z.txt,70,112,100,10,4,painttorch,proposed,proposed,painttorch,1527
7,userstudy_sid07_2025-12-25T04-21-56.482Z.txt,71,122,126,25,0,diffusart,painttorch,diffusart,painttorch,2159
7,userstudy_sid07_2025-12-25T04-21-56.482Z.txt,72,109,108,10,3,painttorch,colordiffv2,painttorch,colordiffv2,5984
7,userstudy_sid07_2025-12-25T04-21-56.482Z.txt,73,138,141,25,4,painttorch,proposed,proposed,painttorch,1735
7,userstudy_sid07_2025-12-25T04-21-56.482Z.txt,74,40,45,1,4,painttorch,proposed,proposed,painttorch,1425
7,userstudy_sid07_2025-12-25T04-21-56.482Z.txt,75,148,165,50,1,colordiffv2,diffusart,colordiffv2,diffusart,1912
7,userstudy_sid07_2025-12-25T04-21-56.482Z.txt,76,65,54,3,4,proposed,painttorch,proposed,painttorch,1320
7,userstudy_sid07_2025-12-25T04-21-56.482Z.txt,77,6,8,0,1,colordiffv2,diffusart,diffusart,colordiffv2,1364
7,userstudy_sid07_2025-12-25T04-21-56.482Z.txt,78,83,84,5,2,proposed,diffusart,proposed,diffusart,1875
7,userstudy_sid07_2025-12-25T04-21-56.482Z.txt,79,184,178,100,4,painttorch,proposed,proposed,painttorch,2179
7,userstudy_sid07_2025-12-25T04-21-56.482Z.txt,80,108,106,10,3,colordiffv2,painttorch,colordiffv2,painttorch,2521
7,userstudy_sid07_2025-12-25T04-21-56.482Z.txt,81,130,137,25,2,diffusart,proposed,diffusart,proposed,2473
7,userstudy_sid07_2025-12-25T04-21-56.482Z.txt,82,189,186,100,5,colordiffv2,proposed,proposed,colordiffv2,2925
7,userstudy_sid07_2025-12-25T04-21-56.482Z.txt,83,8,19,0,2,diffusart,proposed,diffusart,proposed,2736
7,userstudy_sid07_2025-12-25T04-21-56.482Z.txt,84,7,21,0,1,diffusart,colordiffv2,diffusart,colordiffv2,1196
7,userstudy_sid07_2025-12-25T04-21-56.482Z.txt,85,110,109,10,3,colordiffv2,painttorch,colordiffv2,painttorch,2311
7,userstudy_sid07_2025-12-25T04-21-56.482Z.txt,86,54,63,3,1,colordiffv2,diffusart,diffusart,colordiffv2,1218
7,userstudy_sid07_2025-12-25T04-21-56.482Z.txt,87,55,57,3,1,diffusart,colordiffv2,diffusart,colordiffv2,1876
7,userstudy_sid07_2025-12-25T04-21-56.482Z.txt,88,153,157,50,2,proposed,diffusart,diffusart,proposed,1322
7,userstudy_sid07_2025-12-25T04-21-56.482Z.txt,89,37,26,1,3,painttorch,colordiffv2,painttorch,colordiffv2,2849
7,userstudy_sid07_2025-12-25T04-21-56.482Z.txt,90,182,177,100,3,colordiffv2,painttorch,colordiffv2,painttorch,1093
7,userstudy_sid07_2025-12-25T04-21-56.482Z.txt,91,191,189,100,5,colordiffv2,proposed,proposed,colordiffv2,1132
7,userstudy_sid07_2025-12-25T04-21-56.482Z.txt,92,72,89,5,0,diffusart,painttorch,painttorch,diffusart,4950
7,userstudy_sid07_2025-12-25T04-21-56.482Z.txt,93,164,150,50,5,proposed,colordiffv2,proposed,colordiffv2,1654
7,userstudy_sid07_2025-12-25T04-21-56.482Z.txt,94,68,69,3,5,proposed,colordiffv2,proposed,colordiffv2,1704
7,userstudy_sid07_2025-12-25T04-21-56.482Z.txt,95,141,132,25,5,colordiffv2,proposed,colordiffv2,proposed,948
7,userstudy_sid07_2025-12-25T04-21-56.482Z.txt,96,181,170,100,3,painttorch,colordiffv2,colordiffv2,painttorch,1334
7,userstudy_sid07_2025-12-25T04-21-56.482Z.txt,97,169,173,100,0,painttorch,diffusart,diffusart,painttorch,1680
7,userstudy_sid07_2025-12-25T04-21-56.482Z.txt,98,53,66,3,1,diffusart,colordiffv2,diffusart,colordiffv2,1468
7,userstudy_sid07_2025-12-25T04-21-56.482Z.txt,99,143,122,25,5,colordiffv2,proposed,colordiffv2,proposed,4033
7,userstudy_sid07_2025-12-25T04-21-56.482Z.txt,100,118,115,10,5,proposed,colordiffv2,proposed,colordiffv2,1301
7,userstudy_sid07_2025-12-25T04-21-56.482Z.txt,101,158,158,50,3,colordiffv2,painttorch,colordiffv2,painttorch,1471
7,userstudy_sid07_2025-12-25T04-21-56.482Z.txt,102,90,87,5,4,painttorch,proposed,proposed,painttorch,1311
7,userstudy_sid07_2025-12-25T04-21-56.482Z.txt,103,160,164,50,4,painttorch,proposed,proposed,painttorch,1362
7,userstudy_sid07_2025-12-25T04-21-56.482Z.txt,104,187,169,100,4,proposed,painttorch,proposed,painttorch,1671
7,userstudy_sid07_2025-12-25T04-21-56.482Z.txt,105,33,47,1,2,proposed,diffusart,diffusart,proposed,1386
7,userstudy_sid07_2025-12-25T04-21-56.482Z.txt,106,14,16,0,3,colordiffv2,painttorch,painttorch,colordiffv2,1042
7,userstudy_sid07_2025-12-25T04-21-56.482Z.txt,107,45,34,1,5,colordiffv2,proposed,proposed,colordiffv2,3105
7,userstudy_sid07_2025-12-25T04-21-56.482Z.txt,108,185,183,100,4,proposed,painttorch,proposed,painttorch,1164
7,userstudy_sid07_2025-12-25T04-21-56.482Z.txt,109,26,41,1,0,diffusart,painttorch,diffusart,painttorch,1772
7,userstudy_sid07_2025-12-25T04-21-56.482Z.txt,110,85,83,5,3,painttorch,colordiffv2,colordiffv2,painttorch,1300
7,userstudy_sid07_2025-12-25T04-21-56.482Z.txt,111,131,121,25,2,proposed,diffusart,proposed,diffusart,1208
7,userstudy_sid07_2025-12-25T04-21-56.482Z.txt,112,15,18,0,3,painttorch,colordiffv2,painttorch,colordiffv2,2238
7,userstudy_sid07_2025-12-25T04-21-56.482Z.txt,113,96,119,10,0,diffusart,painttorch,diffusart,painttorch,1682
7,userstudy_sid07_2025-12-25T04-21-56.482Z.txt,114,63,64,3,3,painttorch,colordiffv2,painttorch,colordiffv2,1460
7,userstudy_sid07_2025-12-25T04-21-56.482Z.txt,115,82,82,5,2,diffusart,proposed,proposed,diffusart,6056
7,userstudy_sid07_2025-12-25T04-21-56.482Z.txt,116,69,62,3,5,colordiffv2,proposed,proposed,colordiffv2,2142
7,userstudy_sid07_2025-12-25T04-21-56.482Z.txt,117,17,15,0,4,proposed,painttorch,proposed,painttorch,1433
7,userstudy_sid07_2025-12-25T04-21-56.482Z.txt,118,101,103,10,1,diffusart,colordiffv2,colordiffv2,diffusart,986
7,userstudy_sid07_2025-12-25T04-21-56.482Z.txt,119,136,125,25,4,painttorch,proposed,proposed,painttorch,960
7,userstudy_sid07_2025-12-25T04-21-56.482Z.txt,120,81,74,5,2,proposed,diffusart,proposed,diffusart,3078
7,userstudy_sid07_2025-12-25T04-21-56.482Z.txt,121,74,92,5,0,diffusart,painttorch,diffusart,painttorch,1431
7,userstudy_sid07_2025-12-25T04-21-56.482Z.txt,122,41,25,1,4,proposed,painttorch,proposed,painttorch,1182
7,userstudy_sid07_2025-12-25T04-21-56.482Z.txt,123,67,67,3,4,proposed,painttorch,proposed,painttorch,1335
7,userstudy_sid07_2025-12-25T04-21-56.482Z.txt,124,135,131,25,3,painttorch,colordiffv2,painttorch,colordiffv2,1394
7,userstudy_sid07_2025-12-25T04-21-56.482Z.txt,125,117,111,10,5,colordiffv2,proposed,colordiffv2,proposed,1045
7,userstudy_sid07_2025-12-25T04-21-56.482Z.txt,126,179,180,100,2,proposed,diffusart,proposed,diffusart,906
7,userstudy_sid07_2025-12-25T04-21-56.482Z.txt,127,50,65,3,0,diffusart,painttorch,diffusart,painttorch,2007
7,userstudy_sid07_2025-12-25T04-21-56.482Z.txt,128,57,58,3,2,proposed,diffusart,proposed,diffusart,1849
7,userstudy_sid07_2025-12-25T04-21-56.482Z.txt,129,165,149,50,5,colordiffv2,proposed,proposed,colordiffv2,3446
7,userstudy_sid07_2025-12-25T04-21-56.482Z.txt,130,39,32,1,3,painttorch,colordiffv2,painttorch,colordiffv2,7002
7,userstudy_sid07_2025-12-25T04-21-56.482Z.txt,131,87,76,5,3,painttorch,colordiffv2,painttorch,colordiffv2,2989
7,userstudy_sid07_2025-12-25T04-21-56.482Z.txt,132,103,99,10,1,diffusart,colordiffv2,diffusart,colordiffv2,1389
7,userstudy_sid07_2025-12-25T04-21-56.482Z.txt,133,124,138,25,1,colordiffv2,diffusart,colordiffv2,diffusart,1704
7,userstudy_sid07_2025-12-25T04-21-56.482Z.txt,134,105,112,10,2,proposed,diffusart,proposed,diffusart,1417
7,userstudy_sid07_2025-12-25T04-21-56.482Z.txt,135,104,105,10,2,diffusart,proposed,diffusart,proposed,1299
7,userstudy_sid07_2025-12-25T04-21-56.482Z.txt,136,144,162,50,0,diffusart,painttorch,diffusart,painttorch,1470
7,userstudy_sid07_2025-12-25T04-21-56.482Z.txt,137,140,142,25,5,proposed,colordiffv2,proposed,colordiffv2,1560
7,userstudy_sid07_2025-12-25T04-21-56.482Z.txt,138,64,52,3,4,painttorch,proposed,proposed,painttorch,2254
7,userstudy_sid07_2025-12-25T04-21-56.482Z.txt,139,80,80,5,2,diffusart,proposed,diffusart,proposed,1532
7,userstudy_sid07_2025-12-25T04-21-56.482Z.txt,140,178,187,100,2,diffusart,proposed,proposed,diffusart,1316
7,userstudy_sid07_2025-12-25T04-21-56.482Z.txt,141,188,182,100,5,proposed,colordiffv2,proposed,colordiffv2,1643
7,userstudy_sid07_2025-12-25T04-21-56.482Z.txt,142,92,85,5,5,proposed,colordiffv2,colordiffv2,proposed,1495
7,userstudy_sid07_2025-12-25T04-21-56.482Z.txt,143,0,22,0,0,diffusart,painttorch,painttorch,diffusart,1218
7,userstudy_sid07_2025-12-25T04-21-56.482Z.txt,144,43,31,1,4,proposed,painttorch,proposed,painttorch,2209
7,userstudy_sid07_2025-12-25T04-21-56.482Z.txt,145,35,38,1,2,proposed,diffusart,proposed,diffusart,1104
7,userstudy_sid07_2025-12-25T04-21-56.482Z.txt,146,77,72,5,1,diffusart,colordiffv2,diffusart,colordiffv2,1834
7,userstudy_sid07_2025-12-25T04-21-56.482Z.txt,147,125,124,25,1,diffusart,colordiffv2,colordiffv2,diffusart,1224
7,userstudy_sid07_2025-12-25T04-21-56.482Z.txt,148,120,120,25,0,diffusart,painttorch,diffusart,painttorch,1635
7,userstudy_sid07_2025-12-25T04-21-56.482Z.txt,149,186,175,100,4,painttorch,proposed,proposed,painttorch,3032
7,userstudy_sid07_2025-12-25T04-21-56.482Z.txt,150,139,134,25,4,proposed,painttorch,proposed,painttorch,1511
7,userstudy_sid07_2025-12-25T04-21-56.482Z.txt,151,152,155,50,2,diffusart,proposed,proposed,diffusart,1477
7,userstudy_sid07_2025-12-25T04-21-56.482Z.txt,152,44,39,1,5,proposed,colordiffv2,colordiffv2,proposed,1763
7,userstudy_sid07_2025-12-25T04-21-56.482Z.txt,153,127,129,25,1,diffusart,colordiffv2,colordiffv2,diffusart,1974
7,userstudy_sid07_2025-12-25T04-21-56.482Z.txt,154,137,135,25,4,proposed,painttorch,proposed,painttorch,1528
7,userstudy_sid07_2025-12-25T04-21-56.482Z.txt,155,150,154,50,1,colordiffv2,diffusart,colordiffv2,diffusart,1206
7,userstudy_sid07_2025-12-25T04-21-56.482Z.txt,156,61,51,3,3,painttorch,colordiffv2,colordiffv2,painttorch,1198
7,userstudy_sid07_2025-12-25T04-21-56.482Z.txt,157,51,61,3,0,painttorch,diffusart,diffusart,painttorch,1128
7,userstudy_sid07_2025-12-25T04-21-56.482Z.txt,158,48,60,3,0,diffusart,painttorch,diffusart,painttorch,1024
7,userstudy_sid07_2025-12-25T04-21-56.482Z.txt,159,146,159,50,0,diffusart,painttorch,diffusart,painttorch,1052
7,userstudy_sid07_2025-12-25T04-21-56.482Z.txt,160,47,42,1,5,colordiffv2,proposed,colordiffv2,proposed,2666
7,userstudy_sid07_2025-12-25T04-21-56.482Z.txt,161,100,104,10,1,colordiffv2,diffusart,colordiffv2,diffusart,1591
7,userstudy_sid07_2025-12-25T04-21-56.482Z.txt,162,111,97,10,3,painttorch,colordiffv2,colordiffv2,painttorch,1155
7,userstudy_sid07_2025-12-25T04-21-56.482Z.txt,163,32,28,1,2,diffusart,proposed,diffusart,proposed,1629
7,userstudy_sid07_2025-12-25T04-21-56.482Z.txt,164,71,55,3,5,colordiffv2,proposed,colordiffv2,proposed,1284
7,userstudy_sid07_2025-12-25T04-21-56.482Z.txt,165,16,12,0,4,painttorch,proposed,painttorch,proposed,2827
7,userstudy_sid07_2025-12-25T04-21-56.482Z.txt,166,59,68,3,2,proposed,diffusart,diffusart,proposed,1984
7,userstudy_sid07_2025-12-25T04-21-56.482Z.txt,167,9,5,0,2,proposed,diffusart,diffusart,proposed,1367
7,userstudy_sid07_2025-12-25T04-21-56.482Z.txt,168,27,33,1,0,painttorch,diffusart,painttorch,diffusart,1396
7,userstudy_sid07_2025-12-25T04-21-56.482Z.txt,169,166,167,50,5,proposed,colordiffv2,proposed,colordiffv2,5319
7,userstudy_sid07_2025-12-25T04-21-56.482Z.txt,170,5,0,0,1,diffusart,colordiffv2,diffusart,colordiffv2,1581
7,userstudy_sid07_2025-12-25T04-21-56.482Z.txt,171,126,136,25,1,colordiffv2,diffusart,colordiffv2,diffusart,1352
7,userstudy_sid07_2025-12-25T04-21-56.482Z.txt,172,60,71,3,3,colordiffv2,painttorch,colordiffv2,painttorch,2163
7,userstudy_sid07_2025-12-25T04-21-56.482Z.txt,173,28,40,1,1,colordiffv2,diffusart,colordiffv2,diffusart,1830
7,userstudy_sid07_2025-12-25T04-21-56.482Z.txt,174,62,56,3,3,colordiffv2,painttorch,colordiffv2,painttorch,5709
7,userstudy_sid07_2025-12-25T04-21-56.482Z.txt,175,31,44,1,1,diffusart,colordiffv2,diffusart,colordiffv2,2412
7,userstudy_sid07_2025-12-25T04-21-56.482Z.txt,176,93,95,5,5,colordiffv2,proposed,colordiffv2,proposed,1006
7,userstudy_sid07_2025-12-25T04-21-56.482Z.txt,177,13,2,0,3,painttorch,colordiffv2,painttorch,colordiffv2,1611
7,userstudy_sid07_2025-12-25T04-21-56.482Z.txt,178,36,36,1,3,colordiffv2,painttorch,colordiffv2,painttorch,1884
7,userstudy_sid07_2025-12-25T04-21-56.482Z.txt,179,24,37,1,0,diffusart,painttorch,diffusart,painttorch,1383
7,userstudy_sid07_2025-12-25T04-21-56.482Z.txt,180,99,114,10,0,painttorch,diffusart,painttorch,diffusart,2800
7,userstudy_sid07_2025-12-25T04-21-56.482Z.txt,181,145,148,50,0,painttorch,diffusart,diffusart,painttorch,1997
7,userstudy_sid07_2025-12-25T04-21-56.482Z.txt,182,113,102,10,4,proposed,painttorch,proposed,painttorch,1873
7,userstudy_sid07_2025-12-25T04-21-56.482Z.txt,183,76,94,5,1,colordiffv2,diffusart,diffusart,colordiffv2,1891
7,userstudy_sid07_2025-12-25T04-21-56.482Z.txt,184,91,86,5,4,proposed,painttorch,proposed,painttorch,1467
7,userstudy_sid07_2025-12-25T04-21-56.482Z.txt,185,134,140,25,3,colordiffv2,painttorch,colordiffv2,painttorch,1678
7,userstudy_sid07_2025-12-25T04-21-56.482Z.txt,186,49,70,3,0,painttorch,diffusart,diffusart,painttorch,1272
7,userstudy_sid07_2025-12-25T04-21-56.482Z.txt,187,121,127,25,0,painttorch,diffusart,diffusart,painttorch,1140
7,userstudy_sid07_2025-12-25T04-21-56.482Z.txt,188,70,59,3,5,proposed,colordiffv2,proposed,colordiffv2,1783
7,userstudy_sid07_2025-12-25T04-21-56.482Z.txt,189,123,133,25,0,painttorch,diffusart,diffusart,painttorch,1267
7,userstudy_sid07_2025-12-25T04-21-56.482Z.txt,190,3,6,0,0,painttorch,diffusart,diffusart,painttorch,2163
7,userstudy_sid07_2025-12-25T04-21-56.482Z.txt,191,162,146,50,4,painttorch,proposed,proposed,painttorch,1128
8,userstudy_sid08_2025-12-25T03-38-20.843Z.txt,0,89,75,5,4,proposed,painttorch,proposed,painttorch,10528
8,userstudy_sid08_2025-12-25T03-38-20.843Z.txt,1,9,5,0,2,proposed,diffusart,diffusart,proposed,3053
8,userstudy_sid08_2025-12-25T03-38-20.843Z.txt,2,188,182,100,5,proposed,colordiffv2,colordiffv2,proposed,4687
8,userstudy_sid08_2025-12-25T03-38-20.843Z.txt,3,151,144,50,1,diffusart,colordiffv2,colordiffv2,diffusart,1746
8,userstudy_sid08_2025-12-25T03-38-20.843Z.txt,4,44,39,1,5,proposed,colordiffv2,proposed,colordiffv2,2923
8,userstudy_sid08_2025-12-25T03-38-20.843Z.txt,5,47,42,1,5,colordiffv2,proposed,proposed,colordiffv2,6176
8,userstudy_sid08_2025-12-25T03-38-20.843Z.txt,6,165,149,50,5,colordiffv2,proposed,proposed,colordiffv2,8246
8,userstudy_sid08_2025-12-25T03-38-20.843Z.txt,7,159,156,50,3,painttorch,colordiffv2,colordiffv2,painttorch,1903
8,userstudy_sid08_2025-12-25T03-38-20.843Z.txt,8,104,105,10,2,diffusart,proposed,diffusart,proposed,1998
8,userstudy_sid08_2025-12-25T03-38-20.843Z.txt,9,102,101,10,1,colordiffv2,diffusart,colordiffv2,diffusart,5539
8,userstudy_sid08_2025-12-25T03-38-20.843Z.txt,10,38,46,1,3,colordiffv2,painttorch,painttorch,colordiffv2,2394
8,userstudy_sid08_2025-12-25T03-38-20.843Z.txt,11,153,157,50,2,proposed,diffusart,diffusart,proposed,2872
8,userstudy_sid08_2025-12-25T03-38-20.843Z.txt,12,177,184,100,2,proposed,diffusart,proposed,diffusart,3265
8,userstudy_sid08_2025-12-25T03-38-20.843Z.txt,13,138,141,25,4,painttorch,proposed,proposed,painttorch,3836
8,userstudy_sid08_2025-12-25T03-38-20.843Z.txt,14,78,90,5,1,colordiffv2,diffusart,colordiffv2,diffusart,5847
8,userstudy_sid08_2025-12-25T03-38-20.843Z.txt,15,94,73,5,5,proposed,colordiffv2,colordiffv2,proposed,9143
8,userstudy_sid08_2025-12-25T03-38-20.843Z.txt,16,55,57,3,1,diffusart,colordiffv2,diffusart,colordiffv2,8956
8,userstudy_sid08_2025-12-25T03-38-20.843Z.txt,17,53,66,3,1,diffusart,colordiffv2,colordiffv2,diffusart,8617
8,userstudy_sid08_2025-12-25T03-38-20.843Z.txt,18,120,120,25,0,diffusart,painttorch,diffusart,painttorch,2802
8,userstudy_sid08_2025-12-25T03-38-20.843Z.txt,19,121,127,25,0,painttorch,diffusart,painttorch,diffusart,6113
8,userstudy_sid08_2025-12-25T03-38-20.843Z.txt,20,14,16,0,3,colordiffv2,painttorch,painttorch,colordiffv2,1352
8,userstudy_sid08_2025-12-25T03-38-20.843Z.txt,21,43,31,1,4,proposed,painttorch,painttorch,proposed,2029
8,userstudy_sid08_2025-12-25T03-38-20.843Z.txt,22,65,54,3,4,proposed,painttorch,proposed,painttorch,4367
8,userstudy_sid08_2025-12-25T03-38-20.843Z.txt,23,82,82,5,2,diffusart,proposed,proposed,diffusart,1626
8,userstudy_sid08_2025-12-25T03-38-20.843Z.txt,24,116,98,10,5,proposed,colordiffv2,colordiffv2,proposed,3838
8,userstudy_sid08_2025-12-25T03-38-20.843Z.txt,25,128,139,25,2,diffusart,proposed,proposed,diffusart,3390
8,userstudy_sid08_2025-12-25T03-38-20.843Z.txt,26,144,162,50,0,diffusart,painttorch,painttorch,diffusart,3240
8,userstudy_sid08_2025-12-25T03-38-20.843Z.txt,27,67,67,3,4,proposed,painttorch,painttorch,proposed,4398
8,userstudy_sid08_2025-12-25T03-38-20.843Z.txt,28,26,41,1,0,diffusart,painttorch,painttorch,diffusart,1740
8,userstudy_sid08_2025-12-25T03-38-20.843Z.txt,29,170,171,100,0,diffusart,painttorch,diffusart,painttorch,5086
8,userstudy_sid08_2025-12-25T03-38-20.843Z.txt,30,15,18,0,3,painttorch,colordiffv2,painttorch,colordiffv2,1282
8,userstudy_sid08_2025-12-25T03-38-20.843Z.txt,31,131,121,25,2,proposed,diffusart,proposed,diffusart,3630
8,userstudy_sid08_2025-12-25T03-38-20.843Z.txt,32,33,47,1,2,proposed,diffusart,diffusart,proposed,11613
8,userstudy_sid08_2025-12-25T03-38-20.843Z.txt,33,41,25,1,4,proposed,painttorch,proposed,painttorch,4858
8,userstudy_sid08_2025-12-25T03-38-20.843Z.txt,34,83,84,5,2,proposed,diffusart,proposed,diffusart,3011
8,userstudy_sid08_2025-12-25T03-38-20.843Z.txt,35,69,62,3,5,colordiffv2,proposed,colordiffv2,proposed,6015
8,userstudy_sid08_2025-12-25T03-38-20.843Z.txt,36,161,153,50,4,proposed,painttorch,proposed,painttorch,3137
8,userstudy_sid08_2025-12-25T03-38-20.843Z.txt,37,126,136,25,1,colordiffv2,diffusart,colordiffv2,diffusart,1624
8,userstudy_sid08_2025-12-25T03-38-20.843Z.txt,38,117,111,10,5,colordiffv2,proposed,colordiffv2,proposed,2043
8,userstudy_sid08_2025-12-25T03-38-20.843Z.txt,39,174,190,100,1,colordiffv2,diffusart,diffusart,colordiffv2,11624
8,userstudy_sid08_2025-12-25T03-38-20.843Z.txt,40,34,27,1,2,diffusart,proposed,diffusart,proposed,5318
8,userstudy_sid08_2025-12-25T03-38-20.843Z.txt,41,180,168,100,3,colordiffv2,painttorch,colordiffv2,painttorch,8640
8,userstudy_sid08_2025-12-25T03-38-20.843Z.txt,42,62,56,3,3,colordiffv2,painttorch,painttorch,colordiffv2,8081
8,userstudy_sid08_2025-12-25T03-38-20.843Z.txt,43,48,60,3,0,diffusart,painttorch,painttorch,diffusart,7577
8,userstudy_sid08_2025-12-25T03-38-20.843Z.txt,44,101,103,10,1,diffusart,colordiffv2,colordiffv2,diffusart,4753
8,userstudy_sid08_2025-12-25T03-38-20.843Z.txt,45,84,79,5,3,colordiffv2,painttorch,colordiffv2,painttorch,3990
8,userstudy_sid08_2025-12-25T03-38-20.843Z.txt,46,50,65,3,0,diffusart,painttorch,diffusart,painttorch,11548
8,userstudy_sid08_2025-12-25T03-38-20.843Z.txt,47,155,160,50,2,proposed,diffusart,proposed,diffusart,2420
8,userstudy_sid08_2025-12-25T03-38-20.843Z.txt,48,181,170,100,3,painttorch,colordiffv2,colordiffv2,painttorch,1809
8,userstudy_sid08_2025-12-25T03-38-20.843Z.txt,49,17,15,0,4,proposed,painttorch,painttorch,proposed,4843
8,userstudy_sid08_2025-12-25T03-38-20.843Z.txt,50,171,181,100,0,painttorch,diffusart,diffusart,painttorch,1672
8,userstudy_sid08_2025-12-25T03-38-20.843Z.txt,51,68,69,3,5,proposed,colordiffv2,colordiffv2,proposed,2397
8,userstudy_sid08_2025-12-25T03-38-20.843Z.txt,52,158,158,50,3,colordiffv2,painttorch,colordiffv2,painttorch,3474
8,userstudy_sid08_2025-12-25T03-38-20.843Z.txt,53,182,177,100,3,colordiffv2,painttorch,colordiffv2,painttorch,1686
8,userstudy_sid08_2025-12-25T03-38-20.843Z.txt,54,87,76,5,3,painttorch,colordiffv2,colordiffv2,painttorch,10266
8,userstudy_sid08_2025-12-25T03-38-20.843Z.txt,55,81,74,5,2,proposed,diffusart,proposed,diffusart,4138
8,userstudy_sid08_2025-12-25T03-38-20.843Z.txt,56,20,1,0,5,proposed,colordiffv2,proposed,colordiffv2,3469
8,userstudy_sid08_2025-12-25T03-38-20.843Z.txt,57,160,164,50,4,painttorch,proposed,proposed,painttorch,9766
8,userstudy_sid08_2025-12-25T03-38-20.843Z.txt,58,42,43,1,4,painttorch,proposed,painttorch,proposed,8259
8,userstudy_sid08_2025-12-25T03-38-20.843Z.txt,59,16,12,0,4,painttorch,proposed,proposed,painttorch,13669
8,userstudy_sid08_2025-12-25T03-38-20.843Z.txt,60,23,7,0,5,colordiffv2,proposed,proposed,colordiffv2,2302
8,userstudy_sid08_2025-12-25T03-38-20.843Z.txt,61,24,37,1,0,diffusart,painttorch,diffusart,painttorch,4149
8,userstudy_sid08_2025-12-25T03-38-20.843Z.txt,62,186,175,100,4,painttorch,proposed,proposed,painttorch,3218
8,userstudy_sid08_2025-12-25T03-38-20.843Z.txt,63,90,87,5,4,painttorch,proposed,painttorch,proposed,8154
8,userstudy_sid08_2025-12-25T03-38-20.843Z.txt,64,63,64,3,3,painttorch,colordiffv2,colordiffv2,painttorch,2859
8,userstudy_sid08_2025-12-25T03-38-20.843Z.txt,65,130,137,25,2,diffusart,proposed,proposed,diffusart,5497
8,userstudy_sid08_2025-12-25T03-38-20.843Z.txt,66,147,166,50,0,painttorch,diffusart,painttorch,diffusart,6518
8,userstudy_sid08_2025-12-25T03-38-20.843Z.txt,67,10,13,0,2,diffusart,proposed,diffusart,proposed,6178
8,userstudy_sid08_2025-12-25T03-38-20.843Z.txt,68,7,21,0,1,diffusart,colordiffv2,diffusart,colordiffv2,2002
8,userstudy_sid08_2025-12-25T03-38-20.843Z.txt,69,134,140,25,3,colordiffv2,painttorch,colordiffv2,painttorch,1682
8,userstudy_sid08_2025-12-25T03-38-20.843Z.txt,70,185,183,100,4,proposed,painttorch,proposed,painttorch,8352
8,userstudy_sid08_2025-12-25T03-38-20.843Z.txt,71,71,55,3,5,colordiffv2,proposed,colordiffv2,proposed,1691
8,userstudy_sid08_2025-12-25T03-38-20.843Z.txt,72,141,132,25,5,colordiffv2,proposed,colordiffv2,proposed,2947
8,userstudy_sid08_2025-12-25T03-38-20.843Z.txt,73,139,134,25,4,proposed,painttorch,painttorch,proposed,12256
8,userstudy_sid08_2025-12-25T03-38-20.843Z.txt,74,133,123,25,3,painttorch,colordiffv2,painttorch,colordiffv2,5250
8,userstudy_sid08_2025-12-25T03-38-20.843Z.txt,75,125,124,25,1,diffusart,colordiffv2,colordiffv2,diffusart,3108
8,userstudy_sid08_2025-12-25T03-38-20.843Z.txt,76,191,189,100,5,colordiffv2,proposed,colordiffv2,proposed,2530
8,userstudy_sid08_2025-12-25T03-38-20.843Z.txt,77,118,115,10,5,proposed,colordiffv2,colordiffv2,proposed,4243
8,userstudy_sid08_2025-12-25T03-38-20.843Z.txt,78,85,83,5,3,painttorch,colordiffv2,colordiffv2,painttorch,2791
8,userstudy_sid08_2025-12-25T03-38-20.843Z.txt,79,156,151,50,3,colordiffv2,painttorch,colordiffv2,painttorch,4615
8,userstudy_sid08_2025-12-25T03-38-20.843Z.txt,80,189,186,100,5,colordiffv2,proposed,proposed,colordiffv2,15324
8,userstudy_sid08_2025-12-25T03-38-20.843Z.txt,81,154,147,50,2,diffusart,proposed,proposed,diffusart,6261
8,userstudy_sid08_2025-12-25T03-38-20.843Z.txt,82,39,32,1,3,painttorch,colordiffv2,painttorch,colordiffv2,3562
8,userstudy_sid08_2025-12-25T03-38-20.843Z.txt,83,29,24,1,1,diffusart,colordiffv2,colordiffv2,diffusart,2553
8,userstudy_sid08_2025-12-25T03-38-20.843Z.txt,84,112,100,10,4,painttorch,proposed,proposed,painttorch,1655
8,userstudy_sid08_2025-12-25T03-38-20.843Z.txt,85,72,89,5,0,diffusart,painttorch,painttorch,diffusart,5747
8,userstudy_sid08_2025-12-25T03-38-20.843Z.txt,86,163,145,50,4,proposed,painttorch,proposed,painttorch,2355
8,userstudy_sid08_2025-12-25T03-38-20.843Z.txt,87,176,172,100,2,diffusart,proposed,proposed,diffusart,8655
8,userstudy_sid08_2025-12-25T03-38-20.843Z.txt,88,4,17,0,1,colordiffv2,diffusart,diffusart,colordiffv2,4106
8,userstudy_sid08_2025-12-25T03-38-20.843Z.txt,89,30,30,1,1,colordiffv2,diffusart,diffusart,colordiffv2,7214
8,userstudy_sid08_2025-12-25T03-38-20.843Z.txt,90,74,92,5,0,diffusart,painttorch,painttorch,diffusart,3922
8,userstudy_sid08_2025-12-25T03-38-20.843Z.txt,91,140,142,25,5,proposed,colordiffv2,colordiffv2,proposed,7355
8,userstudy_sid08_2025-12-25T03-38-20.843Z.txt,92,152,155,50,2,diffusart,proposed,proposed,diffusart,1750
8,userstudy_sid08_2025-12-25T03-38-20.843Z.txt,93,175,188,100,1,diffusart,colordiffv2,colordiffv2,diffusart,3410
8,userstudy_sid08_2025-12-25T03-38-20.843Z.txt,94,3,6,0,0,painttorch,diffusart,painttorch,diffusart,3288
8,userstudy_sid08_2025-12-25T03-38-20.843Z.txt,95,157,163,50,3,painttorch,colordiffv2,colordiffv2,painttorch,4426
8,userstudy_sid08_2025-12-25T03-38-20.843Z.txt,96,98,113,10,0,diffusart,painttorch,diffusart,painttorch,3888
8,userstudy_sid08_2025-12-25T03-38-20.843Z.txt,97,45,34,1,5,colordiffv2,proposed,proposed,colordiffv2,2310
8,userstudy_sid08_2025-12-25T03-38-20.843Z.txt,98,103,99,10,1,diffusart,colordiffv2,colordiffv2,diffusart,4546
8,userstudy_sid08_2025-12-25T03-38-20.843Z.txt,99,66,49,3,4,painttorch,proposed,painttorch,proposed,8406
8,userstudy_sid08_2025-12-25T03-38-20.843Z.txt,100,77,72,5,1,diffusart,colordiffv2,colordiffv2,diffusart,5305
8,userstudy_sid08_2025-12-25T03-38-20.843Z.txt,101,146,159,50,0,diffusart,painttorch,diffusart,painttorch,18164
8,userstudy_sid08_2025-12-25T03-38-20.843Z.txt,102,80,80,5,2,diffusart,proposed,proposed,diffusart,4885
8,userstudy_sid08_2025-12-25T03-38-20.843Z.txt,103,168,185,100,0,diffusart,painttorch,diffusart,painttorch,1747
8,userstudy_sid08_2025-12-25T03-38-20.843Z.txt,104,106,117,10,2,diffusart,proposed,diffusart,proposed,6904
8,userstudy_sid08_2025-12-25T03-38-20.843Z.txt,105,142,128,25,5,proposed,colordiffv2,proposed,colordiffv2,14787
8,userstudy_sid08_2025-12-25T03-38-20.843Z.txt,106,51,61,3,0,painttorch,diffusart,diffusart,painttorch,5807
8,userstudy_sid08_2025-12-25T03-38-20.843Z.txt,107,119,110,10,5,colordiffv2,proposed,colordiffv2,proposed,7819
8,userstudy_sid08_2025-12-25T03-38-20.843Z.txt,108,187,169,100,4,proposed,painttorch,painttorch,proposed,8597
8,userstudy_sid08_2025-12-25T03-38-20.843Z.txt,109,132,143,25,3,colordiffv2,painttorch,painttorch,colordiffv2,10465
8,userstudy_sid08_2025-12-25T03-38-20.843Z.txt,110,99,114,10,0,painttorch,diffusart,painttorch,diffusart,9111
8,userstudy_sid08_2025-12-25T03-38-20.843Z.txt,111,73,78,5,0,painttorch,diffusart,painttorch,diffusart,17173
8,userstudy_sid08_2025-12-25T03-38-20.843Z.txt,112,122,126,25,0,diffusart,painttorch,diffusart,painttorch,1794
8,userstudy_sid08_2025-12-25T03-38-20.843Z.txt,113,93,95,5,5,colordiffv2,proposed,colordiffv2,proposed,4548
8,userstudy_sid08_2025-12-25T03-38-20.843Z.txt,114,61,51,3,3,painttorch,colordiffv2,colordiffv2,painttorch,3516
8,userstudy_sid08_2025-12-25T03-38-20.843Z.txt,115,35,38,1,2,proposed,diffusart,proposed,diffusart,2172
8,userstudy_sid08_2025-12-25T03-38-20.843Z.txt,116,105,112,10,2,proposed,diffusart,proposed,diffusart,9318
8,userstudy_sid08_2025-12-25T03-38-20.843Z.txt,117,46,35,1,5,proposed,colordiffv2,colordiffv2,proposed,9203
8,userstudy_sid08_2025-12-25T03-38-20.843Z.txt,118,13,2,0,3,painttorch,colordiffv2,painttorch,colordiffv2,1635
8,userstudy_sid08_2025-12-25T03-38-20.843Z.txt,119,32,28,1,2,diffusart,proposed,diffusart,proposed,6283
8,userstudy_sid08_2025-12-25T03-38-20.843Z.txt,120,28,40,1,1,colordiffv2,diffusart,colordiffv2,diffusart,18755
8,userstudy_sid08_2025-12-25T03-38-20.843Z.txt,121,70,59,3,5,proposed,colordiffv2,proposed,colordiffv2,4089
8,userstudy_sid08_2025-12-25T03-38-20.843Z.txt,122,2,20,0,0,diffusart,painttorch,diffusart,painttorch,7006
8,userstudy_sid08_2025-12-25T03-38-20.843Z.txt,123,76,94,5,1,colordiffv2,diffusart,colordiffv2,diffusart,10485
8,userstudy_sid08_2025-12-25T03-38-20.843Z.txt,124,115,107,10,4,proposed,painttorch,proposed,painttorch,2285
8,userstudy_sid08_2025-12-25T03-38-20.843Z.txt,125,173,174,100,1,diffusart,colordiffv2,colordiffv2,diffusart,13765
8,userstudy_sid08_2025-12-25T03-38-20.843Z.txt,126,25,29,1,0,painttorch,diffusart,painttorch,diffusart,9804
8,userstudy_sid08_2025-12-25T03-38-20.843Z.txt,127,37,26,1,3,painttorch,colordiffv2,painttorch,colordiffv2,1711
8,userstudy_sid08_2025-12-25T03-38-20.843Z.txt,128,56,53,3,2,diffusart,proposed,proposed,diffusart,9120
8,userstudy_sid08_2025-12-25T03-38-20.843Z.txt,129,107,116,10,2,proposed,diffusart,proposed,diffusart,3167
8,userstudy_sid08_2025-12-25T03-38-20.843Z.txt,130,143,122,25,5,colordiffv2,proposed,proposed,colordiffv2,6462
8,userstudy_sid08_2025-12-25T03-38-20.843Z.txt,131,166,167,50,5,proposed,colordiffv2,proposed,colordiffv2,12295
8,userstudy_sid08_2025-12-25T03-38-20.843Z.txt,132,97,96,10,0,painttorch,diffusart,painttorch,diffusart,10191
8,userstudy_sid08_2025-12-25T03-38-20.843Z.txt,133,59,68,3,2,proposed,diffusart,proposed,diffusart,17370
8,userstudy_sid08_2025-12-25T03-38-20.843Z.txt,134,5,0,0,1,diffusart,colordiffv2,diffusart,colordiffv2,1156
8,userstudy_sid08_2025-12-25T03-38-20.843Z.txt,135,54,63,3,1,colordiffv2,diffusart,diffusart,colordiffv2,2928
8,userstudy_sid08_2025-12-25T03-38-20.843Z.txt,136,129,130,25,2,proposed,diffusart,diffusart,proposed,2832
8,userstudy_sid08_2025-12-25T03-38-20.843Z.txt,137,136,125,25,4,painttorch,proposed,proposed,painttorch,4637
8,userstudy_sid08_2025-12-25T03-38-20.843Z.txt,138,145,148,50,0,painttorch,diffusart,painttorch,diffusart,7525
8,userstudy_sid08_2025-12-25T03-38-20.843Z.txt,139,22,4,0,5,proposed,colordiffv2,proposed,colordiffv2,1003
8,userstudy_sid08_2025-12-25T03-38-20.843Z.txt,140,58,48,3,2,diffusart,proposed,diffusart,proposed,7550
8,userstudy_sid08_2025-12-25T03-38-20.843Z.txt,141,169,173,100,0,painttorch,diffusart,painttorch,diffusart,4052
8,userstudy_sid08_2025-12-25T03-38-20.843Z.txt,142,0,22,0,0,diffusart,painttorch,diffusart,painttorch,6130
8,userstudy_sid08_2025-12-25T03-38-20.843Z.txt,143,183,176,100,3,painttorch,colordiffv2,painttorch,colordiffv2,21901
8,userstudy_sid08_2025-12-25T03-38-20.843Z.txt,144,75,88,5,0,painttorch,diffusart,painttorch,diffusart,8241
8,userstudy_sid08_2025-12-25T03-38-20.843Z.txt,145,18,9,0,4,painttorch,proposed,painttorch,proposed,3131
8,userstudy_sid08_2025-12-25T03-38-20.843Z.txt,146,8,19,0,2,diffusart,proposed,diffusart,proposed,1535
8,userstudy_sid08_2025-12-25T03-38-20.843Z.txt,147,167,152,50,5,colordiffv2,proposed,colordiffv2,proposed,8195
8,userstudy_sid08_2025-12-25T03-38-20.843Z.txt,148,57,58,3,2,proposed,diffusart,diffusart,proposed,4112
8,userstudy_sid08_2025-12-25T03-38-20.843Z.txt,149,92,85,5,5,proposed,colordiffv2,colordiffv2,proposed,1838
8,userstudy_sid08_2025-12-25T03-38-20.843Z.txt,150,52,50,3,1,colordiffv2,diffusart,colordiffv2,diffusart,3978
8,userstudy_sid08_2025-12-25T03-38-20.843Z.txt,151,64,52,3,4,painttorch,proposed,proposed,painttorch,4211
8,userstudy_sid08_2025-12-25T03-38-20.843Z.txt,152,6,8,0,1,colordiffv2,diffusart,diffusart,colordiffv2,3811
8,userstudy_sid08_2025-12-25T03-38-20.843Z.txt,153,27,33,1,0,painttorch,diffusart,diffusart,painttorch,4535
8,userstudy_sid08_2025-12-25T03-38-20.843Z.txt,154,137,135,25,4,proposed,painttorch,proposed,painttorch,2236
8,userstudy_sid08_2025-12-25T03-38-20.843Z.txt,155,123,133,25,0,painttorch,diffusart,painttorch,diffusart,2199
8,userstudy_sid08_2025-12-25T03-38-20.843Z.txt,156,79,81,5,1,diffusart,colordiffv2,colordiffv2,diffusart,2212
8,userstudy_sid08_2025-12-25T03-38-20.843Z.txt,157,124,138,25,1,colordiffv2,diffusart,colordiffv2,diffusart,2655
8,userstudy_sid08_2025-12-25T03-38-20.843Z.txt,158,21,11,0,5,colordiffv2,proposed,proposed,colordiffv2,1742
8,userstudy_sid08_2025-12-25T03-38-20.843Z.txt,159,164,150,50,5,proposed,colordiffv2,colordiffv2,proposed,32494
8,userstudy_sid08_2025-12-25T03-38-20.843Z.txt,160,91,86,5,4,proposed,painttorch,proposed,painttorch,2400
8,userstudy_sid08_2025-12-25T03-38-20.843Z.txt,161,11,14,0,2,proposed,diffusart,diffusart,proposed,1785
8,userstudy_sid08_2025-12-25T03-38-20.843Z.txt,162,36,36,1,3,colordiffv2,painttorch,colordiffv2,painttorch,3696
8,userstudy_sid08_2025-12-25T03-38-20.843Z.txt,163,12,23,0,3,colordiffv2,painttorch,painttorch,colordiffv2,2133
8,userstudy_sid08_2025-12-25T03-38-20.843Z.txt,164,86,77,5,3,colordiffv2,painttorch,colordiffv2,painttorch,3920
8,userstudy_sid08_2025-12-25T03-38-20.843Z.txt,165,127,129,25,1,diffusart,colordiffv2,colordiffv2,diffusart,5869
8,userstudy_sid08_2025-12-25T03-38-20.843Z.txt,166,108,106,10,3,colordiffv2,painttorch,colordiffv2,painttorch,13688
8,userstudy_sid08_2025-12-25T03-38-20.843Z.txt,167,95,93,5,5,colordiffv2,proposed,colordiffv2,proposed,8856
8,userstudy_sid08_2025-12-25T03-38-20.843Z.txt,168,148,165,50,1,colordiffv2,diffusart,colordiffv2,diffusart,5361
8,userstudy_sid08_2025-12-25T03-38-20.843Z.txt,169,100,104,10,1,colordiffv2,diffusart,colordiffv2,diffusart,3905
8,userstudy_sid08_2025-12-25T03-38-20.843Z.txt,170,162,146,50,4,painttorch,proposed,painttorch,proposed,6689
8,userstudy_sid08_2025-12-25T03-38-20.843Z.txt,171,49,70,3,0,painttorch,diffusart,diffusart,painttorch,6978
8,userstudy_sid08_2025-12-25T03-38-20.843Z.txt,172,184,178,100,4,painttorch,proposed,proposed,painttorch,5315
8,userstudy_sid08_2025-12-25T03-38-20.843Z.txt,173,135,131,25,3,painttorch,colordiffv2,colordiffv2,painttorch,1540
8,userstudy_sid08_2025-12-25T03-38-20.843Z.txt,174,31,44,1,1,diffusart,colordiffv2,diffusart,colordiffv2,7181
8,userstudy_sid08_2025-12-25T03-38-20.843Z.txt,175,60,71,3,3,colordiffv2,painttorch,painttorch,colordiffv2,2938
8,userstudy_sid08_2025-12-25T03-38-20.843Z.txt,176,179,180,100,2,proposed,diffusart,proposed,diffusart,3486
8,userstudy_sid08_2025-12-25T03-38-20.843Z.txt,177,150,154,50,1,colordiffv2,diffusart,colordiffv2,diffusart,2362
8,userstudy_sid08_2025-12-25T03-38-20.843Z.txt,178,88,91,5,4,painttorch,proposed,proposed,painttorch,5304
8,userstudy_sid08_2025-12-25T03-38-20.843Z.txt,179,110,109,10,3,colordiffv2,painttorch,painttorch,colordiffv2,9915
8,userstudy_sid08_2025-12-25T03-38-20.843Z.txt,180,109,108,10,3,painttorch,colordiffv2,painttorch,colordiffv2,2989
8,userstudy_sid08_2025-12-25T03-38-20.843Z.txt,181,111,97,10,3,painttorch,colordiffv2,painttorch,colordiffv2,4701
8,userstudy_sid08_2025-12-25T03-38-20.843Z.txt,182,96,119,10,0,diffusart,painttorch,painttorch,diffusart,7772
8,userstudy_sid08_2025-12-25T03-38-20.843Z.txt,183,19,10,0,4,proposed,painttorch,painttorch,proposed,3098
8,userstudy_sid08_2025-12-25T03-38-20.843Z.txt,184,40,45,1,4,painttorch,proposed,proposed,painttorch,3127
8,userstudy_sid08_2025-12-25T03-38-20.843Z.txt,185,172,179,100,1,colordiffv2,diffusart,colordiffv2,diffusart,2934
8,userstudy_sid08_2025-12-25T03-38-20.843Z.txt,186,149,161,50,1,diffusart,colordiffv2,colordiffv2,diffusart,8839
8,userstudy_sid08_2025-12-25T03-38-20.843Z.txt,187,190,191,100,5,proposed,colordiffv2,proposed,colordiffv2,5453
8,userstudy_sid08_2025-12-25T03-38-20.843Z.txt,188,113,102,10,4,proposed,painttorch,proposed,painttorch,5635
8,userstudy_sid08_2025-12-25T03-38-20.843Z.txt,189,178,187,100,2,diffusart,proposed,proposed,diffusart,2485
8,userstudy_sid08_2025-12-25T03-38-20.843Z.txt,190,114,118,10,4,painttorch,proposed,proposed,painttorch,5994
8,userstudy_sid08_2025-12-25T03-38-20.843Z.txt,191,1,3,0,0,painttorch,diffusart,painttorch,diffusart,11668
9,userstudy_sid09_2025-12-25T04-07-17.319Z.txt,0,5,0,0,1,diffusart,colordiffv2,colordiffv2,diffusart,4121
9,userstudy_sid09_2025-12-25T04-07-17.319Z.txt,1,20,1,0,5,proposed,colordiffv2,colordiffv2,proposed,1614
9,userstudy_sid09_2025-12-25T04-07-17.319Z.txt,2,138,141,25,4,painttorch,proposed,proposed,painttorch,2163
9,userstudy_sid09_2025-12-25T04-07-17.319Z.txt,3,191,189,100,5,colordiffv2,proposed,colordiffv2,proposed,3716
9,userstudy_sid09_2025-12-25T04-07-17.319Z.txt,4,0,22,0,0,diffusart,painttorch,painttorch,diffusart,2370
9,userstudy_sid09_2025-12-25T04-07-17.319Z.txt,5,158,158,50,3,colordiffv2,painttorch,colordiffv2,painttorch,2126
9,userstudy_sid09_2025-12-25T04-07-17.319Z.txt,6,8,19,0,2,diffusart,proposed,proposed,diffusart,1633
9,userstudy_sid09_2025-12-25T04-07-17.319Z.txt,7,112,100,10,4,painttorch,proposed,proposed,painttorch,1614
9,userstudy_sid09_2025-12-25T04-07-17.319Z.txt,8,156,151,50,3,colordiffv2,painttorch,colordiffv2,painttorch,2515
9,userstudy_sid09_2025-12-25T04-07-17.319Z.txt,9,103,99,10,1,diffusart,colordiffv2,diffusart,colordiffv2,2404
9,userstudy_sid09_2025-12-25T04-07-17.319Z.txt,10,108,106,10,3,colordiffv2,painttorch,colordiffv2,painttorch,1807
9,userstudy_sid09_2025-12-25T04-07-17.319Z.txt,11,27,33,1,0,painttorch,diffusart,painttorch,diffusart,2052
9,userstudy_sid09_2025-12-25T04-07-17.319Z.txt,12,22,4,0,5,proposed,colordiffv2,colordiffv2,proposed,1441
9,userstudy_sid09_2025-12-25T04-07-17.319Z.txt,13,7,21,0,1,diffusart,colordiffv2,diffusart,colordiffv2,1738
9,userstudy_sid09_2025-12-25T04-07-17.319Z.txt,14,189,186,100,5,colordiffv2,proposed,colordiffv2,proposed,4974
9,userstudy_sid09_2025-12-25T04-07-17.319Z.txt,15,175,188,100,1,diffusart,colordiffv2,colordiffv2,diffusart,2626
9,userstudy_sid09_2025-12-25T04-07-17.319Z.txt,16,176,172,100,2,diffusart,proposed,proposed,diffusart,3508
9,userstudy_sid09_2025-12-25T04-07-17.319Z.txt,17,88,91,5,4,painttorch,proposed,proposed,painttorch,2114
9,userstudy_sid09_2025-12-25T04-07-17.319Z.txt,18,180,168,100,3,colordiffv2,painttorch,colordiffv2,painttorch,2103
9,userstudy_sid09_2025-12-25T04-07-17.319Z.txt,19,62,56,3,3,colordiffv2,painttorch,colordiffv2,painttorch,1486
9,userstudy_sid09_2025-12-25T04-07-17.319Z.txt,20,106,117,10,2,diffusart,proposed,diffusart,proposed,2281
9,userstudy_sid09_2025-12-25T04-07-17.319Z.txt,21,50,65,3,0,diffusart,painttorch,diffusart,painttorch,79
9,userstudy_sid09_2025-12-25T04-07-17.319Z.txt,22,78,90,5,1,colordiffv2,diffusart,colordiffv2,diffusart,2866
9,userstudy_sid09_2025-12-25T04-07-17.319Z.txt,23,13,2,0,3,painttorch,colordiffv2,colordiffv2,painttorch,1203
9,userstudy_sid09_2025-12-25T04-07-17.319Z.txt,24,111,97,10,3,painttorch,colordiffv2,colordiffv2,painttorch,2045
9,userstudy_sid09_2025-12-25T04-07-17.319Z.txt,25,4,17,0,1,colordiffv2,diffusart,colordiffv2,diffusart,1298
9,userstudy_sid09_2025-12-25T04-07-17.319Z.txt,26,94,73,5,5,proposed,colordiffv2,proposed,colordiffv2,2598
9,userstudy_sid09_2025-12-25T04-07-17.319Z.txt,27,82,82,5,2,diffusart,proposed,proposed,diffusart,3678
9,userstudy_sid09_2025-12-25T04-07-17.319Z.txt,28,172,179,100,1,colordiffv2,diffusart,colordiffv2,diffusart,2037
9,userstudy_sid09_2025-12-25T04-07-17.319Z.txt,29,81,74,5,2,proposed,diffusart,diffusart,proposed,2893
9,userstudy_sid09_2025-12-25T04-07-17.319Z.txt,30,178,187,100,2,diffusart,proposed,proposed,diffusart,2697
9,userstudy_sid09_2025-12-25T04-07-17.319Z.txt,31,164,150,50,5,proposed,colordiffv2,proposed,colordiffv2,3014
9,userstudy_sid09_2025-12-25T04-07-17.319Z.txt,32,76,94,5,1,colordiffv2,diffusart,colordiffv2,diffusart,2684
9,userstudy_sid09_2025-12-25T04-07-17.319Z.txt,33,53,66,3,1,diffusart,colordiffv2,diffusart,colordiffv2,3739
9,userstudy_sid09_2025-12-25T04-07-17.319Z.txt,34,144,162,50,0,diffusart,painttorch,diffusart,painttorch,2472
9,userstudy_sid09_2025-12-25T04-07-17.319Z.txt,35,110,109,10,3,colordiffv2,painttorch,colordiffv2,painttorch,1402
9,userstudy_sid09_2025-12-25T04-07-17.319Z.txt,36,97,96,10,0,painttorch,diffusart,diffusart,painttorch,5108
9,userstudy_sid09_2025-12-25T04-07-17.319Z.txt,37,179,180,100,2,proposed,diffusart,proposed,diffusart,1677
9,userstudy_sid09_2025-12-25T04-07-17.319Z.txt,38,15,18,0,3,painttorch,colordiffv2,colordiffv2,painttorch,1100
9,userstudy_sid09_2025-12-25T04-07-17.319Z.txt,39,121,127,25,0,painttorch,diffusart,diffusart,painttorch,1580
9,userstudy_sid09_2025-12-25T04-07-17.319Z.txt,40,91,86,5,4,proposed,painttorch,proposed,painttorch,1717
9,userstudy_sid09_2025-12-25T04-07-17.319Z.txt,41,1,3,0,0,painttorch,diffusart,painttorch,diffusart,2215
9,userstudy_sid09_2025-12-25T04-07-17.319Z.txt,42,173,174,100,1,diffusart,colordiffv2,colordiffv2,diffusart,3396
9,userstudy_sid09_2025-12-25T04-07-17.319Z.txt,43,77,72,5,1,diffusart,colordiffv2,diffusart,colordiffv2,2324
9,userstudy_sid09_2025-12-25T04-07-17.319Z.txt,44,32,28,1,2,diffusart,proposed,proposed,diffusart,2088
9,userstudy_sid09_2025-12-25T04-07-17.319Z.txt,45,154,147,50,2,diffusart,proposed,diffusart,proposed,2295
9,userstudy_sid09_2025-12-25T04-07-17.319Z.txt,46,148,165,50,1,colordiffv2,diffusart,diffusart,colordiffv2,3150
9,userstudy_sid09_2025-12-25T04-07-17.319Z.txt,47,48,60,3,0,diffusart,painttorch,painttorch,diffusart,1389
9,userstudy_sid09_2025-12-25T04-07-17.319Z.txt,48,159,156,50,3,painttorch,colordiffv2,painttorch,colordiffv2,3092
9,userstudy_sid09_2025-12-25T04-07-17.319Z.txt,49,25,29,1,0,painttorch,diffusart,painttorch,diffusart,3096
9,userstudy_sid09_2025-12-25T04-07-17.319Z.txt,50,118,115,10,5,proposed,colordiffv2,proposed,colordiffv2,3910
9,userstudy_sid09_2025-12-25T04-07-17.319Z.txt,51,24,37,1,0,diffusart,painttorch,diffusart,painttorch,1025
9,userstudy_sid09_2025-12-25T04-07-17.319Z.txt,52,186,175,100,4,painttorch,proposed,proposed,painttorch,3778
9,userstudy_sid09_2025-12-25T04-07-17.319Z.txt,53,30,30,1,1,colordiffv2,diffusart,diffusart,colordiffv2,2393
9,userstudy_sid09_2025-12-25T04-07-17.319Z.txt,54,54,63,3,1,colordiffv2,diffusart,colordiffv2,diffusart,4620
9,userstudy_sid09_2025-12-25T04-07-17.319Z.txt,55,18,9,0,4,painttorch,proposed,painttorch,proposed,760
9,userstudy_sid09_2025-12-25T04-07-17.319Z.txt,56,131,121,25,2,proposed,diffusart,proposed,diffusart,87
9,userstudy_sid09_2025-12-25T04-07-17.319Z.txt,57,128,139,25,2,diffusart,proposed,diffusart,proposed,2514
9,userstudy_sid09_2025-12-25T04-07-17.319Z.txt,58,2,20,0,0,diffusart,painttorch,diffusart,painttorch,1502
9,userstudy_sid09_2025-12-25T04-07-17.319Z.txt,59,59,68,3,2,proposed,diffusart,proposed,diffusart,1522
9,userstudy_sid09_2025-12-25T04-07-17.319Z.txt,60,117,111,10,5,colordiffv2,proposed,proposed,colordiffv2,2465
9,userstudy_sid09_2025-12-25T04-07-17.319Z.txt,61,37,26,1,3,painttorch,colordiffv2,painttorch,colordiffv2,2016
9,userstudy_sid09_2025-12-25T04-07-17.319Z.txt,62,96,119,10,0,diffusart,painttorch,diffusart,painttorch,1460
9,userstudy_sid09_2025-12-25T04-07-17.319Z.txt,63,87,76,5,3,painttorch,colordiffv2,colordiffv2,painttorch,2291
9,userstudy_sid09_2025-12-25T04-07-17.319Z.txt,64,184,178,100,4,painttorch,proposed,proposed,painttorch,1614
9,userstudy_sid09_2025-12-25T04-07-17.319Z.txt,65,10,13,0,2,diffusart,proposed,proposed,diffusart,768
9,userstudy_sid09_2025-12-25T04-07-17.319Z.txt,66,125,124,25,1,diffusart,colordiffv2,colordiffv2,diffusart,1782
9,userstudy_sid09_2025-12-25T04-07-17.319Z.txt,67,39,32,1,3,painttorch,colordiffv2,painttorch,colordiffv2,1706
9,userstudy_sid09_2025-12-25T04-07-17.319Z.txt,68,127,129,25,1,diffusart,colordiffv2,colordiffv2,diffusart,2770
9,userstudy_sid09_2025-12-25T04-07-17.319Z.txt,69,167,152,50,5,colordiffv2,proposed,proposed,colordiffv2,3254
9,userstudy_sid09_2025-12-25T04-07-17.319Z.txt,70,61,51,3,3,painttorch,colordiffv2,colordiffv2,painttorch,2218
9,userstudy_sid09_2025-12-25T04-07-17.319Z.txt,71,129,130,25,2,proposed,diffusart,proposed,diffusart,2959
9,userstudy_sid09_2025-12-25T04-07-17.319Z.txt,72,132,143,25,3,colordiffv2,painttorch,colordiffv2,painttorch,3084
9,userstudy_sid09_2025-12-25T04-07-17.319Z.txt,73,113,102,10,4,proposed,painttorch,proposed,painttorch,1262
9,userstudy_sid09_2025-12-25T04-07-17.319Z.txt,74,187,169,100,4,proposed,painttorch,proposed,painttorch,2070
9,userstudy_sid09_2025-12-25T04-07-17.319Z.txt,75,151,144,50,1,diffusart,colordiffv2,colordiffv2,diffusart,1821
9,userstudy_sid09_2025-12-25T04-07-17.319Z.txt,76,89,75,5,4,proposed,painttorch,proposed,painttorch,1910
9,userstudy_sid09_2025-12-25T04-07-17.319Z.txt,77,40,45,1,4,painttorch,proposed,painttorch,proposed,1375
9,userstudy_sid09_2025-12-25T04-07-17.319Z.txt,78,134,140,25,3,colordiffv2,painttorch,colordiffv2,painttorch,4362
9,userstudy_sid09_2025-12-25T04-07-17.319Z.txt,79,100,104,10,1,colordiffv2,diffusart,colordiffv2,diffusart,2449
9,userstudy_sid09_2025-12-25T04-07-17.319Z.txt,80,51,61,3,0,painttorch,diffusart,diffusart,painttorch,1779
9,userstudy_sid09_2025-12-25T04-07-17.319Z.txt,81,67,67,3,4,proposed,painttorch,proposed,painttorch,3477
9,userstudy_sid09_2025-12-25T04-07-17.319Z.txt,82,36,36,1,3,colordiffv2,painttorch,colordiffv2,painttorch,3085
9,userstudy_sid09_2025-12-25T04-07-17.319Z.txt,83,56,53,3,2,diffusart,proposed,proposed,diffusart,2563
9,userstudy_sid09_2025-12-25T04-07-17.319Z.txt,84,139,134,25,4,proposed,painttorch,painttorch,proposed,2235
9,userstudy_sid09_2025-12-25T04-07-17.319Z.txt,85,182,177,100,3,colordiffv2,painttorch,colordiffv2,painttorch,1782
9,userstudy_sid09_2025-12-25T04-07-17.319Z.txt,86,161,153,50,4,proposed,painttorch,proposed,painttorch,1892
9,userstudy_sid09_2025-12-25T04-07-17.319Z.txt,87,157,163,50,3,painttorch,colordiffv2,colordiffv2,painttorch,3571
9,userstudy_sid09_2025-12-25T04-07-17.319Z.txt,88,190,191,100,5,proposed,colordiffv2,proposed,colordiffv2,3694
9,userstudy_sid09_2025-12-25T04-07-17.319Z.txt,89,102,101,10,1,colordiffv2,diffusart,colordiffv2,diffusart,2637
9,userstudy_sid09_2025-12-25T04-07-17.319Z.txt,90,90,87,5,4,painttorch,proposed,proposed,painttorch,2382
9,userstudy_sid09_2025-12-25T04-07-17.319Z.txt,91,95,93,5,5,colordiffv2,proposed,colordiffv2,proposed,1198
9,userstudy_sid09_2025-12-25T04-07-17.319Z.txt,92,142,128,25,5,proposed,colordiffv2,proposed,colordiffv2,2241
9,userstudy_sid09_2025-12-25T04-07-17.319Z.txt,93,168,185,100,0,diffusart,painttorch,diffusart,painttorch,1851
9,userstudy_sid09_2025-12-25T04-07-17.319Z.txt,94,130,137,25,2,diffusart,proposed,diffusart,proposed,1285
9,userstudy_sid09_2025-12-25T04-07-17.319Z.txt,95,149,161,50,1,diffusart,colordiffv2,colordiffv2,diffusart,1901
9,userstudy_sid09_2025-12-25T04-07-17.319Z.txt,96,123,133,25,0,painttorch,diffusart,diffusart,painttorch,2542
9,userstudy_sid09_2025-12-25T04-07-17.319Z.txt,97,55,57,3,1,diffusart,colordiffv2,diffusart,colordiffv2,2023
9,userstudy_sid09_2025-12-25T04-07-17.319Z.txt,98,122,126,25,0,diffusart,painttorch,diffusart,painttorch,2435
9,userstudy_sid09_2025-12-25T04-07-17.319Z.txt,99,136,125,25,4,painttorch,proposed,proposed,painttorch,1720
9,userstudy_sid09_2025-12-25T04-07-17.319Z.txt,100,9,5,0,2,proposed,diffusart,diffusart,proposed,1638
9,userstudy_sid09_2025-12-25T04-07-17.319Z.txt,101,152,155,50,2,diffusart,proposed,proposed,diffusart,2567
9,userstudy_sid09_2025-12-25T04-07-17.319Z.txt,102,185,183,100,4,proposed,painttorch,proposed,painttorch,2032
9,userstudy_sid09_2025-12-25T04-07-17.319Z.txt,103,29,24,1,1,diffusart,colordiffv2,colordiffv2,diffusart,5233
9,userstudy_sid09_2025-12-25T04-07-17.319Z.txt,104,42,43,1,4,painttorch,proposed,proposed,painttorch,2766
9,userstudy_sid09_2025-12-25T04-07-17.319Z.txt,105,141,132,25,5,colordiffv2,proposed,colordiffv2,proposed,2370
9,userstudy_sid09_2025-12-25T04-07-17.319Z.txt,106,66,49,3,4,painttorch,proposed,proposed,painttorch,1419
9,userstudy_sid09_2025-12-25T04-07-17.319Z.txt,107,75,88,5,0,painttorch,diffusart,diffusart,painttorch,2791
9,userstudy_sid09_2025-12-25T04-07-17.319Z.txt,108,126,136,25,1,colordiffv2,diffusart,colordiffv2,diffusart,2469
9,userstudy_sid09_2025-12-25T04-07-17.319Z.txt,109,60,71,3,3,colordiffv2,painttorch,colordiffv2,painttorch,2902
9,userstudy_sid09_2025-12-25T04-07-17.319Z.txt,110,14,16,0,3,colordiffv2,painttorch,colordiffv2,painttorch,1567
9,userstudy_sid09_2025-12-25T04-07-17.319Z.txt,111,105,112,10,2,proposed,diffusart,proposed,diffusart,3977
9,userstudy_sid09_2025-12-25T04-07-17.319Z.txt,112,145,148,50,0,painttorch,diffusart,diffusart,painttorch,2236
9,userstudy_sid09_2025-12-25T04-07-17.319Z.txt,113,58,48,3,2,diffusart,proposed,diffusart,proposed,4020
9,userstudy_sid09_2025-12-25T04-07-17.319Z.txt,114,6,8,0,1,colordiffv2,diffusart,colordiffv2,diffusart,779
9,userstudy_sid09_2025-12-25T04-07-17.319Z.txt,115,137,135,25,4,proposed,painttorch,proposed,painttorch,2314
9,userstudy_sid09_2025-12-25T04-07-17.319Z.txt,116,119,110,10,5,colordiffv2,proposed,colordiffv2,proposed,6670
9,userstudy_sid09_2025-12-25T04-07-17.319Z.txt,117,79,81,5,1,diffusart,colordiffv2,diffusart,colordiffv2,1942
9,userstudy_sid09_2025-12-25T04-07-17.319Z.txt,118,83,84,5,2,proposed,diffusart,proposed,diffusart,2560
9,userstudy_sid09_2025-12-25T04-07-17.319Z.txt,119,41,25,1,4,proposed,painttorch,proposed,painttorch,1711
9,userstudy_sid09_2025-12-25T04-07-17.319Z.txt,120,171,181,100,0,painttorch,diffusart,painttorch,diffusart,3157
9,userstudy_sid09_2025-12-25T04-07-17.319Z.txt,121,71,55,3,5,colordiffv2,proposed,colordiffv2,proposed,1522
9,userstudy_sid09_2025-12-25T04-07-17.319Z.txt,122,52,50,3,1,colordiffv2,diffusart,colordiffv2,diffusart,1290
9,userstudy_sid09_2025-12-25T04-07-17.319Z.txt,123,33,47,1,2,proposed,diffusart,proposed,diffusart,1471
9,userstudy_sid09_2025-12-25T04-07-17.319Z.txt,124,143,122,25,5,colordiffv2,proposed,colordiffv2,proposed,2788
9,userstudy_sid09_2025-12-25T04-07-17.319Z.txt,125,109,108,10,3,painttorch,colordiffv2,painttorch,colordiffv2,2778
9,userstudy_sid09_2025-12-25T04-07-17.319Z.txt,126,46,35,1,5,proposed,colordiffv2,proposed,colordiffv2,4267
9,userstudy_sid09_2025-12-25T04-07-17.319Z.txt,127,104,105,10,2,diffusart,proposed,diffusart,proposed,2125
9,userstudy_sid09_2025-12-25T04-07-17.319Z.txt,128,160,164,50,4,painttorch,proposed,proposed,painttorch,2326
9,userstudy_sid09_2025-12-25T04-07-17.319Z.txt,129,73,78,5,0,painttorch,diffusart,painttorch,diffusart,3075
9,userstudy_sid09_2025-12-25T04-07-17.319Z.txt,130,23,7,0,5,colordiffv2,proposed,colordiffv2,proposed,803
9,userstudy_sid09_2025-12-25T04-07-17.319Z.txt,131,166,167,50,5,proposed,colordiffv2,proposed,colordiffv2,2619
9,userstudy_sid09_2025-12-25T04-07-17.319Z.txt,132,3,6,0,0,painttorch,diffusart,painttorch,diffusart,866
9,userstudy_sid09_2025-12-25T04-07-17.319Z.txt,133,38,46,1,3,colordiffv2,painttorch,painttorch,colordiffv2,2437
9,userstudy_sid09_2025-12-25T04-07-17.319Z.txt,134,165,149,50,5,colordiffv2,proposed,proposed,colordiffv2,2375
9,userstudy_sid09_2025-12-25T04-07-17.319Z.txt,135,101,103,10,1,diffusart,colordiffv2,diffusart,colordiffv2,2945
9,userstudy_sid09_2025-12-25T04-07-17.319Z.txt,136,188,182,100,5,proposed,colordiffv2,proposed,colordiffv2,2286
9,userstudy_sid09_2025-12-25T04-07-17.319Z.txt,137,12,23,0,3,colordiffv2,painttorch,colordiffv2,painttorch,682
9,userstudy_sid09_2025-12-25T04-07-17.319Z.txt,138,169,173,100,0,painttorch,diffusart,diffusart,painttorch,1976
9,userstudy_sid09_2025-12-25T04-07-17.319Z.txt,139,64,52,3,4,painttorch,proposed,painttorch,proposed,1287
9,userstudy_sid09_2025-12-25T04-07-17.319Z.txt,140,147,166,50,0,painttorch,diffusart,painttorch,diffusart,1857
9,userstudy_sid09_2025-12-25T04-07-17.319Z.txt,141,93,95,5,5,colordiffv2,proposed,proposed,colordiffv2,4567
9,userstudy_sid09_2025-12-25T04-07-17.319Z.txt,142,70,59,3,5,proposed,colordiffv2,proposed,colordiffv2,2619
9,userstudy_sid09_2025-12-25T04-07-17.319Z.txt,143,170,171,100,0,diffusart,painttorch,diffusart,painttorch,1229
9,userstudy_sid09_2025-12-25T04-07-17.319Z.txt,144,45,34,1,5,colordiffv2,proposed,colordiffv2,proposed,881
9,userstudy_sid09_2025-12-25T04-07-17.319Z.txt,145,116,98,10,5,proposed,colordiffv2,proposed,colordiffv2,1555
9,userstudy_sid09_2025-12-25T04-07-17.319Z.txt,146,155,160,50,2,proposed,diffusart,proposed,diffusart,1962
9,userstudy_sid09_2025-12-25T04-07-17.319Z.txt,147,146,159,50,0,diffusart,painttorch,diffusart,painttorch,1902
9,userstudy_sid09_2025-12-25T04-07-17.319Z.txt,148,68,69,3,5,proposed,colordiffv2,proposed,colordiffv2,1717
9,userstudy_sid09_2025-12-25T04-07-17.319Z.txt,149,120,120,25,0,diffusart,painttorch,diffusart,painttorch,1964
9,userstudy_sid09_2025-12-25T04-07-17.319Z.txt,150,85,83,5,3,painttorch,colordiffv2,painttorch,colordiffv2,3357
9,userstudy_sid09_2025-12-25T04-07-17.319Z.txt,151,86,77,5,3,colordiffv2,painttorch,colordiffv2,painttorch,1909
9,userstudy_sid09_2025-12-25T04-07-17.319Z.txt,152,92,85,5,5,proposed,colordiffv2,colordiffv2,proposed,1852
9,userstudy_sid09_2025-12-25T04-07-17.319Z.txt,153,114,118,10,4,painttorch,proposed,proposed,painttorch,3696
9,userstudy_sid09_2025-12-25T04-07-17.319Z.txt,154,26,41,1,0,diffusart,painttorch,painttorch,diffusart,1885
9,userstudy_sid09_2025-12-25T04-07-17.319Z.txt,155,133,123,25,3,painttorch,colordiffv2,colordiffv2,painttorch,1085
9,userstudy_sid09_2025-12-25T04-07-17.319Z.txt,156,99,114,10,0,painttorch,diffusart,painttorch,diffusart,2066
9,userstudy_sid09_2025-12-25T04-07-17.319Z.txt,157,153,157,50,2,proposed,diffusart,proposed,diffusart,1809
9,userstudy_sid09_2025-12-25T04-07-17.319Z.txt,158,17,15,0,4,proposed,painttorch,proposed,painttorch,1305
9,userstudy_sid09_2025-12-25T04-07-17.319Z.txt,159,183,176,100,3,painttorch,colordiffv2,colordiffv2,painttorch,1358
9,userstudy_sid09_2025-12-25T04-07-17.319Z.txt,160,72,89,5,0,diffusart,painttorch,painttorch,diffusart,1549
9,userstudy_sid09_2025-12-25T04-07-17.319Z.txt,161,150,154,50,1,colordiffv2,diffusart,colordiffv2,diffusart,2679
9,userstudy_sid09_2025-12-25T04-07-17.319Z.txt,162,162,146,50,4,painttorch,proposed,proposed,painttorch,1425
9,userstudy_sid09_2025-12-25T04-07-17.319Z.txt,163,65,54,3,4,proposed,painttorch,proposed,painttorch,1246
9,userstudy_sid09_2025-12-25T04-07-17.319Z.txt,164,16,12,0,4,painttorch,proposed,painttorch,proposed,1600
9,userstudy_sid09_2025-12-25T04-07-17.319Z.txt,165,21,11,0,5,colordiffv2,proposed,colordiffv2,proposed,716
9,userstudy_sid09_2025-12-25T04-07-17.319Z.txt,166,31,44,1,1,diffusart,colordiffv2,colordiffv2,diffusart,3857
9,userstudy_sid09_2025-12-25T04-07-17.319Z.txt,167,63,64,3,3,painttorch,colordiffv2,painttorch,colordiffv2,1583
9,userstudy_sid09_2025-12-25T04-07-17.319Z.txt,168,181,170,100,3,painttorch,colordiffv2,painttorch,colordiffv2,868
9,userstudy_sid09_2025-12-25T04-07-17.319Z.txt,169,115,107,10,4,proposed,painttorch,proposed,painttorch,2476
9,userstudy_sid09_2025-12-25T04-07-17.319Z.txt,170,174,190,100,1,colordiffv2,diffusart,colordiffv2,diffusart,1344
9,userstudy_sid09_2025-12-25T04-07-17.319Z.txt,171,49,70,3,0,painttorch,diffusart,painttorch,diffusart,1994
9,userstudy_sid09_2025-12-25T04-07-17.319Z.txt,172,74,92,5,0,diffusart,painttorch,painttorch,diffusart,1764
9,userstudy_sid09_2025-12-25T04-07-17.319Z.txt,173,69,62,3,5,colordiffv2,proposed,colordiffv2,proposed,1893
9,userstudy_sid09_2025-12-25T04-07-17.319Z.txt,174,163,145,50,4,proposed,painttorch,proposed,painttorch,1605
9,userstudy_sid09_2025-12-25T04-07-17.319Z.txt,175,28,40,1,1,colordiffv2,diffusart,colordiffv2,diffusart,1250
9,userstudy_sid09_2025-12-25T04-07-17.319Z.txt,176,43,31,1,4,proposed,painttorch,proposed,painttorch,1638
9,userstudy_sid09_2025-12-25T04-07-17.319Z.txt,177,177,184,100,2,proposed,diffusart,proposed,diffusart,1619
9,userstudy_sid09_2025-12-25T04-07-17.319Z.txt,178,11,14,0,2,proposed,diffusart,proposed,diffusart,815
9,userstudy_sid09_2025-12-25T04-07-17.319Z.txt,179,44,39,1,5,proposed,colordiffv2,colordiffv2,proposed,2342
9,userstudy_sid09_2025-12-25T04-07-17.319Z.txt,180,135,131,25,3,painttorch,colordiffv2,colordiffv2,painttorch,1304
9,userstudy_sid09_2025-12-25T04-07-17.319Z.txt,181,124,138,25,1,colordiffv2,diffusart,colordiffv2,diffusart,2031
9,userstudy_sid09_2025-12-25T04-07-17.319Z.txt,182,57,58,3,2,proposed,diffusart,proposed,diffusart,1739
9,userstudy_sid09_2025-12-25T04-07-17.319Z.txt,183,84,79,5,3,colordiffv2,painttorch,colordiffv2,painttorch,1565
9,userstudy_sid09_2025-12-25T04-07-17.319Z.txt,184,34,27,1,2,diffusart,proposed,proposed,diffusart,1704
9,userstudy_sid09_2025-12-25T04-07-17.319Z.txt,185,107,116,10,2,proposed,diffusart,proposed,diffusart,1331
9,userstudy_sid09_2025-12-25T04-07-17.319Z.txt,186,19,10,0,4,proposed,painttorch,painttorch,proposed,2412
9,userstudy_sid09_2025-12-25T04-07-17.319Z.txt,187,35,38,1,2,proposed,diffusart,proposed,diffusart,2047
9,userstudy_sid09_2025-12-25T04-07-17.319Z.txt,188,98,113,10,0,diffusart,painttorch,diffusart,painttorch,959
9,userstudy_sid09_2025-12-25T04-07-17.319Z.txt,189,140,142,25,5,proposed,colordiffv2,proposed,colordiffv2,1831
9,userstudy_sid09_2025-12-25T04-07-17.319Z.txt,190,80,80,5,2,diffusart,proposed,proposed,diffusart,3386
9,userstudy_sid09_2025-12-25T04-07-17.319Z.txt,191,47,42,1,5,colordiffv2,proposed,colordiffv2,proposed,1711
10,userstudy_sid10_2025-12-25T04-26-37.997Z.txt,0,22,4,0,5,proposed,colordiffv2,proposed,colordiffv2,2955
10,userstudy_sid10_2025-12-25T04-26-37.997Z.txt,1,10,13,0,2,diffusart,proposed,diffusart,proposed,3046
10,userstudy_sid10_2025-12-25T04-26-37.997Z.txt,2,169,173,100,0,painttorch,diffusart,diffusart,painttorch,3684
10,userstudy_sid10_2025-12-25T04-26-37.997Z.txt,3,166,167,50,5,proposed,colordiffv2,proposed,colordiffv2,4210
10,userstudy_sid10_2025-12-25T04-26-37.997Z.txt,4,8,19,0,2,diffusart,proposed,diffusart,proposed,2935
10,userstudy_sid10_2025-12-25T04-26-37.997Z.txt,5,99,114,10,0,painttorch,diffusart,diffusart,painttorch,2886
10,userstudy_sid10_2025-12-25T04-26-37.997Z.txt,6,182,177,100,3,colordiffv2,painttorch,colordiffv2,painttorch,2531
10,userstudy_sid10_2025-12-25T04-26-37.997Z.txt,7,64,52,3,4,painttorch,proposed,painttorch,proposed,2733
10,userstudy_sid10_2025-12-25T04-26-37.997Z.txt,8,61,51,3,3,painttorch,colordiffv2,painttorch,colordiffv2,3253
10,userstudy_sid10_2025-12-25T04-26-37.997Z.txt,9,132,143,25,3,colordiffv2,painttorch,colordiffv2,painttorch,3740
10,userstudy_sid10_2025-12-25T04-26-37.997Z.txt,10,77,72,5,1,diffusart,colordiffv2,colordiffv2,diffusart,5389
10,userstudy_sid10_2025-12-25T04-26-37.997Z.txt,11,19,10,0,4,proposed,painttorch,proposed,painttorch,3808
10,userstudy_sid10_2025-12-25T04-26-37.997Z.txt,12,118,115,10,5,proposed,colordiffv2,colordiffv2,proposed,2925
10,userstudy_sid10_2025-12-25T04-26-37.997Z.txt,13,187,169,100,4,proposed,painttorch,proposed,painttorch,3054
10,userstudy_sid10_2025-12-25T04-26-37.997Z.txt,14,170,171,100,0,diffusart,painttorch,diffusart,painttorch,2147
10,userstudy_sid10_2025-12-25T04-26-37.997Z.txt,15,56,53,3,2,diffusart,proposed,diffusart,proposed,3474
10,userstudy_sid10_2025-12-25T04-26-37.997Z.txt,16,20,1,0,5,proposed,colordiffv2,proposed,colordiffv2,2350
10,userstudy_sid10_2025-12-25T04-26-37.997Z.txt,17,164,150,50,5,proposed,colordiffv2,colordiffv2,proposed,4489
10,userstudy_sid10_2025-12-25T04-26-37.997Z.txt,18,126,136,25,1,colordiffv2,diffusart,colordiffv2,diffusart,3139
10,userstudy_sid10_2025-12-25T04-26-37.997Z.txt,19,42,43,1,4,painttorch,proposed,proposed,painttorch,2456
10,userstudy_sid10_2025-12-25T04-26-37.997Z.txt,20,39,32,1,3,painttorch,colordiffv2,colordiffv2,painttorch,2838
10,userstudy_sid10_2025-12-25T04-26-37.997Z.txt,21,147,166,50,0,painttorch,diffusart,diffusart,painttorch,2350
10,userstudy_sid10_2025-12-25T04-26-37.997Z.txt,22,57,58,3,2,proposed,diffusart,proposed,diffusart,2917
10,userstudy_sid10_2025-12-25T04-26-37.997Z.txt,23,66,49,3,4,painttorch,proposed,proposed,painttorch,3161
10,userstudy_sid10_2025-12-25T04-26-37.997Z.txt,24,167,152,50,5,colordiffv2,proposed,proposed,colordiffv2,5654
10,userstudy_sid10_2025-12-25T04-26-37.997Z.txt,25,163,145,50,4,proposed,painttorch,proposed,painttorch,2334
10,userstudy_sid10_2025-12-25T04-26-37.997Z.txt,26,133,123,25,3,painttorch,colordiffv2,colordiffv2,painttorch,3311
10,userstudy_sid10_2025-12-25T04-26-37.997Z.txt,27,44,39,1,5,proposed,colordiffv2,colordiffv2,proposed,5133
10,userstudy_sid10_2025-12-25T04-26-37.997Z.txt,28,175,188,100,1,diffusart,colordiffv2,colordiffv2,diffusart,4096
10,userstudy_sid10_2025-12-25T04-26-37.997Z.txt,29,93,95,5,5,colordiffv2,proposed,proposed,colordiffv2,4692
10,userstudy_sid10_2025-12-25T04-26-37.997Z.txt,30,94,73,5,5,proposed,colordiffv2,proposed,colordiffv2,5072
10,userstudy_sid10_2025-12-25T04-26-37.997Z.txt,31,108,106,10,3,colordiffv2,painttorch,colordiffv2,painttorch,2918
10,userstudy_sid10_2025-12-25T04-26-37.997Z.txt,32,27,33,1,0,painttorch,diffusart,painttorch,diffusart,2205
10,userstudy_sid10_2025-12-25T04-26-37.997Z.txt,33,158,158,50,3,colordiffv2,painttorch,colordiffv2,painttorch,1944
10,userstudy_sid10_2025-12-25T04-26-37.997Z.txt,34,4,17,0,1,colordiffv2,diffusart,diffusart,colordiffv2,1889
10,userstudy_sid10_2025-12-25T04-26-37.997Z.txt,35,53,66,3,1,diffusart,colordiffv2,colordiffv2,diffusart,3599
10,userstudy_sid10_2025-12-25T04-26-37.997Z.txt,36,70,59,3,5,proposed,colordiffv2,proposed,colordiffv2,3723
10,userstudy_sid10_2025-12-25T04-26-37.997Z.txt,37,161,153,50,4,proposed,painttorch,proposed,painttorch,1988
10,userstudy_sid10_2025-12-25T04-26-37.997Z.txt,38,122,126,25,0,diffusart,painttorch,diffusart,painttorch,2025
10,userstudy_sid10_2025-12-25T04-26-37.997Z.txt,39,116,98,10,5,proposed,colordiffv2,colordiffv2,proposed,4525
10,userstudy_sid10_2025-12-25T04-26-37.997Z.txt,40,121,127,25,0,painttorch,diffusart,diffusart,painttorch,2586
10,userstudy_sid10_2025-12-25T04-26-37.997Z.txt,41,153,157,50,2,proposed,diffusart,proposed,diffusart,5307
10,userstudy_sid10_2025-12-25T04-26-37.997Z.txt,42,6,8,0,1,colordiffv2,diffusart,diffusart,colordiffv2,2404
10,userstudy_sid10_2025-12-25T04-26-37.997Z.txt,43,102,101,10,1,colordiffv2,diffusart,colordiffv2,diffusart,3477
10,userstudy_sid10_2025-12-25T04-26-37.997Z.txt,44,15,18,0,3,painttorch,colordiffv2,painttorch,colordiffv2,1599
10,userstudy_sid10_2025-12-25T04-26-37.997Z.txt,45,40,45,1,4,painttorch,proposed,proposed,painttorch,3446
10,userstudy_sid10_2025-12-25T04-26-37.997Z.txt,46,36,36,1,3,colordiffv2,painttorch,painttorch,colordiffv2,5241
10,userstudy_sid10_2025-12-25T04-26-37.997Z.txt,47,82,82,5,2,diffusart,proposed,diffusart,proposed,5640
10,userstudy_sid10_2025-12-25T04-26-37.997Z.txt,48,100,104,10,1,colordiffv2,diffusart,colordiffv2,diffusart,2706
10,userstudy_sid10_2025-12-25T04-26-37.997Z.txt,49,112,100,10,4,painttorch,proposed,proposed,painttorch,2919
10,userstudy_sid10_2025-12-25T04-26-37.997Z.txt,50,91,86,5,4,proposed,painttorch,proposed,painttorch,5300
10,userstudy_sid10_2025-12-25T04-26-37.997Z.txt,51,97,96,10,0,painttorch,diffusart,diffusart,painttorch,3909
10,userstudy_sid10_2025-12-25T04-26-37.997Z.txt,52,136,125,25,4,painttorch,proposed,proposed,painttorch,3626
10,userstudy_sid10_2025-12-25T04-26-37.997Z.txt,53,24,37,1,0,diffusart,painttorch,diffusart,painttorch,4068
10,userstudy_sid10_2025-12-25T04-26-37.997Z.txt,54,29,24,1,1,diffusart,colordiffv2,diffusart,colordiffv2,6069
10,userstudy_sid10_2025-12-25T04-26-37.997Z.txt,55,186,175,100,4,painttorch,proposed,proposed,painttorch,6105
10,userstudy_sid10_2025-12-25T04-26-37.997Z.txt,56,84,79,5,3,colordiffv2,painttorch,colordiffv2,painttorch,4473
10,userstudy_sid10_2025-12-25T04-26-37.997Z.txt,57,105,112,10,2,proposed,diffusart,diffusart,proposed,7183
10,userstudy_sid10_2025-12-25T04-26-37.997Z.txt,58,171,181,100,0,painttorch,diffusart,painttorch,diffusart,4184
10,userstudy_sid10_2025-12-25T04-26-37.997Z.txt,59,1,3,0,0,painttorch,diffusart,painttorch,diffusart,6955
10,userstudy_sid10_2025-12-25T04-26-37.997Z.txt,60,32,28,1,2,diffusart,proposed,proposed,diffusart,4923
10,userstudy_sid10_2025-12-25T04-26-37.997Z.txt,61,151,144,50,1,diffusart,colordiffv2,diffusart,colordiffv2,2799
10,userstudy_sid10_2025-12-25T04-26-37.997Z.txt,62,81,74,5,2,proposed,diffusart,diffusart,proposed,3507
10,userstudy_sid10_2025-12-25T04-26-37.997Z.txt,63,137,135,25,4,proposed,painttorch,proposed,painttorch,3522
10,userstudy_sid10_2025-12-25T04-26-37.997Z.txt,64,185,183,100,4,proposed,painttorch,proposed,painttorch,3761
10,userstudy_sid10_2025-12-25T04-26-37.997Z.txt,65,11,14,0,2,proposed,diffusart,diffusart,proposed,3436
10,userstudy_sid10_2025-12-25T04-26-37.997Z.txt,66,52,50,3,1,colordiffv2,diffusart,colordiffv2,diffusart,5030
10,userstudy_sid10_2025-12-25T04-26-37.997Z.txt,67,123,133,25,0,painttorch,diffusart,diffusart,painttorch,4592
10,userstudy_sid10_2025-12-25T04-26-37.997Z.txt,68,162,146,50,4,painttorch,proposed,proposed,painttorch,2639
10,userstudy_sid10_2025-12-25T04-26-37.997Z.txt,69,2,20,0,0,diffusart,painttorch,diffusart,painttorch,2452
10,userstudy_sid10_2025-12-25T04-26-37.997Z.txt,70,173,174,100,1,diffusart,colordiffv2,diffusart,colordiffv2,2637
10,userstudy_sid10_2025-12-25T04-26-37.997Z.txt,71,189,186,100,5,colordiffv2,proposed,proposed,colordiffv2,4585
10,userstudy_sid10_2025-12-25T04-26-37.997Z.txt,72,28,40,1,1,colordiffv2,diffusart,colordiffv2,diffusart,2501
10,userstudy_sid10_2025-12-25T04-26-37.997Z.txt,73,181,170,100,3,painttorch,colordiffv2,colordiffv2,painttorch,3197
10,userstudy_sid10_2025-12-25T04-26-37.997Z.txt,74,114,118,10,4,painttorch,proposed,proposed,painttorch,3247
10,userstudy_sid10_2025-12-25T04-26-37.997Z.txt,75,50,65,3,0,diffusart,painttorch,diffusart,painttorch,2264
10,userstudy_sid10_2025-12-25T04-26-37.997Z.txt,76,30,30,1,1,colordiffv2,diffusart,colordiffv2,diffusart,3426
10,userstudy_sid10_2025-12-25T04-26-37.997Z.txt,77,88,91,5,4,painttorch,proposed,proposed,painttorch,3644
10,userstudy_sid10_2025-12-25T04-26-37.997Z.txt,78,179,180,100,2,proposed,diffusart,proposed,diffusart,2649
10,userstudy_sid10_2025-12-25T04-26-37.997Z.txt,79,14,16,0,3,colordiffv2,painttorch,painttorch,colordiffv2,1900
10,userstudy_sid10_2025-12-25T04-26-37.997Z.txt,80,188,182,100,5,proposed,colordiffv2,proposed,colordiffv2,4469
10,userstudy_sid10_2025-12-25T04-26-37.997Z.txt,81,12,23,0,3,colordiffv2,painttorch,painttorch,colordiffv2,2170
10,userstudy_sid10_2025-12-25T04-26-37.997Z.txt,82,159,156,50,3,painttorch,colordiffv2,colordiffv2,painttorch,2211
10,userstudy_sid10_2025-12-25T04-26-37.997Z.txt,83,75,88,5,0,painttorch,diffusart,diffusart,painttorch,2513
10,userstudy_sid10_2025-12-25T04-26-37.997Z.txt,84,143,122,25,5,colordiffv2,proposed,proposed,colordiffv2,4032
10,userstudy_sid10_2025-12-25T04-26-37.997Z.txt,85,145,148,50,0,painttorch,diffusart,diffusart,painttorch,3112
10,userstudy_sid10_2025-12-25T04-26-37.997Z.txt,86,89,75,5,4,proposed,painttorch,proposed,painttorch,2841
10,userstudy_sid10_2025-12-25T04-26-37.997Z.txt,87,46,35,1,5,proposed,colordiffv2,proposed,colordiffv2,5404
10,userstudy_sid10_2025-12-25T04-26-37.997Z.txt,88,107,116,10,2,proposed,diffusart,proposed,diffusart,4248
10,userstudy_sid10_2025-12-25T04-26-37.997Z.txt,89,183,176,100,3,painttorch,colordiffv2,colordiffv2,painttorch,2917
10,userstudy_sid10_2025-12-25T04-26-37.997Z.txt,90,90,87,5,4,painttorch,proposed,proposed,painttorch,2785
10,userstudy_sid10_2025-12-25T04-26-37.997Z.txt,91,41,25,1,4,proposed,painttorch,proposed,painttorch,2169
10,userstudy_sid10_2025-12-25T04-26-37.997Z.txt,92,150,154,50,1,colordiffv2,diffusart,colordiffv2,diffusart,6629
10,userstudy_sid10_2025-12-25T04-26-37.997Z.txt,93,31,44,1,1,diffusart,colordiffv2,colordiffv2,diffusart,5951
10,userstudy_sid10_2025-12-25T04-26-37.997Z.txt,94,17,15,0,4,proposed,painttorch,proposed,painttorch,3393
10,userstudy_sid10_2025-12-25T04-26-37.997Z.txt,95,131,121,25,2,proposed,diffusart,proposed,diffusart,3029
10,userstudy_sid10_2025-12-25T04-26-37.997Z.txt,96,48,60,3,0,diffusart,painttorch,diffusart,painttorch,7902
10,userstudy_sid10_2025-12-25T04-26-37.997Z.txt,97,55,57,3,1,diffusart,colordiffv2,diffusart,colordiffv2,2420
10,userstudy_sid10_2025-12-25T04-26-37.997Z.txt,98,184,178,100,4,painttorch,proposed,proposed,painttorch,2656
10,userstudy_sid10_2025-12-25T04-26-37.997Z.txt,99,154,147,50,2,diffusart,proposed,proposed,diffusart,4492
10,userstudy_sid10_2025-12-25T04-26-37.997Z.txt,100,144,162,50,0,diffusart,painttorch,diffusart,painttorch,4451
10,userstudy_sid10_2025-12-25T04-26-37.997Z.txt,101,86,77,5,3,colordiffv2,painttorch,colordiffv2,painttorch,3676
10,userstudy_sid10_2025-12-25T04-26-37.997Z.txt,102,45,34,1,5,colordiffv2,proposed,colordiffv2,proposed,3284
10,userstudy_sid10_2025-12-25T04-26-37.997Z.txt,103,21,11,0,5,colordiffv2,proposed,proposed,colordiffv2,2522
10,userstudy_sid10_2025-12-25T04-26-37.997Z.txt,104,146,159,50,0,diffusart,painttorch,diffusart,painttorch,7230
10,userstudy_sid10_2025-12-25T04-26-37.997Z.txt,105,141,132,25,5,colordiffv2,proposed,colordiffv2,proposed,3051
10,userstudy_sid10_2025-12-25T04-26-37.997Z.txt,106,25,29,1,0,painttorch,diffusart,painttorch,diffusart,4566
10,userstudy_sid10_2025-12-25T04-26-37.997Z.txt,107,80,80,5,2,diffusart,proposed,diffusart,proposed,4566
10,userstudy_sid10_2025-12-25T04-26-37.997Z.txt,108,148,165,50,1,colordiffv2,diffusart,colordiffv2,diffusart,3147
10,userstudy_sid10_2025-12-25T04-26-37.997Z.txt,109,85,83,5,3,painttorch,colordiffv2,colordiffv2,painttorch,5682
10,userstudy_sid10_2025-12-25T04-26-37.997Z.txt,110,152,155,50,2,diffusart,proposed,proposed,diffusart,5378
10,userstudy_sid10_2025-12-25T04-26-37.997Z.txt,111,69,62,3,5,colordiffv2,proposed,proposed,colordiffv2,6966
10,userstudy_sid10_2025-12-25T04-26-37.997Z.txt,112,190,191,100,5,proposed,colordiffv2,proposed,colordiffv2,5144
10,userstudy_sid10_2025-12-25T04-26-37.997Z.txt,113,191,189,100,5,colordiffv2,proposed,colordiffv2,proposed,6690
10,userstudy_sid10_2025-12-25T04-26-37.997Z.txt,114,51,61,3,0,painttorch,diffusart,diffusart,painttorch,2880
10,userstudy_sid10_2025-12-25T04-26-37.997Z.txt,115,177,184,100,2,proposed,diffusart,proposed,diffusart,5668
10,userstudy_sid10_2025-12-25T04-26-37.997Z.txt,116,34,27,1,2,diffusart,proposed,proposed,diffusart,5101
10,userstudy_sid10_2025-12-25T04-26-37.997Z.txt,117,125,124,25,1,diffusart,colordiffv2,diffusart,colordiffv2,2811
10,userstudy_sid10_2025-12-25T04-26-37.997Z.txt,118,128,139,25,2,diffusart,proposed,proposed,diffusart,4805
10,userstudy_sid10_2025-12-25T04-26-37.997Z.txt,119,87,76,5,3,painttorch,colordiffv2,painttorch,colordiffv2,5205
10,userstudy_sid10_2025-12-25T04-26-37.997Z.txt,120,129,130,25,2,proposed,diffusart,proposed,diffusart,5855
10,userstudy_sid10_2025-12-25T04-26-37.997Z.txt,121,109,108,10,3,painttorch,colordiffv2,painttorch,colordiffv2,10078
10,userstudy_sid10_2025-12-25T04-26-37.997Z.txt,122,13,2,0,3,painttorch,colordiffv2,painttorch,colordiffv2,1570
10,userstudy_sid10_2025-12-25T04-26-37.997Z.txt,123,73,78,5,0,painttorch,diffusart,diffusart,painttorch,3861
10,userstudy_sid10_2025-12-25T04-26-37.997Z.txt,124,95,93,5,5,colordiffv2,proposed,proposed,colordiffv2,4346
10,userstudy_sid10_2025-12-25T04-26-37.997Z.txt,125,142,128,25,5,proposed,colordiffv2,colordiffv2,proposed,6421
10,userstudy_sid10_2025-12-25T04-26-37.997Z.txt,126,113,102,10,4,proposed,painttorch,proposed,painttorch,3079
10,userstudy_sid10_2025-12-25T04-26-37.997Z.txt,127,47,42,1,5,colordiffv2,proposed,colordiffv2,proposed,4323
10,userstudy_sid10_2025-12-25T04-26-37.997Z.txt,128,174,190,100,1,colordiffv2,diffusart,colordiffv2,diffusart,6740
10,userstudy_sid10_2025-12-25T04-26-37.997Z.txt,129,138,141,25,4,painttorch,proposed,proposed,painttorch,2899
10,userstudy_sid10_2025-12-25T04-26-37.997Z.txt,130,65,54,3,4,proposed,painttorch,proposed,painttorch,4166
10,userstudy_sid10_2025-12-25T04-26-37.997Z.txt,131,35,38,1,2,proposed,diffusart,proposed,diffusart,4084
10,userstudy_sid10_2025-12-25T04-26-37.997Z.txt,132,120,120,25,0,diffusart,painttorch,diffusart,painttorch,1688
10,userstudy_sid10_2025-12-25T04-26-37.997Z.txt,133,117,111,10,5,colordiffv2,proposed,colordiffv2,proposed,3591
10,userstudy_sid10_2025-12-25T04-26-37.997Z.txt,134,155,160,50,2,proposed,diffusart,proposed,diffusart,2521
10,userstudy_sid10_2025-12-25T04-26-37.997Z.txt,135,58,48,3,2,diffusart,proposed,diffusart,proposed,4487
10,userstudy_sid10_2025-12-25T04-26-37.997Z.txt,136,180,168,100,3,colordiffv2,painttorch,colordiffv2,painttorch,3226
10,userstudy_sid10_2025-12-25T04-26-37.997Z.txt,137,78,90,5,1,colordiffv2,diffusart,colordiffv2,diffusart,3494
10,userstudy_sid10_2025-12-25T04-26-37.997Z.txt,138,68,69,3,5,proposed,colordiffv2,colordiffv2,proposed,4139
10,userstudy_sid10_2025-12-25T04-26-37.997Z.txt,139,49,70,3,0,painttorch,diffusart,diffusart,painttorch,4558
10,userstudy_sid10_2025-12-25T04-26-37.997Z.txt,140,59,68,3,2,proposed,diffusart,diffusart,proposed,4297
10,userstudy_sid10_2025-12-25T04-26-37.997Z.txt,141,74,92,5,0,diffusart,painttorch,painttorch,diffusart,8842
10,userstudy_sid10_2025-12-25T04-26-37.997Z.txt,142,7,21,0,1,diffusart,colordiffv2,diffusart,colordiffv2,1610
10,userstudy_sid10_2025-12-25T04-26-37.997Z.txt,143,63,64,3,3,painttorch,colordiffv2,painttorch,colordiffv2,7682
10,userstudy_sid10_2025-12-25T04-26-37.997Z.txt,144,110,109,10,3,colordiffv2,painttorch,colordiffv2,painttorch,2178
10,userstudy_sid10_2025-12-25T04-26-37.997Z.txt,145,101,103,10,1,diffusart,colordiffv2,colordiffv2,diffusart,5665
10,userstudy_sid10_2025-12-25T04-26-37.997Z.txt,146,127,129,25,1,diffusart,colordiffv2,colordiffv2,diffusart,3401
10,userstudy_sid10_2025-12-25T04-26-37.997Z.txt,147,26,41,1,0,diffusart,painttorch,diffusart,painttorch,2020
10,userstudy_sid10_2025-12-25T04-26-37.997Z.txt,148,16,12,0,4,painttorch,proposed,painttorch,proposed,3428
10,userstudy_sid10_2025-12-25T04-26-37.997Z.txt,149,178,187,100,2,diffusart,proposed,proposed,diffusart,4244
10,userstudy_sid10_2025-12-25T04-26-37.997Z.txt,150,54,63,3,1,colordiffv2,diffusart,diffusart,colordiffv2,3754
10,userstudy_sid10_2025-12-25T04-26-37.997Z.txt,151,111,97,10,3,painttorch,colordiffv2,painttorch,colordiffv2,2958
10,userstudy_sid10_2025-12-25T04-26-37.997Z.txt,152,156,151,50,3,colordiffv2,painttorch,colordiffv2,painttorch,2809
10,userstudy_sid10_2025-12-25T04-26-37.997Z.txt,153,104,105,10,2,diffusart,proposed,diffusart,proposed,4577
10,userstudy_sid10_2025-12-25T04-26-37.997Z.txt,154,98,113,10,0,diffusart,painttorch,diffusart,painttorch,2970
10,userstudy_sid10_2025-12-25T04-26-37.997Z.txt,155,135,131,25,3,painttorch,colordiffv2,painttorch,colordiffv2,2358
10,userstudy_sid10_2025-12-25T04-26-37.997Z.txt,156,3,6,0,0,painttorch,diffusart,painttorch,diffusart,2802
10,userstudy_sid10_2025-12-25T04-26-37.997Z.txt,157,83,84,5,2,proposed,diffusart,proposed,diffusart,6314
10,userstudy_sid10_2025-12-25T04-26-37.997Z.txt,158,38,46,1,3,colordiffv2,painttorch,colordiffv2,painttorch,4698
10,userstudy_sid10_2025-12-25T04-26-37.997Z.txt,159,0,22,0,0,diffusart,painttorch,painttorch,diffusart,2769
10,userstudy_sid10_2025-12-25T04-26-37.997Z.txt,160,140,142,25,5,proposed,colordiffv2,colordiffv2,proposed,3584
10,userstudy_sid10_2025-12-25T04-26-37.997Z.txt,161,176,172,100,2,diffusart,proposed,proposed,diffusart,3728
10,userstudy_sid10_2025-12-25T04-26-37.997Z.txt,162,149,161,50,1,diffusart,colordiffv2,diffusart,colordiffv2,3927
10,userstudy_sid10_2025-12-25T04-26-37.997Z.txt,163,72,89,5,0,diffusart,painttorch,painttorch,diffusart,3742
10,userstudy_sid10_2025-12-25T04-26-37.997Z.txt,164,134,140,25,3,colordiffv2,painttorch,colordiffv2,painttorch,2560
10,userstudy_sid10_2025-12-25T04-26-37.997Z.txt,165,119,110,10,5,colordiffv2,proposed,colordiffv2,proposed,3031
10,userstudy_sid10_2025-12-25T04-26-37.997Z.txt,166,9,5,0,2,proposed,diffusart,diffusart,proposed,3491
10,userstudy_sid10_2025-12-25T04-26-37.997Z.txt,167,18,9,0,4,painttorch,proposed,painttorch,proposed,3254
10,userstudy_sid10_2025-12-25T04-26-37.997Z.txt,168,60,71,3,3,colordiffv2,painttorch,colordiffv2,painttorch,2622
10,userstudy_sid10_2025-12-25T04-26-37.997Z.txt,169,71,55,3,5,colordiffv2,proposed,colordiffv2,proposed,2133
10,userstudy_sid10_2025-12-25T04-26-37.997Z.txt,170,76,94,5,1,colordiffv2,diffusart,diffusart,colordiffv2,3789
10,userstudy_sid10_2025-12-25T04-26-37.997Z.txt,171,37,26,1,3,painttorch,colordiffv2,painttorch,colordiffv2,3184
10,userstudy_sid10_2025-12-25T04-26-37.997Z.txt,172,43,31,1,4,proposed,painttorch,painttorch,proposed,4086
10,userstudy_sid10_2025-12-25T04-26-37.997Z.txt,173,23,7,0,5,colordiffv2,proposed,proposed,colordiffv2,1792
10,userstudy_sid10_2025-12-25T04-26-37.997Z.txt,174,67,67,3,4,proposed,painttorch,proposed,painttorch,2857
10,userstudy_sid10_2025-12-25T04-26-37.997Z.txt,175,157,163,50,3,painttorch,colordiffv2,colordiffv2,painttorch,2772
10,userstudy_sid10_2025-12-25T04-26-37.997Z.txt,176,33,47,1,2,proposed,diffusart,diffusart,proposed,3111
10,userstudy_sid10_2025-12-25T04-26-37.997Z.txt,177,103,99,10,1,diffusart,colordiffv2,diffusart,colordiffv2,4969
10,userstudy_sid10_2025-12-25T04-26-37.997Z.txt,178,96,119,10,0,diffusart,painttorch,diffusart,painttorch,2155
10,userstudy_sid10_2025-12-25T04-26-37.997Z.txt,179,5,0,0,1,diffusart,colordiffv2,diffusart,colordiffv2,1480
10,userstudy_sid10_2025-12-25T04-26-37.997Z.txt,180,130,137,25,2,diffusart,proposed,proposed,diffusart,3659
10,userstudy_sid10_2025-12-25T04-26-37.997Z.txt,181,62,56,3,3,colordiffv2,painttorch,painttorch,colordiffv2,4165
10,userstudy_sid10_2025-12-25T04-26-37.997Z.txt,182,106,117,10,2,diffusart,proposed,diffusart,proposed,2775
10,userstudy_sid10_2025-12-25T04-26-37.997Z.txt,183,139,134,25,4,proposed,painttorch,proposed,painttorch,3369
10,userstudy_sid10_2025-12-25T04-26-37.997Z.txt,184,124,138,25,1,colordiffv2,diffusart,colordiffv2,diffusart,2841
10,userstudy_sid10_2025-12-25T04-26-37.997Z.txt,185,168,185,100,0,diffusart,painttorch,diffusart,painttorch,2390
10,userstudy_sid10_2025-12-25T04-26-37.997Z.txt,186,79,81,5,1,diffusart,colordiffv2,colordiffv2,diffusart,5863
10,userstudy_sid10_2025-12-25T04-26-37.997Z.txt,187,115,107,10,4,proposed,painttorch,proposed,painttorch,2713
10,userstudy_sid10_2025-12-25T04-26-37.997Z.txt,188,165,149,50,5,colordiffv2,proposed,colordiffv2,proposed,3246
10,userstudy_sid10_2025-12-25T04-26-37.997Z.txt,189,160,164,50,4,painttorch,proposed,proposed,painttorch,3535
10,userstudy_sid10_2025-12-25T04-26-37.997Z.txt,190,172,179,100,1,colordiffv2,diffusart,colordiffv2,diffusart,2996
10,userstudy_sid10_2025-12-25T04-26-37.997Z.txt,191,92,85,5,5,proposed,colordiffv2,colordiffv2,proposed,3564
11,userstudy_sid11_2025-12-25T05-18-46.175Z.txt,0,57,58,3,2,proposed,diffusart,proposed,diffusart,4843
11,userstudy_sid11_2025-12-25T05-18-46.175Z.txt,1,12,23,0,3,colordiffv2,painttorch,painttorch,colordiffv2,2737
11,userstudy_sid11_2025-12-25T05-18-46.175Z.txt,2,132,143,25,3,colordiffv2,painttorch,colordiffv2,painttorch,2728
11,userstudy_sid11_2025-12-25T05-18-46.175Z.txt,3,13,2,0,3,painttorch,colordiffv2,colordiffv2,painttorch,2204
11,userstudy_sid11_2025-12-25T05-18-46.175Z.txt,4,111,97,10,3,painttorch,colordiffv2,colordiffv2,painttorch,2630
11,userstudy_sid11_2025-12-25T05-18-46.175Z.txt,5,144,162,50,0,diffusart,painttorch,diffusart,painttorch,2306
11,userstudy_sid11_2025-12-25T05-18-46.175Z.txt,6,47,42,1,5,colordiffv2,proposed,proposed,colordiffv2,4929
11,userstudy_sid11_2025-12-25T05-18-46.175Z.txt,7,96,119,10,0,diffusart,painttorch,diffusart,painttorch,7754
11,userstudy_sid11_2025-12-25T05-18-46.175Z.txt,8,189,186,100,5,colordiffv2,proposed,proposed,colordiffv2,3116
11,userstudy_sid11_2025-12-25T05-18-46.175Z.txt,9,3,6,0,0,painttorch,diffusart,painttorch,diffusart,2802
11,userstudy_sid11_2025-12-25T05-18-46.175Z.txt,10,116,98,10,5,proposed,colordiffv2,proposed,colordiffv2,3477
11,userstudy_sid11_2025-12-25T05-18-46.175Z.txt,11,128,139,25,2,diffusart,proposed,proposed,diffusart,3562
11,userstudy_sid11_2025-12-25T05-18-46.175Z.txt,12,83,84,5,2,proposed,diffusart,proposed,diffusart,3407
11,userstudy_sid11_2025-12-25T05-18-46.175Z.txt,13,172,179,100,1,colordiffv2,diffusart,colordiffv2,diffusart,3475
11,userstudy_sid11_2025-12-25T05-18-46.175Z.txt,14,114,118,10,4,painttorch,proposed,proposed,painttorch,5819
11,userstudy_sid11_2025-12-25T05-18-46.175Z.txt,15,185,183,100,4,proposed,painttorch,proposed,painttorch,1810
11,userstudy_sid11_2025-12-25T05-18-46.175Z.txt,16,53,66,3,1,diffusart,colordiffv2,colordiffv2,diffusart,5521
11,userstudy_sid11_2025-12-25T05-18-46.175Z.txt,17,59,68,3,2,proposed,diffusart,diffusart,proposed,4321
11,userstudy_sid11_2025-12-25T05-18-46.175Z.txt,18,140,142,25,5,proposed,colordiffv2,proposed,colordiffv2,4910
11,userstudy_sid11_2025-12-25T05-18-46.175Z.txt,19,150,154,50,1,colordiffv2,diffusart,colordiffv2,diffusart,1910
11,userstudy_sid11_2025-12-25T05-18-46.175Z.txt,20,93,95,5,5,colordiffv2,proposed,proposed,colordiffv2,2804
11,userstudy_sid11_2025-12-25T05-18-46.175Z.txt,21,49,70,3,0,painttorch,diffusart,diffusart,painttorch,3551
11,userstudy_sid11_2025-12-25T05-18-46.175Z.txt,22,166,167,50,5,proposed,colordiffv2,proposed,colordiffv2,1868
11,userstudy_sid11_2025-12-25T05-18-46.175Z.txt,23,131,121,25,2,proposed,diffusart,proposed,diffusart,3545
11,userstudy_sid11_2025-12-25T05-18-46.175Z.txt,24,120,120,25,0,diffusart,painttorch,diffusart,painttorch,1662
11,userstudy_sid11_2025-12-25T05-18-46.175Z.txt,25,95,93,5,5,colordiffv2,proposed,proposed,colordiffv2,2944
11,userstudy_sid11_2025-12-25T05-18-46.175Z.txt,26,79,81,5,1,diffusart,colordiffv2,colordiffv2,diffusart,2055
11,userstudy_sid11_2025-12-25T05-18-46.175Z.txt,27,113,102,10,4,proposed,painttorch,proposed,painttorch,3039
11,userstudy_sid11_2025-12-25T05-18-46.175Z.txt,28,15,18,0,3,painttorch,colordiffv2,colordiffv2,painttorch,2480
11,userstudy_sid11_2025-12-25T05-18-46.175Z.txt,29,102,101,10,1,colordiffv2,diffusart,colordiffv2,diffusart,1761
11,userstudy_sid11_2025-12-25T05-18-46.175Z.txt,30,143,122,25,5,colordiffv2,proposed,colordiffv2,proposed,5044
11,userstudy_sid11_2025-12-25T05-18-46.175Z.txt,31,98,113,10,0,diffusart,painttorch,diffusart,painttorch,2343
11,userstudy_sid11_2025-12-25T05-18-46.175Z.txt,32,105,112,10,2,proposed,diffusart,proposed,diffusart,3401
11,userstudy_sid11_2025-12-25T05-18-46.175Z.txt,33,174,190,100,1,colordiffv2,diffusart,colordiffv2,diffusart,3580
11,userstudy_sid11_2025-12-25T05-18-46.175Z.txt,34,129,130,25,2,proposed,diffusart,proposed,diffusart,2320
11,userstudy_sid11_2025-12-25T05-18-46.175Z.txt,35,167,152,50,5,colordiffv2,proposed,proposed,colordiffv2,3346
11,userstudy_sid11_2025-12-25T05-18-46.175Z.txt,36,109,108,10,3,painttorch,colordiffv2,colordiffv2,painttorch,4958
11,userstudy_sid11_2025-12-25T05-18-46.175Z.txt,37,18,9,0,4,painttorch,proposed,painttorch,proposed,2721
11,userstudy_sid11_2025-12-25T05-18-46.175Z.txt,38,157,163,50,3,painttorch,colordiffv2,colordiffv2,painttorch,2947
11,userstudy_sid11_2025-12-25T05-18-46.175Z.txt,39,85,83,5,3,painttorch,colordiffv2,colordiffv2,painttorch,3075
11,userstudy_sid11_2025-12-25T05-18-46.175Z.txt,40,26,41,1,0,diffusart,painttorch,diffusart,painttorch,2166
11,userstudy_sid11_2025-12-25T05-18-46.175Z.txt,41,90,87,5,4,painttorch,proposed,proposed,painttorch,1688
11,userstudy_sid11_2025-12-25T05-18-46.175Z.txt,42,74,92,5,0,diffusart,painttorch,painttorch,diffusart,4924
11,userstudy_sid11_2025-12-25T05-18-46.175Z.txt,43,147,166,50,0,painttorch,diffusart,diffusart,painttorch,3339
11,userstudy_sid11_2025-12-25T05-18-46.175Z.txt,44,141,132,25,5,colordiffv2,proposed,colordiffv2,proposed,5535
11,userstudy_sid11_2025-12-25T05-18-46.175Z.txt,45,68,69,3,5,proposed,colordiffv2,colordiffv2,proposed,5716
11,userstudy_sid11_2025-12-25T05-18-46.175Z.txt,46,180,168,100,3,colordiffv2,painttorch,colordiffv2,painttorch,1580
11,userstudy_sid11_2025-12-25T05-18-46.175Z.txt,47,145,148,50,0,painttorch,diffusart,diffusart,painttorch,1359
11,userstudy_sid11_2025-12-25T05-18-46.175Z.txt,48,106,117,10,2,diffusart,proposed,proposed,diffusart,2855
11,userstudy_sid11_2025-12-25T05-18-46.175Z.txt,49,73,78,5,0,painttorch,diffusart,diffusart,painttorch,1657
11,userstudy_sid11_2025-12-25T05-18-46.175Z.txt,50,135,131,25,3,painttorch,colordiffv2,colordiffv2,painttorch,2546
11,userstudy_sid11_2025-12-25T05-18-46.175Z.txt,51,4,17,0,1,colordiffv2,diffusart,colordiffv2,diffusart,3145
11,userstudy_sid11_2025-12-25T05-18-46.175Z.txt,52,37,26,1,3,painttorch,colordiffv2,colordiffv2,painttorch,5901
11,userstudy_sid11_2025-12-25T05-18-46.175Z.txt,53,183,176,100,3,painttorch,colordiffv2,colordiffv2,painttorch,1458
11,userstudy_sid11_2025-12-25T05-18-46.175Z.txt,54,155,160,50,2,proposed,diffusart,proposed,diffusart,2395
11,userstudy_sid11_2025-12-25T05-18-46.175Z.txt,55,70,59,3,5,proposed,colordiffv2,colordiffv2,proposed,2484
11,userstudy_sid11_2025-12-25T05-18-46.175Z.txt,56,164,150,50,5,proposed,colordiffv2,proposed,colordiffv2,3765
11,userstudy_sid11_2025-12-25T05-18-46.175Z.txt,57,160,164,50,4,painttorch,proposed,proposed,painttorch,2017
11,userstudy_sid11_2025-12-25T05-18-46.175Z.txt,58,64,52,3,4,painttorch,proposed,proposed,painttorch,2796
11,userstudy_sid11_2025-12-25T05-18-46.175Z.txt,59,182,177,100,3,colordiffv2,painttorch,colordiffv2,painttorch,1357
11,userstudy_sid11_2025-12-25T05-18-46.175Z.txt,60,62,56,3,3,colordiffv2,painttorch,colordiffv2,painttorch,2340
11,userstudy_sid11_2025-12-25T05-18-46.175Z.txt,61,104,105,10,2,diffusart,proposed,proposed,diffusart,3939
11,userstudy_sid11_2025-12-25T05-18-46.175Z.txt,62,32,28,1,2,diffusart,proposed,proposed,diffusart,2867
11,userstudy_sid11_2025-12-25T05-18-46.175Z.txt,63,16,12,0,4,painttorch,proposed,painttorch,proposed,3398
11,userstudy_sid11_2025-12-25T05-18-46.175Z.txt,64,63,64,3,3,painttorch,colordiffv2,colordiffv2,painttorch,4908
11,userstudy_sid11_2025-12-25T05-18-46.175Z.txt,65,153,157,50,2,proposed,diffusart,proposed,diffusart,1807
11,userstudy_sid11_2025-12-25T05-18-46.175Z.txt,66,97,96,10,0,painttorch,diffusart,diffusart,painttorch,4083
11,userstudy_sid11_2025-12-25T05-18-46.175Z.txt,67,163,145,50,4,proposed,painttorch,proposed,painttorch,1671
11,userstudy_sid11_2025-12-25T05-18-46.175Z.txt,68,50,65,3,0,diffusart,painttorch,diffusart,painttorch,1833
11,userstudy_sid11_2025-12-25T05-18-46.175Z.txt,69,177,184,100,2,proposed,diffusart,proposed,diffusart,1577
11,userstudy_sid11_2025-12-25T05-18-46.175Z.txt,70,23,7,0,5,colordiffv2,proposed,colordiffv2,proposed,2430
11,userstudy_sid11_2025-12-25T05-18-46.175Z.txt,71,38,46,1,3,colordiffv2,painttorch,painttorch,colordiffv2,3771
11,userstudy_sid11_2025-12-25T05-18-46.175Z.txt,72,142,128,25,5,proposed,colordiffv2,proposed,colordiffv2,4457
11,userstudy_sid11_2025-12-25T05-18-46.175Z.txt,73,29,24,1,1,diffusart,colordiffv2,colordiffv2,diffusart,7425
11,userstudy_sid11_2025-12-25T05-18-46.175Z.txt,74,108,106,10,3,colordiffv2,painttorch,colordiffv2,painttorch,3563
11,userstudy_sid11_2025-12-25T05-18-46.175Z.txt,75,115,107,10,4,proposed,painttorch,proposed,painttorch,1392
11,userstudy_sid11_2025-12-25T05-18-46.175Z.txt,76,61,51,3,3,painttorch,colordiffv2,colordiffv2,painttorch,4744
11,userstudy_sid11_2025-12-25T05-18-46.175Z.txt,77,60,71,3,3,colordiffv2,painttorch,painttorch,colordiffv2,3524
11,userstudy_sid11_2025-12-25T05-18-46.175Z.txt,78,117,111,10,5,colordiffv2,proposed,proposed,colordiffv2,3140
11,userstudy_sid11_2025-12-25T05-18-46.175Z.txt,79,41,25,1,4,proposed,painttorch,proposed,painttorch,3286
11,userstudy_sid11_2025-12-25T05-18-46.175Z.txt,80,124,138,25,1,colordiffv2,diffusart,diffusart,colordiffv2,4728
11,userstudy_sid11_2025-12-25T05-18-46.175Z.txt,81,103,99,10,1,diffusart,colordiffv2,colordiffv2,diffusart,4906
11,userstudy_sid11_2025-12-25T05-18-46.175Z.txt,82,45,34,1,5,colordiffv2,proposed,proposed,colordiffv2,5822
11,userstudy_sid11_2025-12-25T05-18-46.175Z.txt,83,58,48,3,2,diffusart,proposed,diffusart,proposed,2475
11,userstudy_sid11_2025-12-25T05-18-46.175Z.txt,84,77,72,5,1,diffusart,colordiffv2,diffusart,colordiffv2,2745
11,userstudy_sid11_2025-12-25T05-18-46.175Z.txt,85,46,35,1,5,proposed,colordiffv2,proposed,colordiffv2,3110
11,userstudy_sid11_2025-12-25T05-18-46.175Z.txt,86,81,74,5,2,proposed,diffusart,proposed,diffusart,2645
11,userstudy_sid11_2025-12-25T05-18-46.175Z.txt,87,8,19,0,2,diffusart,proposed,diffusart,proposed,1856
11,userstudy_sid11_2025-12-25T05-18-46.175Z.txt,88,178,187,100,2,diffusart,proposed,proposed,diffusart,3037
11,userstudy_sid11_2025-12-25T05-18-46.175Z.txt,89,87,76,5,3,painttorch,colordiffv2,colordiffv2,painttorch,7521
11,userstudy_sid11_2025-12-25T05-18-46.175Z.txt,90,154,147,50,2,diffusart,proposed,proposed,diffusart,2333
11,userstudy_sid11_2025-12-25T05-18-46.175Z.txt,91,14,16,0,3,colordiffv2,painttorch,painttorch,colordiffv2,5500
11,userstudy_sid11_2025-12-25T05-18-46.175Z.txt,92,2,20,0,0,diffusart,painttorch,diffusart,painttorch,3851
11,userstudy_sid11_2025-12-25T05-18-46.175Z.txt,93,89,75,5,4,proposed,painttorch,proposed,painttorch,2591
11,userstudy_sid11_2025-12-25T05-18-46.175Z.txt,94,76,94,5,1,colordiffv2,diffusart,diffusart,colordiffv2,4343
11,userstudy_sid11_2025-12-25T05-18-46.175Z.txt,95,21,11,0,5,colordiffv2,proposed,colordiffv2,proposed,2893
11,userstudy_sid11_2025-12-25T05-18-46.175Z.txt,96,126,136,25,1,colordiffv2,diffusart,diffusart,colordiffv2,2729
11,userstudy_sid11_2025-12-25T05-18-46.175Z.txt,97,169,173,100,0,painttorch,diffusart,diffusart,painttorch,2976
11,userstudy_sid11_2025-12-25T05-18-46.175Z.txt,98,151,144,50,1,diffusart,colordiffv2,colordiffv2,diffusart,2115
11,userstudy_sid11_2025-12-25T05-18-46.175Z.txt,99,71,55,3,5,colordiffv2,proposed,proposed,colordiffv2,6364
11,userstudy_sid11_2025-12-25T05-18-46.175Z.txt,100,92,85,5,5,proposed,colordiffv2,proposed,colordiffv2,3401
11,userstudy_sid11_2025-12-25T05-18-46.175Z.txt,101,1,3,0,0,painttorch,diffusart,painttorch,diffusart,2157
11,userstudy_sid11_2025-12-25T05-18-46.175Z.txt,102,25,29,1,0,painttorch,diffusart,diffusart,painttorch,3042
11,userstudy_sid11_2025-12-25T05-18-46.175Z.txt,103,159,156,50,3,painttorch,colordiffv2,colordiffv2,painttorch,2126
11,userstudy_sid11_2025-12-25T05-18-46.175Z.txt,104,24,37,1,0,diffusart,painttorch,diffusart,painttorch,2553
11,userstudy_sid11_2025-12-25T05-18-46.175Z.txt,105,31,44,1,1,diffusart,colordiffv2,diffusart,colordiffv2,3403
11,userstudy_sid11_2025-12-25T05-18-46.175Z.txt,106,30,30,1,1,colordiffv2,diffusart,diffusart,colordiffv2,1991
11,userstudy_sid11_2025-12-25T05-18-46.175Z.txt,107,133,123,25,3,painttorch,colordiffv2,colordiffv2,painttorch,2637
11,userstudy_sid11_2025-12-25T05-18-46.175Z.txt,108,134,140,25,3,colordiffv2,painttorch,colordiffv2,painttorch,3084
11,userstudy_sid11_2025-12-25T05-18-46.175Z.txt,109,175,188,100,1,diffusart,colordiffv2,colordiffv2,diffusart,2943
11,userstudy_sid11_2025-12-25T05-18-46.175Z.txt,110,119,110,10,5,colordiffv2,proposed,proposed,colordiffv2,3519
11,userstudy_sid11_2025-12-25T05-18-46.175Z.txt,111,67,67,3,4,proposed,painttorch,proposed,painttorch,3118
11,userstudy_sid11_2025-12-25T05-18-46.175Z.txt,112,55,57,3,1,diffusart,colordiffv2,diffusart,colordiffv2,3066
11,userstudy_sid11_2025-12-25T05-18-46.175Z.txt,113,127,129,25,1,diffusart,colordiffv2,colordiffv2,diffusart,4440
11,userstudy_sid11_2025-12-25T05-18-46.175Z.txt,114,187,169,100,4,proposed,painttorch,proposed,painttorch,2207
11,userstudy_sid11_2025-12-25T05-18-46.175Z.txt,115,149,161,50,1,diffusart,colordiffv2,diffusart,colordiffv2,4726
11,userstudy_sid11_2025-12-25T05-18-46.175Z.txt,116,52,50,3,1,colordiffv2,diffusart,colordiffv2,diffusart,3460
11,userstudy_sid11_2025-12-25T05-18-46.175Z.txt,117,158,158,50,3,colordiffv2,painttorch,colordiffv2,painttorch,2339
11,userstudy_sid11_2025-12-25T05-18-46.175Z.txt,118,138,141,25,4,painttorch,proposed,proposed,painttorch,1935
11,userstudy_sid11_2025-12-25T05-18-46.175Z.txt,119,146,159,50,0,diffusart,painttorch,painttorch,diffusart,5044
11,userstudy_sid11_2025-12-25T05-18-46.175Z.txt,120,6,8,0,1,colordiffv2,diffusart,diffusart,colordiffv2,3012
11,userstudy_sid11_2025-12-25T05-18-46.175Z.txt,121,168,185,100,0,diffusart,painttorch,diffusart,painttorch,2716
11,userstudy_sid11_2025-12-25T05-18-46.175Z.txt,122,34,27,1,2,diffusart,proposed,proposed,diffusart,3135
11,userstudy_sid11_2025-12-25T05-18-46.175Z.txt,123,28,40,1,1,colordiffv2,diffusart,diffusart,colordiffv2,5556
11,userstudy_sid11_2025-12-25T05-18-46.175Z.txt,124,33,47,1,2,proposed,diffusart,diffusart,proposed,2653
11,userstudy_sid11_2025-12-25T05-18-46.175Z.txt,125,188,182,100,5,proposed,colordiffv2,proposed,colordiffv2,2175
11,userstudy_sid11_2025-12-25T05-18-46.175Z.txt,126,99,114,10,0,painttorch,diffusart,diffusart,painttorch,3361
11,userstudy_sid11_2025-12-25T05-18-46.175Z.txt,127,39,32,1,3,painttorch,colordiffv2,colordiffv2,painttorch,4431
11,userstudy_sid11_2025-12-25T05-18-46.175Z.txt,128,110,109,10,3,colordiffv2,painttorch,colordiffv2,painttorch,3320
11,userstudy_sid11_2025-12-25T05-18-46.175Z.txt,129,43,31,1,4,proposed,painttorch,proposed,painttorch,3702
11,userstudy_sid11_2025-12-25T05-18-46.175Z.txt,130,80,80,5,2,diffusart,proposed,proposed,diffusart,6794
11,userstudy_sid11_2025-12-25T05-18-46.175Z.txt,131,7,21,0,1,diffusart,colordiffv2,colordiffv2,diffusart,2826
11,userstudy_sid11_2025-12-25T05-18-46.175Z.txt,132,11,14,0,2,proposed,diffusart,diffusart,proposed,3496
11,userstudy_sid11_2025-12-25T05-18-46.175Z.txt,133,181,170,100,3,painttorch,colordiffv2,painttorch,colordiffv2,7250
11,userstudy_sid11_2025-12-25T05-18-46.175Z.txt,134,88,91,5,4,painttorch,proposed,proposed,painttorch,4283
11,userstudy_sid11_2025-12-25T05-18-46.175Z.txt,135,0,22,0,0,diffusart,painttorch,painttorch,diffusart,2077
11,userstudy_sid11_2025-12-25T05-18-46.175Z.txt,136,10,13,0,2,diffusart,proposed,diffusart,proposed,2753
11,userstudy_sid11_2025-12-25T05-18-46.175Z.txt,137,179,180,100,2,proposed,diffusart,proposed,diffusart,1629
11,userstudy_sid11_2025-12-25T05-18-46.175Z.txt,138,137,135,25,4,proposed,painttorch,proposed,painttorch,2458
11,userstudy_sid11_2025-12-25T05-18-46.175Z.txt,139,121,127,25,0,painttorch,diffusart,diffusart,painttorch,1870
11,userstudy_sid11_2025-12-25T05-18-46.175Z.txt,140,184,178,100,4,painttorch,proposed,proposed,painttorch,1815
11,userstudy_sid11_2025-12-25T05-18-46.175Z.txt,141,130,137,25,2,diffusart,proposed,proposed,diffusart,2198
11,userstudy_sid11_2025-12-25T05-18-46.175Z.txt,142,42,43,1,4,painttorch,proposed,proposed,painttorch,4064
11,userstudy_sid11_2025-12-25T05-18-46.175Z.txt,143,20,1,0,5,proposed,colordiffv2,colordiffv2,proposed,1582
11,userstudy_sid11_2025-12-25T05-18-46.175Z.txt,144,186,175,100,4,painttorch,proposed,proposed,painttorch,1971
11,userstudy_sid11_2025-12-25T05-18-46.175Z.txt,145,84,79,5,3,colordiffv2,painttorch,colordiffv2,painttorch,1711
11,userstudy_sid11_2025-12-25T05-18-46.175Z.txt,146,152,155,50,2,diffusart,proposed,proposed,diffusart,2451
11,userstudy_sid11_2025-12-25T05-18-46.175Z.txt,147,173,174,100,1,diffusart,colordiffv2,diffusart,colordiffv2,5663
11,userstudy_sid11_2025-12-25T05-18-46.175Z.txt,148,94,73,5,5,proposed,colordiffv2,proposed,colordiffv2,5324
11,userstudy_sid11_2025-12-25T05-18-46.175Z.txt,149,54,63,3,1,colordiffv2,diffusart,colordiffv2,diffusart,2521
11,userstudy_sid11_2025-12-25T05-18-46.175Z.txt,150,171,181,100,0,painttorch,diffusart,painttorch,diffusart,3685
11,userstudy_sid11_2025-12-25T05-18-46.175Z.txt,151,148,165,50,1,colordiffv2,diffusart,colordiffv2,diffusart,1882
11,userstudy_sid11_2025-12-25T05-18-46.175Z.txt,152,139,134,25,4,proposed,painttorch,proposed,painttorch,1549
11,userstudy_sid11_2025-12-25T05-18-46.175Z.txt,153,51,61,3,0,painttorch,diffusart,diffusart,painttorch,1831
11,userstudy_sid11_2025-12-25T05-18-46.175Z.txt,154,100,104,10,1,colordiffv2,diffusart,colordiffv2,diffusart,3681
11,userstudy_sid11_2025-12-25T05-18-46.175Z.txt,155,112,100,10,4,painttorch,proposed,proposed,painttorch,1567
11,userstudy_sid11_2025-12-25T05-18-46.175Z.txt,156,190,191,100,5,proposed,colordiffv2,proposed,colordiffv2,3704
11,userstudy_sid11_2025-12-25T05-18-46.175Z.txt,157,82,82,5,2,diffusart,proposed,proposed,diffusart,5099
11,userstudy_sid11_2025-12-25T05-18-46.175Z.txt,158,75,88,5,0,painttorch,diffusart,diffusart,painttorch,1882
11,userstudy_sid11_2025-12-25T05-18-46.175Z.txt,159,161,153,50,4,proposed,painttorch,proposed,painttorch,1372
11,userstudy_sid11_2025-12-25T05-18-46.175Z.txt,160,35,38,1,2,proposed,diffusart,diffusart,proposed,6426
11,userstudy_sid11_2025-12-25T05-18-46.175Z.txt,161,72,89,5,0,diffusart,painttorch,painttorch,diffusart,3473
11,userstudy_sid11_2025-12-25T05-18-46.175Z.txt,162,22,4,0,5,proposed,colordiffv2,colordiffv2,proposed,2249
11,userstudy_sid11_2025-12-25T05-18-46.175Z.txt,163,65,54,3,4,proposed,painttorch,proposed,painttorch,1824
11,userstudy_sid11_2025-12-25T05-18-46.175Z.txt,164,5,0,0,1,diffusart,colordiffv2,diffusart,colordiffv2,3056
11,userstudy_sid11_2025-12-25T05-18-46.175Z.txt,165,107,116,10,2,proposed,diffusart,proposed,diffusart,2390
11,userstudy_sid11_2025-12-25T05-18-46.175Z.txt,166,136,125,25,4,painttorch,proposed,proposed,painttorch,2529
11,userstudy_sid11_2025-12-25T05-18-46.175Z.txt,167,66,49,3,4,painttorch,proposed,proposed,painttorch,3048
11,userstudy_sid11_2025-12-25T05-18-46.175Z.txt,168,122,126,25,0,diffusart,painttorch,diffusart,painttorch,5463
11,userstudy_sid11_2025-12-25T05-18-46.175Z.txt,169,17,15,0,4,proposed,painttorch,painttorch,proposed,1951
11,userstudy_sid11_2025-12-25T05-18-46.175Z.txt,170,165,149,50,5,colordiffv2,proposed,proposed,colordiffv2,3679
11,userstudy_sid11_2025-12-25T05-18-46.175Z.txt,171,156,151,50,3,colordiffv2,painttorch,colordiffv2,painttorch,2741
11,userstudy_sid11_2025-12-25T05-18-46.175Z.txt,172,9,5,0,2,proposed,diffusart,diffusart,proposed,1698
11,userstudy_sid11_2025-12-25T05-18-46.175Z.txt,173,19,10,0,4,proposed,painttorch,painttorch,proposed,1144
11,userstudy_sid11_2025-12-25T05-18-46.175Z.txt,174,91,86,5,4,proposed,painttorch,proposed,painttorch,3181
11,userstudy_sid11_2025-12-25T05-18-46.175Z.txt,175,36,36,1,3,colordiffv2,painttorch,painttorch,colordiffv2,3639
11,userstudy_sid11_2025-12-25T05-18-46.175Z.txt,176,101,103,10,1,diffusart,colordiffv2,colordiffv2,diffusart,5492
11,userstudy_sid11_2025-12-25T05-18-46.175Z.txt,177,86,77,5,3,colordiffv2,painttorch,colordiffv2,painttorch,3526
11,userstudy_sid11_2025-12-25T05-18-46.175Z.txt,178,69,62,3,5,colordiffv2,proposed,proposed,colordiffv2,2707
11,userstudy_sid11_2025-12-25T05-18-46.175Z.txt,179,125,124,25,1,diffusart,colordiffv2,colordiffv2,diffusart,1786
11,userstudy_sid11_2025-12-25T05-18-46.175Z.txt,180,162,146,50,4,painttorch,proposed,proposed,painttorch,2498
11,userstudy_sid11_2025-12-25T05-18-46.175Z.txt,181,40,45,1,4,painttorch,proposed,proposed,painttorch,1938
11,userstudy_sid11_2025-12-25T05-18-46.175Z.txt,182,78,90,5,1,colordiffv2,diffusart,colordiffv2,diffusart,2840
11,userstudy_sid11_2025-12-25T05-18-46.175Z.txt,183,170,171,100,0,diffusart,painttorch,painttorch,diffusart,4172
11,userstudy_sid11_2025-12-25T05-18-46.175Z.txt,184,56,53,3,2,diffusart,proposed,proposed,diffusart,6889
11,userstudy_sid11_2025-12-25T05-18-46.175Z.txt,185,44,39,1,5,proposed,colordiffv2,proposed,colordiffv2,3971
11,userstudy_sid11_2025-12-25T05-18-46.175Z.txt,186,27,33,1,0,painttorch,diffusart,diffusart,painttorch,1907
11,userstudy_sid11_2025-12-25T05-18-46.175Z.txt,187,176,172,100,2,diffusart,proposed,proposed,diffusart,2023
11,userstudy_sid11_2025-12-25T05-18-46.175Z.txt,188,191,189,100,5,colordiffv2,proposed,proposed,colordiffv2,2739
11,userstudy_sid11_2025-12-25T05-18-46.175Z.txt,189,123,133,25,0,painttorch,diffusart,diffusart,painttorch,2002
11,userstudy_sid11_2025-12-25T05-18-46.175Z.txt,190,48,60,3,0,diffusart,painttorch,diffusart,painttorch,2460
11,userstudy_sid11_2025-12-25T05-18-46.175Z.txt,191,118,115,10,5,proposed,colordiffv2,proposed,colordiffv2,4516
12,userstudy_sid12_2025-12-25T06-47-11.702Z.txt,0,79,81,5,1,diffusart,colordiffv2,diffusart,colordiffv2,35990
12,userstudy_sid12_2025-12-25T06-47-11.702Z.txt,1,60,71,3,3,colordiffv2,painttorch,colordiffv2,painttorch,13505
12,userstudy_sid12_2025-12-25T06-47-11.702Z.txt,2,16,12,0,4,painttorch,proposed,proposed,painttorch,10836
12,userstudy_sid12_2025-12-25T06-47-11.702Z.txt,3,166,167,50,5,proposed,colordiffv2,proposed,colordiffv2,5531
12,userstudy_sid12_2025-12-25T06-47-11.702Z.txt,4,170,171,100,0,diffusart,painttorch,diffusart,painttorch,5340
12,userstudy_sid12_2025-12-25T06-47-11.702Z.txt,5,118,115,10,5,proposed,colordiffv2,proposed,colordiffv2,23429
12,userstudy_sid12_2025-12-25T06-47-11.702Z.txt,6,14,16,0,3,colordiffv2,painttorch,painttorch,colordiffv2,10358
12,userstudy_sid12_2025-12-25T06-47-11.702Z.txt,7,26,41,1,0,diffusart,painttorch,diffusart,painttorch,4037
12,userstudy_sid12_2025-12-25T06-47-11.702Z.txt,8,113,102,10,4,proposed,painttorch,proposed,painttorch,8955
12,userstudy_sid12_2025-12-25T06-47-11.702Z.txt,9,88,91,5,4,painttorch,proposed,proposed,painttorch,9179
12,userstudy_sid12_2025-12-25T06-47-11.702Z.txt,10,93,95,5,5,colordiffv2,proposed,proposed,colordiffv2,15570
12,userstudy_sid12_2025-12-25T06-47-11.702Z.txt,11,191,189,100,5,colordiffv2,proposed,colordiffv2,proposed,27273
12,userstudy_sid12_2025-12-25T06-47-11.702Z.txt,12,132,143,25,3,colordiffv2,painttorch,colordiffv2,painttorch,9860
12,userstudy_sid12_2025-12-25T06-47-11.702Z.txt,13,77,72,5,1,diffusart,colordiffv2,colordiffv2,diffusart,29806
12,userstudy_sid12_2025-12-25T06-47-11.702Z.txt,14,80,80,5,2,diffusart,proposed,proposed,diffusart,9064
12,userstudy_sid12_2025-12-25T06-47-11.702Z.txt,15,38,46,1,3,colordiffv2,painttorch,painttorch,colordiffv2,17034
12,userstudy_sid12_2025-12-25T06-47-11.702Z.txt,16,137,135,25,4,proposed,painttorch,proposed,painttorch,6757
12,userstudy_sid12_2025-12-25T06-47-11.702Z.txt,17,180,168,100,3,colordiffv2,painttorch,colordiffv2,painttorch,8824
12,userstudy_sid12_2025-12-25T06-47-11.702Z.txt,18,78,90,5,1,colordiffv2,diffusart,colordiffv2,diffusart,4174
12,userstudy_sid12_2025-12-25T06-47-11.702Z.txt,19,23,7,0,5,colordiffv2,proposed,proposed,colordiffv2,15113
12,userstudy_sid12_2025-12-25T06-47-11.702Z.txt,20,37,26,1,3,painttorch,colordiffv2,colordiffv2,painttorch,8859
12,userstudy_sid12_2025-12-25T06-47-11.702Z.txt,21,29,24,1,1,diffusart,colordiffv2,colordiffv2,diffusart,18162
12,userstudy_sid12_2025-12-25T06-47-11.702Z.txt,22,154,147,50,2,diffusart,proposed,proposed,diffusart,5052
12,userstudy_sid12_2025-12-25T06-47-11.702Z.txt,23,134,140,25,3,colordiffv2,painttorch,colordiffv2,painttorch,9745
12,userstudy_sid12_2025-12-25T06-47-11.702Z.txt,24,71,55,3,5,colordiffv2,proposed,proposed,colordiffv2,21839
12,userstudy_sid12_2025-12-25T06-47-11.702Z.txt,25,86,77,5,3,colordiffv2,painttorch,colordiffv2,painttorch,3640
12,userstudy_sid12_2025-12-25T06-47-11.702Z.txt,26,181,170,100,3,painttorch,colordiffv2,colordiffv2,painttorch,7958
12,userstudy_sid12_2025-12-25T06-47-11.702Z.txt,27,36,36,1,3,colordiffv2,painttorch,colordiffv2,painttorch,6306
12,userstudy_sid12_2025-12-25T06-47-11.702Z.txt,28,174,190,100,1,colordiffv2,diffusart,colordiffv2,diffusart,16084
12,userstudy_sid12_2025-12-25T06-47-11.702Z.txt,29,54,63,3,1,colordiffv2,diffusart,diffusart,colordiffv2,29707
12,userstudy_sid12_2025-12-25T06-47-11.702Z.txt,30,96,119,10,0,diffusart,painttorch,diffusart,painttorch,3343
12,userstudy_sid12_2025-12-25T06-47-11.702Z.txt,31,146,159,50,0,diffusart,painttorch,diffusart,painttorch,15310
12,userstudy_sid12_2025-12-25T06-47-11.702Z.txt,32,10,13,0,2,diffusart,proposed,diffusart,proposed,7260
12,userstudy_sid12_2025-12-25T06-47-11.702Z.txt,33,56,53,3,2,diffusart,proposed,proposed,diffusart,4426
12,userstudy_sid12_2025-12-25T06-47-11.702Z.txt,34,105,112,10,2,proposed,diffusart,proposed,diffusart,16820
12,userstudy_sid12_2025-12-25T06-47-11.702Z.txt,35,156,151,50,3,colordiffv2,painttorch,painttorch,colordiffv2,8313
12,userstudy_sid12_2025-12-25T06-47-11.702Z.txt,36,83,84,5,2,proposed,diffusart,proposed,diffusart,10129
12,userstudy_sid12_2025-12-25T06-47-11.702Z.txt,37,98,113,10,0,diffusart,painttorch,diffusart,painttorch,6584
12,userstudy_sid12_2025-12-25T06-47-11.702Z.txt,38,129,130,25,2,proposed,diffusart,proposed,diffusart,30118
12,userstudy_sid12_2025-12-25T06-47-11.702Z.txt,39,11,14,0,2,proposed,diffusart,diffusart,proposed,4242
12,userstudy_sid12_2025-12-25T06-47-11.702Z.txt,40,99,114,10,0,painttorch,diffusart,diffusart,painttorch,14462
12,userstudy_sid12_2025-12-25T06-47-11.702Z.txt,41,13,2,0,3,painttorch,colordiffv2,painttorch,colordiffv2,4913
12,userstudy_sid12_2025-12-25T06-47-11.702Z.txt,42,44,39,1,5,proposed,colordiffv2,colordiffv2,proposed,20925
12,userstudy_sid12_2025-12-25T06-47-11.702Z.txt,43,139,134,25,4,proposed,painttorch,proposed,painttorch,7761
12,userstudy_sid12_2025-12-25T06-47-11.702Z.txt,44,52,50,3,1,colordiffv2,diffusart,diffusart,colordiffv2,12989
12,userstudy_sid12_2025-12-25T06-47-11.702Z.txt,45,124,138,25,1,colordiffv2,diffusart,diffusart,colordiffv2,7279
12,userstudy_sid12_2025-12-25T06-47-11.702Z.txt,46,152,155,50,2,diffusart,proposed,proposed,diffusart,9609
12,userstudy_sid12_2025-12-25T06-47-11.702Z.txt,47,49,70,3,0,painttorch,diffusart,diffusart,painttorch,6632
12,userstudy_sid12_2025-12-25T06-47-11.702Z.txt,48,73,78,5,0,painttorch,diffusart,diffusart,painttorch,16278
12,userstudy_sid12_2025-12-25T06-47-11.702Z.txt,49,165,149,50,5,colordiffv2,proposed,proposed,colordiffv2,14915
12,userstudy_sid12_2025-12-25T06-47-11.702Z.txt,50,55,57,3,1,diffusart,colordiffv2,diffusart,colordiffv2,7127
12,userstudy_sid12_2025-12-25T06-47-11.702Z.txt,51,186,175,100,4,painttorch,proposed,proposed,painttorch,7181
12,userstudy_sid12_2025-12-25T06-47-11.702Z.txt,52,58,48,3,2,diffusart,proposed,diffusart,proposed,8313
12,userstudy_sid12_2025-12-25T06-47-11.702Z.txt,53,68,69,3,5,proposed,colordiffv2,proposed,colordiffv2,28433
12,userstudy_sid12_2025-12-25T06-47-11.702Z.txt,54,64,52,3,4,painttorch,proposed,proposed,painttorch,8246
12,userstudy_sid12_2025-12-25T06-47-11.702Z.txt,55,81,74,5,2,proposed,diffusart,proposed,diffusart,4447
12,userstudy_sid12_2025-12-25T06-47-11.702Z.txt,56,101,103,10,1,diffusart,colordiffv2,colordiffv2,diffusart,15793
12,userstudy_sid12_2025-12-25T06-47-11.702Z.txt,57,190,191,100,5,proposed,colordiffv2,proposed,colordiffv2,24204
12,userstudy_sid12_2025-12-25T06-47-11.702Z.txt,58,94,73,5,5,proposed,colordiffv2,proposed,colordiffv2,18866
12,userstudy_sid12_2025-12-25T06-47-11.702Z.txt,59,100,104,10,1,colordiffv2,diffusart,diffusart,colordiffv2,9762
12,userstudy_sid12_2025-12-25T06-47-11.702Z.txt,60,115,107,10,4,proposed,painttorch,proposed,painttorch,24794
12,userstudy_sid12_2025-12-25T06-47-11.702Z.txt,61,111,97,10,3,painttorch,colordiffv2,colordiffv2,painttorch,8295
12,userstudy_sid12_2025-12-25T06-47-11.702Z.txt,62,148,165,50,1,colordiffv2,diffusart,colordiffv2,diffusart,23501
12,userstudy_sid12_2025-12-25T06-47-11.702Z.txt,63,167,152,50,5,colordiffv2,proposed,proposed,colordiffv2,6083
12,userstudy_sid12_2025-12-25T06-47-11.702Z.txt,64,17,15,0,4,proposed,painttorch,painttorch,proposed,5988
12,userstudy_sid12_2025-12-25T06-47-11.702Z.txt,65,151,144,50,1,diffusart,colordiffv2,colordiffv2,diffusart,14245
12,userstudy_sid12_2025-12-25T06-47-11.702Z.txt,66,24,37,1,0,diffusart,painttorch,diffusart,painttorch,5615
12,userstudy_sid12_2025-12-25T06-47-11.702Z.txt,67,95,93,5,5,colordiffv2,proposed,proposed,colordiffv2,14597
12,userstudy_sid12_2025-12-25T06-47-11.702Z.txt,68,157,163,50,3,painttorch,colordiffv2,painttorch,colordiffv2,19258
12,userstudy_sid12_2025-12-25T06-47-11.702Z.txt,69,110,109,10,3,colordiffv2,painttorch,colordiffv2,painttorch,12886
12,userstudy_sid12_2025-12-25T06-47-11.702Z.txt,70,75,88,5,0,painttorch,diffusart,diffusart,painttorch,12413
12,userstudy_sid12_2025-12-25T06-47-11.702Z.txt,71,25,29,1,0,painttorch,diffusart,diffusart,painttorch,13854
12,userstudy_sid12_2025-12-25T06-47-11.702Z.txt,72,159,156,50,3,painttorch,colordiffv2,colordiffv2,painttorch,9071
12,userstudy_sid12_2025-12-25T06-47-11.702Z.txt,73,97,96,10,0,painttorch,diffusart,diffusart,painttorch,11279
12,userstudy_sid12_2025-12-25T06-47-11.702Z.txt,74,30,30,1,1,colordiffv2,diffusart,diffusart,colordiffv2,11106
12,userstudy_sid12_2025-12-25T06-47-11.702Z.txt,75,41,25,1,4,proposed,painttorch,proposed,painttorch,4837
12,userstudy_sid12_2025-12-25T06-47-11.702Z.txt,76,173,174,100,1,diffusart,colordiffv2,colordiffv2,diffusart,52605
12,userstudy_sid12_2025-12-25T06-47-11.702Z.txt,77,131,121,25,2,proposed,diffusart,proposed,diffusart,7728
12,userstudy_sid12_2025-12-25T06-47-11.702Z.txt,78,128,139,25,2,diffusart,proposed,proposed,diffusart,13547
12,userstudy_sid12_2025-12-25T06-47-11.702Z.txt,79,42,43,1,4,painttorch,proposed,proposed,painttorch,11833
12,userstudy_sid12_2025-12-25T06-47-11.702Z.txt,80,8,19,0,2,diffusart,proposed,proposed,diffusart,9474
12,userstudy_sid12_2025-12-25T06-47-11.702Z.txt,81,112,100,10,4,painttorch,proposed,proposed,painttorch,10483
12,userstudy_sid12_2025-12-25T06-47-11.702Z.txt,82,62,56,3,3,colordiffv2,painttorch,colordiffv2,painttorch,43252
12,userstudy_sid12_2025-12-25T06-47-11.702Z.txt,83,107,116,10,2,proposed,diffusart,proposed,diffusart,7483
12,userstudy_sid12_2025-12-25T06-47-11.702Z.txt,84,9,5,0,2,proposed,diffusart,diffusart,proposed,12388
12,userstudy_sid12_2025-12-25T06-47-11.702Z.txt,85,178,187,100,2,diffusart,proposed,proposed,diffusart,8175
12,userstudy_sid12_2025-12-25T06-47-11.702Z.txt,86,182,177,100,3,colordiffv2,painttorch,colordiffv2,painttorch,6814
12,userstudy_sid12_2025-12-25T06-47-11.702Z.txt,87,82,82,5,2,diffusart,proposed,proposed,diffusart,20073
12,userstudy_sid12_2025-12-25T06-47-11.702Z.txt,88,135,131,25,3,painttorch,colordiffv2,colordiffv2,painttorch,19096
12,userstudy_sid12_2025-12-25T06-47-11.702Z.txt,89,184,178,100,4,painttorch,proposed,proposed,painttorch,3985
12,userstudy_sid12_2025-12-25T06-47-11.702Z.txt,90,87,76,5,3,painttorch,colordiffv2,colordiffv2,painttorch,6161
12,userstudy_sid12_2025-12-25T06-47-11.702Z.txt,91,136,125,25,4,painttorch,proposed,proposed,painttorch,4084
12,userstudy_sid12_2025-12-25T06-47-11.702Z.txt,92,61,51,3,3,painttorch,colordiffv2,painttorch,colordiffv2,20764
12,userstudy_sid12_2025-12-25T06-47-11.702Z.txt,93,145,148,50,0,painttorch,diffusart,diffusart,painttorch,6757
12,userstudy_sid12_2025-12-25T06-47-11.702Z.txt,94,140,142,25,5,proposed,colordiffv2,proposed,colordiffv2,6173
12,userstudy_sid12_2025-12-25T06-47-11.702Z.txt,95,4,17,0,1,colordiffv2,diffusart,diffusart,colordiffv2,3276
12,userstudy_sid12_2025-12-25T06-47-11.702Z.txt,96,109,108,10,3,painttorch,colordiffv2,colordiffv2,painttorch,4348
12,userstudy_sid12_2025-12-25T06-47-11.702Z.txt,97,149,161,50,1,diffusart,colordiffv2,diffusart,colordiffv2,3698
12,userstudy_sid12_2025-12-25T06-47-11.702Z.txt,98,104,105,10,2,diffusart,proposed,proposed,diffusart,24465
12,userstudy_sid12_2025-12-25T06-47-11.702Z.txt,99,160,164,50,4,painttorch,proposed,proposed,painttorch,8242
12,userstudy_sid12_2025-12-25T06-47-11.702Z.txt,100,125,124,25,1,diffusart,colordiffv2,colordiffv2,diffusart,12599
12,userstudy_sid12_2025-12-25T06-47-11.702Z.txt,101,5,0,0,1,diffusart,colordiffv2,colordiffv2,diffusart,8168
12,userstudy_sid12_2025-12-25T06-47-11.702Z.txt,102,162,146,50,4,painttorch,proposed,proposed,painttorch,5625
12,userstudy_sid12_2025-12-25T06-47-11.702Z.txt,103,48,60,3,0,diffusart,painttorch,diffusart,painttorch,5606
12,userstudy_sid12_2025-12-25T06-47-11.702Z.txt,104,161,153,50,4,proposed,painttorch,proposed,painttorch,3104
12,userstudy_sid12_2025-12-25T06-47-11.702Z.txt,105,106,117,10,2,diffusart,proposed,proposed,diffusart,24944
12,userstudy_sid12_2025-12-25T06-47-11.702Z.txt,106,19,10,0,4,proposed,painttorch,painttorch,proposed,4442
12,userstudy_sid12_2025-12-25T06-47-11.702Z.txt,107,39,32,1,3,painttorch,colordiffv2,colordiffv2,painttorch,5988
12,userstudy_sid12_2025-12-25T06-47-11.702Z.txt,108,40,45,1,4,painttorch,proposed,proposed,painttorch,2791
12,userstudy_sid12_2025-12-25T06-47-11.702Z.txt,109,91,86,5,4,proposed,painttorch,proposed,painttorch,3420
12,userstudy_sid12_2025-12-25T06-47-11.702Z.txt,110,84,79,5,3,colordiffv2,painttorch,colordiffv2,painttorch,2234
12,userstudy_sid12_2025-12-25T06-47-11.702Z.txt,111,35,38,1,2,proposed,diffusart,proposed,diffusart,5502
12,userstudy_sid12_2025-12-25T06-47-11.702Z.txt,112,15,18,0,3,painttorch,colordiffv2,painttorch,colordiffv2,3882
12,userstudy_sid12_2025-12-25T06-47-11.702Z.txt,113,34,27,1,2,diffusart,proposed,proposed,diffusart,8217
12,userstudy_sid12_2025-12-25T06-47-11.702Z.txt,114,53,66,3,1,diffusart,colordiffv2,diffusart,colordiffv2,14917
12,userstudy_sid12_2025-12-25T06-47-11.702Z.txt,115,122,126,25,0,diffusart,painttorch,diffusart,painttorch,2869
12,userstudy_sid12_2025-12-25T06-47-11.702Z.txt,116,6,8,0,1,colordiffv2,diffusart,diffusart,colordiffv2,9496
12,userstudy_sid12_2025-12-25T06-47-11.702Z.txt,117,21,11,0,5,colordiffv2,proposed,colordiffv2,proposed,4845
12,userstudy_sid12_2025-12-25T06-47-11.702Z.txt,118,12,23,0,3,colordiffv2,painttorch,painttorch,colordiffv2,5336
12,userstudy_sid12_2025-12-25T06-47-11.702Z.txt,119,141,132,25,5,colordiffv2,proposed,colordiffv2,proposed,10352
12,userstudy_sid12_2025-12-25T06-47-11.702Z.txt,120,2,20,0,0,diffusart,painttorch,painttorch,diffusart,11148
12,userstudy_sid12_2025-12-25T06-47-11.702Z.txt,121,164,150,50,5,proposed,colordiffv2,proposed,colordiffv2,5693
12,userstudy_sid12_2025-12-25T06-47-11.702Z.txt,122,123,133,25,0,painttorch,diffusart,diffusart,painttorch,2111
12,userstudy_sid12_2025-12-25T06-47-11.702Z.txt,123,57,58,3,2,proposed,diffusart,proposed,diffusart,9761
12,userstudy_sid12_2025-12-25T06-47-11.702Z.txt,124,0,22,0,0,diffusart,painttorch,painttorch,diffusart,6308
12,userstudy_sid12_2025-12-25T06-47-11.702Z.txt,125,59,68,3,2,proposed,diffusart,proposed,diffusart,13724
12,userstudy_sid12_2025-12-25T06-47-11.702Z.txt,126,92,85,5,5,proposed,colordiffv2,proposed,colordiffv2,6479
12,userstudy_sid12_2025-12-25T06-47-11.702Z.txt,127,177,184,100,2,proposed,diffusart,proposed,diffusart,2637
12,userstudy_sid12_2025-12-25T06-47-11.702Z.txt,128,65,54,3,4,proposed,painttorch,proposed,painttorch,4440
12,userstudy_sid12_2025-12-25T06-47-11.702Z.txt,129,69,62,3,5,colordiffv2,proposed,colordiffv2,proposed,3013
12,userstudy_sid12_2025-12-25T06-47-11.702Z.txt,130,32,28,1,2,diffusart,proposed,proposed,diffusart,5217
12,userstudy_sid12_2025-12-25T06-47-11.702Z.txt,131,187,169,100,4,proposed,painttorch,proposed,painttorch,2490
12,userstudy_sid12_2025-12-25T06-47-11.702Z.txt,132,18,9,0,4,painttorch,proposed,painttorch,proposed,3335
12,userstudy_sid12_2025-12-25T06-47-11.702Z.txt,133,169,173,100,0,painttorch,diffusart,diffusart,painttorch,3082
12,userstudy_sid12_2025-12-25T06-47-11.702Z.txt,134,46,35,1,5,proposed,colordiffv2,proposed,colordiffv2,5570
12,userstudy_sid12_2025-12-25T06-47-11.702Z.txt,135,3,6,0,0,painttorch,diffusart,diffusart,painttorch,5473
12,userstudy_sid12_2025-12-25T06-47-11.702Z.txt,136,7,21,0,1,diffusart,colordiffv2,diffusart,colordiffv2,5881
12,userstudy_sid12_2025-12-25T06-47-11.702Z.txt,137,108,106,10,3,colordiffv2,painttorch,colordiffv2,painttorch,1739
12,userstudy_sid12_2025-12-25T06-47-11.702Z.txt,138,120,120,25,0,diffusart,painttorch,diffusart,painttorch,4037
12,userstudy_sid12_2025-12-25T06-47-11.702Z.txt,139,85,83,5,3,painttorch,colordiffv2,painttorch,colordiffv2,8616
12,userstudy_sid12_2025-12-25T06-47-11.702Z.txt,140,20,1,0,5,proposed,colordiffv2,proposed,colordiffv2,2973
12,userstudy_sid12_2025-12-25T06-47-11.702Z.txt,141,127,129,25,1,diffusart,colordiffv2,colordiffv2,diffusart,11016
12,userstudy_sid12_2025-12-25T06-47-11.702Z.txt,142,183,176,100,3,painttorch,colordiffv2,colordiffv2,painttorch,2286
12,userstudy_sid12_2025-12-25T06-47-11.702Z.txt,143,147,166,50,0,painttorch,diffusart,diffusart,painttorch,2552
12,userstudy_sid12_2025-12-25T06-47-11.702Z.txt,144,142,128,25,5,proposed,colordiffv2,proposed,colordiffv2,2746
12,userstudy_sid12_2025-12-25T06-47-11.702Z.txt,145,76,94,5,1,colordiffv2,diffusart,colordiffv2,diffusart,6517
12,userstudy_sid12_2025-12-25T06-47-11.702Z.txt,146,155,160,50,2,proposed,diffusart,proposed,diffusart,3298
12,userstudy_sid12_2025-12-25T06-47-11.702Z.txt,147,70,59,3,5,proposed,colordiffv2,proposed,colordiffv2,1862
12,userstudy_sid12_2025-12-25T06-47-11.702Z.txt,148,45,34,1,5,colordiffv2,proposed,proposed,colordiffv2,17595
12,userstudy_sid12_2025-12-25T06-47-11.702Z.txt,149,67,67,3,4,proposed,painttorch,proposed,painttorch,1733
12,userstudy_sid12_2025-12-25T06-47-11.702Z.txt,150,175,188,100,1,diffusart,colordiffv2,colordiffv2,diffusart,5336
12,userstudy_sid12_2025-12-25T06-47-11.702Z.txt,151,163,145,50,4,proposed,painttorch,proposed,painttorch,4342
12,userstudy_sid12_2025-12-25T06-47-11.702Z.txt,152,153,157,50,2,proposed,diffusart,proposed,diffusart,1980
12,userstudy_sid12_2025-12-25T06-47-11.702Z.txt,153,144,162,50,0,diffusart,painttorch,diffusart,painttorch,2040
12,userstudy_sid12_2025-12-25T06-47-11.702Z.txt,154,150,154,50,1,colordiffv2,diffusart,colordiffv2,diffusart,1630
12,userstudy_sid12_2025-12-25T06-47-11.702Z.txt,155,189,186,100,5,colordiffv2,proposed,proposed,colordiffv2,4928
12,userstudy_sid12_2025-12-25T06-47-11.702Z.txt,156,33,47,1,2,proposed,diffusart,proposed,diffusart,13168
12,userstudy_sid12_2025-12-25T06-47-11.702Z.txt,157,89,75,5,4,proposed,painttorch,proposed,painttorch,2839
12,userstudy_sid12_2025-12-25T06-47-11.702Z.txt,158,121,127,25,0,painttorch,diffusart,diffusart,painttorch,2040
12,userstudy_sid12_2025-12-25T06-47-11.702Z.txt,159,1,3,0,0,painttorch,diffusart,diffusart,painttorch,4759
12,userstudy_sid12_2025-12-25T06-47-11.702Z.txt,160,130,137,25,2,diffusart,proposed,proposed,diffusart,3938
12,userstudy_sid12_2025-12-25T06-47-11.702Z.txt,161,66,49,3,4,painttorch,proposed,proposed,painttorch,7616
12,userstudy_sid12_2025-12-25T06-47-11.702Z.txt,162,74,92,5,0,diffusart,painttorch,diffusart,painttorch,7705
12,userstudy_sid12_2025-12-25T06-47-11.702Z.txt,163,143,122,25,5,colordiffv2,proposed,proposed,colordiffv2,7334
12,userstudy_sid12_2025-12-25T06-47-11.702Z.txt,164,31,44,1,1,diffusart,colordiffv2,diffusart,colordiffv2,41762
12,userstudy_sid12_2025-12-25T06-47-11.702Z.txt,165,176,172,100,2,diffusart,proposed,proposed,diffusart,5239
12,userstudy_sid12_2025-12-25T06-47-11.702Z.txt,166,114,118,10,4,painttorch,proposed,proposed,painttorch,2602
12,userstudy_sid12_2025-12-25T06-47-11.702Z.txt,167,51,61,3,0,painttorch,diffusart,painttorch,diffusart,2430
12,userstudy_sid12_2025-12-25T06-47-11.702Z.txt,168,158,158,50,3,colordiffv2,painttorch,colordiffv2,painttorch,8447
12,userstudy_sid12_2025-12-25T06-47-11.702Z.txt,169,27,33,1,0,painttorch,diffusart,diffusart,painttorch,5322
12,userstudy_sid12_2025-12-25T06-47-11.702Z.txt,170,50,65,3,0,diffusart,painttorch,diffusart,painttorch,4558
12,userstudy_sid12_2025-12-25T06-47-11.702Z.txt,171,171,181,100,0,painttorch,diffusart,painttorch,diffusart,10346
12,userstudy_sid12_2025-12-25T06-47-11.702Z.txt,172,72,89,5,0,diffusart,painttorch,diffusart,painttorch,8348
12,userstudy_sid12_2025-12-25T06-47-11.702Z.txt,173,138,141,25,4,painttorch,proposed,proposed,painttorch,2305
12,userstudy_sid12_2025-12-25T06-47-11.702Z.txt,174,103,99,10,1,diffusart,colordiffv2,colordiffv2,diffusart,4415
12,userstudy_sid12_2025-12-25T06-47-11.702Z.txt,175,22,4,0,5,proposed,colordiffv2,proposed,colordiffv2,3598
12,userstudy_sid12_2025-12-25T06-47-11.702Z.txt,176,90,87,5,4,painttorch,proposed,proposed,painttorch,4186
12,userstudy_sid12_2025-12-25T06-47-11.702Z.txt,177,102,101,10,1,colordiffv2,diffusart,diffusart,colordiffv2,10664
12,userstudy_sid12_2025-12-25T06-47-11.702Z.txt,178,28,40,1,1,colordiffv2,diffusart,colordiffv2,diffusart,4030
12,userstudy_sid12_2025-12-25T06-47-11.702Z.txt,179,63,64,3,3,painttorch,colordiffv2,colordiffv2,painttorch,8960
12,userstudy_sid12_2025-12-25T06-47-11.702Z.txt,180,133,123,25,3,painttorch,colordiffv2,colordiffv2,painttorch,3512
12,userstudy_sid12_2025-12-25T06-47-11.702Z.txt,181,47,42,1,5,colordiffv2,proposed,proposed,colordiffv2,6028
12,userstudy_sid12_2025-12-25T06-47-11.702Z.txt,182,117,111,10,5,colordiffv2,proposed,proposed,colordiffv2,6493
12,userstudy_sid12_2025-12-25T06-47-11.702Z.txt,183,185,183,100,4,proposed,painttorch,proposed,painttorch,2156
12,userstudy_sid12_2025-12-25T06-47-11.702Z.txt,184,119,110,10,5,colordiffv2,proposed,proposed,colordiffv2,28481
12,userstudy_sid12_2025-12-25T06-47-11.702Z.txt,185,43,31,1,4,proposed,painttorch,proposed,painttorch,3172
12,userstudy_sid12_2025-12-25T06-47-11.702Z.txt,186,116,98,10,5,proposed,colordiffv2,colordiffv2,proposed,7313
12,userstudy_sid12_2025-12-25T06-47-11.702Z.txt,187,172,179,100,1,colordiffv2,diffusart,colordiffv2,diffusart,2682
12,userstudy_sid12_2025-12-25T06-47-11.702Z.txt,188,188,182,100,5,proposed,colordiffv2,proposed,colordiffv2,8538
12,userstudy_sid12_2025-12-25T06-47-11.702Z.txt,189,168,185,100,0,diffusart,painttorch,diffusart,painttorch,1637
12,userstudy_sid12_2025-12-25T06-47-11.702Z.txt,190,179,180,100,2,proposed,diffusart,proposed,diffusart,3408
12,userstudy_sid12_2025-12-25T06-47-11.702Z.txt,191,126,136,25,1,colordiffv2,diffusart,diffusart,colordiffv2,6973
13,userstudy_sid13_2026-01-08T04-20-48.921Z.txt,0,137,135,25,4,proposed,painttorch,proposed,painttorch,2237
13,userstudy_sid13_2026-01-08T04-20-48.921Z.txt,1,64,52,3,4,painttorch,proposed,painttorch,proposed,1145
13,userstudy_sid13_2026-01-08T04-20-48.921Z.txt,2,177,184,100,2,proposed,diffusart,diffusart,proposed,1968
13,userstudy_sid13_2026-01-08T04-20-48.921Z.txt,3,57,58,3,2,proposed,diffusart,proposed,diffusart,1789
13,userstudy_sid13_2026-01-08T04-20-48.921Z.txt,4,165,149,50,5,colordiffv2,proposed,proposed,colordiffv2,3300
13,userstudy_sid13_2026-01-08T04-20-48.921Z.txt,5,24,37,1,0,diffusart,painttorch,diffusart,painttorch,1324
13,userstudy_sid13_2026-01-08T04-20-48.921Z.txt,6,123,133,25,0,painttorch,diffusart,diffusart,painttorch,1738
13,userstudy_sid13_2026-01-08T04-20-48.921Z.txt,7,32,28,1,2,diffusart,proposed,diffusart,proposed,1314
13,userstudy_sid13_2026-01-08T04-20-48.921Z.txt,8,180,168,100,3,colordiffv2,painttorch,colordiffv2,painttorch,1501
13,userstudy_sid13_2026-01-08T04-20-48.921Z.txt,9,55,57,3,1,diffusart,colordiffv2,colordiffv2,diffusart,2141
13,userstudy_sid13_2026-01-08T04-20-48.921Z.txt,10,98,113,10,0,diffusart,painttorch,diffusart,painttorch,2217
13,userstudy_sid13_2026-01-08T04-20-48.921Z.txt,11,53,66,3,1,diffusart,colordiffv2,diffusart,colordiffv2,1101
13,userstudy_sid13_2026-01-08T04-20-48.921Z.txt,12,167,152,50,5,colordiffv2,proposed,proposed,colordiffv2,1539
13,userstudy_sid13_2026-01-08T04-20-48.921Z.txt,13,80,80,5,2,diffusart,proposed,diffusart,proposed,1137
13,userstudy_sid13_2026-01-08T04-20-48.921Z.txt,14,170,171,100,0,diffusart,painttorch,diffusart,painttorch,824
13,userstudy_sid13_2026-01-08T04-20-48.921Z.txt,15,42,43,1,4,painttorch,proposed,painttorch,proposed,3170
13,userstudy_sid13_2026-01-08T04-20-48.921Z.txt,16,182,177,100,3,colordiffv2,painttorch,colordiffv2,painttorch,2922
13,userstudy_sid13_2026-01-08T04-20-48.921Z.txt,17,121,127,25,0,painttorch,diffusart,diffusart,painttorch,1088
13,userstudy_sid13_2026-01-08T04-20-48.921Z.txt,18,13,2,0,3,painttorch,colordiffv2,painttorch,colordiffv2,1154
13,userstudy_sid13_2026-01-08T04-20-48.921Z.txt,19,35,38,1,2,proposed,diffusart,proposed,diffusart,2454
13,userstudy_sid13_2026-01-08T04-20-48.921Z.txt,20,139,134,25,4,proposed,painttorch,proposed,painttorch,1251
13,userstudy_sid13_2026-01-08T04-20-48.921Z.txt,21,28,40,1,1,colordiffv2,diffusart,diffusart,colordiffv2,1751
13,userstudy_sid13_2026-01-08T04-20-48.921Z.txt,22,10,13,0,2,diffusart,proposed,proposed,diffusart,1426
13,userstudy_sid13_2026-01-08T04-20-48.921Z.txt,23,104,105,10,2,diffusart,proposed,proposed,diffusart,4189
13,userstudy_sid13_2026-01-08T04-20-48.921Z.txt,24,92,85,5,5,proposed,colordiffv2,proposed,colordiffv2,1414
13,userstudy_sid13_2026-01-08T04-20-48.921Z.txt,25,168,185,100,0,diffusart,painttorch,diffusart,painttorch,1098
13,userstudy_sid13_2026-01-08T04-20-48.921Z.txt,26,127,129,25,1,diffusart,colordiffv2,colordiffv2,diffusart,3467
13,userstudy_sid13_2026-01-08T04-20-48.921Z.txt,27,16,12,0,4,painttorch,proposed,painttorch,proposed,1649
13,userstudy_sid13_2026-01-08T04-20-48.921Z.txt,28,45,34,1,5,colordiffv2,proposed,colordiffv2,proposed,1544
13,userstudy_sid13_2026-01-08T04-20-48.921Z.txt,29,152,155,50,2,diffusart,proposed,diffusart,proposed,2071
13,userstudy_sid13_2026-01-08T04-20-48.921Z.txt,30,2,20,0,0,diffusart,painttorch,diffusart,painttorch,1713
13,userstudy_sid13_2026-01-08T04-20-48.921Z.txt,31,22,4,0,5,proposed,colordiffv2,proposed,colordiffv2,777
13,userstudy_sid13_2026-01-08T04-20-48.921Z.txt,32,103,99,10,1,diffusart,colordiffv2,diffusart,colordiffv2,1802
13,userstudy_sid13_2026-01-08T04-20-48.921Z.txt,33,155,160,50,2,proposed,diffusart,diffusart,proposed,1562
13,userstudy_sid13_2026-01-08T04-20-48.921Z.txt,34,190,191,100,5,proposed,colordiffv2,proposed,colordiffv2,1232
13,userstudy_sid13_2026-01-08T04-20-48.921Z.txt,35,150,154,50,1,colordiffv2,diffusart,colordiffv2,diffusart,1460
13,userstudy_sid13_2026-01-08T04-20-48.921Z.txt,36,159,156,50,3,painttorch,colordiffv2,colordiffv2,painttorch,1608
13,userstudy_sid13_2026-01-08T04-20-48.921Z.txt,37,46,35,1,5,proposed,colordiffv2,proposed,colordiffv2,1369
13,userstudy_sid13_2026-01-08T04-20-48.921Z.txt,38,173,174,100,1,diffusart,colordiffv2,diffusart,colordiffv2,951
13,userstudy_sid13_2026-01-08T04-20-48.921Z.txt,39,23,7,0,5,colordiffv2,proposed,proposed,colordiffv2,1175
13,userstudy_sid13_2026-01-08T04-20-48.921Z.txt,40,27,33,1,0,painttorch,diffusart,painttorch,diffusart,1778
13,userstudy_sid13_2026-01-08T04-20-48.921Z.txt,41,65,54,3,4,proposed,painttorch,proposed,painttorch,820
13,userstudy_sid13_2026-01-08T04-20-48.921Z.txt,42,3,6,0,0,painttorch,diffusart,painttorch,diffusart,796
13,userstudy_sid13_2026-01-08T04-20-48.921Z.txt,43,126,136,25,1,colordiffv2,diffusart,diffusart,colordiffv2,2066
13,userstudy_sid13_2026-01-08T04-20-48.921Z.txt,44,142,128,25,5,proposed,colordiffv2,proposed,colordiffv2,1144
13,userstudy_sid13_2026-01-08T04-20-48.921Z.txt,45,114,118,10,4,painttorch,proposed,proposed,painttorch,1811
13,userstudy_sid13_2026-01-08T04-20-48.921Z.txt,46,178,187,100,2,diffusart,proposed,diffusart,proposed,1475
13,userstudy_sid13_2026-01-08T04-20-48.921Z.txt,47,153,157,50,2,proposed,diffusart,proposed,diffusart,1274
13,userstudy_sid13_2026-01-08T04-20-48.921Z.txt,48,21,11,0,5,colordiffv2,proposed,proposed,colordiffv2,1177
13,userstudy_sid13_2026-01-08T04-20-48.921Z.txt,49,1,3,0,0,painttorch,diffusart,painttorch,diffusart,2300
13,userstudy_sid13_2026-01-08T04-20-48.921Z.txt,50,63,64,3,3,painttorch,colordiffv2,colordiffv2,painttorch,1687
13,userstudy_sid13_2026-01-08T04-20-48.921Z.txt,51,52,50,3,1,colordiffv2,diffusart,colordiffv2,diffusart,1105
13,userstudy_sid13_2026-01-08T04-20-48.921Z.txt,52,37,26,1,3,painttorch,colordiffv2,colordiffv2,painttorch,1601
13,userstudy_sid13_2026-01-08T04-20-48.921Z.txt,53,181,170,100,3,painttorch,colordiffv2,painttorch,colordiffv2,1260
13,userstudy_sid13_2026-01-08T04-20-48.921Z.txt,54,62,56,3,3,colordiffv2,painttorch,painttorch,colordiffv2,1232
13,userstudy_sid13_2026-01-08T04-20-48.921Z.txt,55,130,137,25,2,diffusart,proposed,diffusart,proposed,1358
13,userstudy_sid13_2026-01-08T04-20-48.921Z.txt,56,17,15,0,4,proposed,painttorch,proposed,painttorch,1123
13,userstudy_sid13_2026-01-08T04-20-48.921Z.txt,57,19,10,0,4,proposed,painttorch,painttorch,proposed,1223
13,userstudy_sid13_2026-01-08T04-20-48.921Z.txt,58,132,143,25,3,colordiffv2,painttorch,colordiffv2,painttorch,1408
13,userstudy_sid13_2026-01-08T04-20-48.921Z.txt,59,36,36,1,3,colordiffv2,painttorch,colordiffv2,painttorch,1692
13,userstudy_sid13_2026-01-08T04-20-48.921Z.txt,60,71,55,3,5,colordiffv2,proposed,colordiffv2,proposed,1190
13,userstudy_sid13_2026-01-08T04-20-48.921Z.txt,61,136,125,25,4,painttorch,proposed,proposed,painttorch,1046
13,userstudy_sid13_2026-01-08T04-20-48.921Z.txt,62,172,179,100,1,colordiffv2,diffusart,colordiffv2,diffusart,1958
13,userstudy_sid13_2026-01-08T04-20-48.921Z.txt,63,110,109,10,3,colordiffv2,painttorch,colordiffv2,painttorch,934
13,userstudy_sid13_2026-01-08T04-20-48.921Z.txt,64,147,166,50,0,painttorch,diffusart,diffusart,painttorch,1495
13,userstudy_sid13_2026-01-08T04-20-48.921Z.txt,65,69,62,3,5,colordiffv2,proposed,proposed,colordiffv2,961
13,userstudy_sid13_2026-01-08T04-20-48.921Z.txt,66,15,18,0,3,painttorch,colordiffv2,painttorch,colordiffv2,1478
13,userstudy_sid13_2026-01-08T04-20-48.921Z.txt,67,11,14,0,2,proposed,diffusart,diffusart,proposed,1383
13,userstudy_sid13_2026-01-08T04-20-48.921Z.txt,68,111,97,10,3,painttorch,colordiffv2,painttorch,colordiffv2,1097
13,userstudy_sid13_2026-01-08T04-20-48.921Z.txt,69,78,90,5,1,colordiffv2,diffusart,colordiffv2,diffusart,1754
13,userstudy_sid13_2026-01-08T04-20-48.921Z.txt,70,107,116,10,2,proposed,diffusart,proposed,diffusart,2317
13,userstudy_sid13_2026-01-08T04-20-48.921Z.txt,71,133,123,25,3,painttorch,colordiffv2,colordiffv2,painttorch,1419
13,userstudy_sid13_2026-01-08T04-20-48.921Z.txt,72,129,130,25,2,proposed,diffusart,diffusart,proposed,1228
13,userstudy_sid13_2026-01-08T04-20-48.921Z.txt,73,164,150,50,5,proposed,colordiffv2,proposed,colordiffv2,1062
13,userstudy_sid13_2026-01-08T04-20-48.921Z.txt,74,163,145,50,4,proposed,painttorch,proposed,painttorch,1139
13,userstudy_sid13_2026-01-08T04-20-48.921Z.txt,75,12,23,0,3,colordiffv2,painttorch,painttorch,colordiffv2,1157
13,userstudy_sid13_2026-01-08T04-20-48.921Z.txt,76,191,189,100,5,colordiffv2,proposed,colordiffv2,proposed,1543
13,userstudy_sid13_2026-01-08T04-20-48.921Z.txt,77,88,91,5,4,painttorch,proposed,proposed,painttorch,1843
13,userstudy_sid13_2026-01-08T04-20-48.921Z.txt,78,101,103,10,1,diffusart,colordiffv2,diffusart,colordiffv2,1125
13,userstudy_sid13_2026-01-08T04-20-48.921Z.txt,79,185,183,100,4,proposed,painttorch,proposed,painttorch,1277
13,userstudy_sid13_2026-01-08T04-20-48.921Z.txt,80,50,65,3,0,diffusart,painttorch,diffusart,painttorch,2048
13,userstudy_sid13_2026-01-08T04-20-48.921Z.txt,81,90,87,5,4,painttorch,proposed,proposed,painttorch,1686
13,userstudy_sid13_2026-01-08T04-20-48.921Z.txt,82,162,146,50,4,painttorch,proposed,proposed,painttorch,1272
13,userstudy_sid13_2026-01-08T04-20-48.921Z.txt,83,146,159,50,0,diffusart,painttorch,diffusart,painttorch,1939
13,userstudy_sid13_2026-01-08T04-20-48.921Z.txt,84,67,67,3,4,proposed,painttorch,proposed,painttorch,1866
13,userstudy_sid13_2026-01-08T04-20-48.921Z.txt,85,189,186,100,5,colordiffv2,proposed,proposed,colordiffv2,1286
13,userstudy_sid13_2026-01-08T04-20-48.921Z.txt,86,4,17,0,1,colordiffv2,diffusart,diffusart,colordiffv2,715
13,userstudy_sid13_2026-01-08T04-20-48.921Z.txt,87,93,95,5,5,colordiffv2,proposed,proposed,colordiffv2,1398
13,userstudy_sid13_2026-01-08T04-20-48.921Z.txt,88,134,140,25,3,colordiffv2,painttorch,colordiffv2,painttorch,671
13,userstudy_sid13_2026-01-08T04-20-48.921Z.txt,89,20,1,0,5,proposed,colordiffv2,proposed,colordiffv2,649
13,userstudy_sid13_2026-01-08T04-20-48.921Z.txt,90,113,102,10,4,proposed,painttorch,painttorch,proposed,1330
13,userstudy_sid13_2026-01-08T04-20-48.921Z.txt,91,9,5,0,2,proposed,diffusart,diffusart,proposed,1059
13,userstudy_sid13_2026-01-08T04-20-48.921Z.txt,92,131,121,25,2,proposed,diffusart,proposed,diffusart,1016
13,userstudy_sid13_2026-01-08T04-20-48.921Z.txt,93,97,96,10,0,painttorch,diffusart,diffusart,painttorch,1139
13,userstudy_sid13_2026-01-08T04-20-48.921Z.txt,94,31,44,1,1,diffusart,colordiffv2,diffusart,colordiffv2,794
13,userstudy_sid13_2026-01-08T04-20-48.921Z.txt,95,138,141,25,4,painttorch,proposed,painttorch,proposed,1309
13,userstudy_sid13_2026-01-08T04-20-48.921Z.txt,96,94,73,5,5,proposed,colordiffv2,proposed,colordiffv2,1143
13,userstudy_sid13_2026-01-08T04-20-48.921Z.txt,97,143,122,25,5,colordiffv2,proposed,proposed,colordiffv2,1346
13,userstudy_sid13_2026-01-08T04-20-48.921Z.txt,98,157,163,50,3,painttorch,colordiffv2,painttorch,colordiffv2,1288
13,userstudy_sid13_2026-01-08T04-20-48.921Z.txt,99,166,167,50,5,proposed,colordiffv2,proposed,colordiffv2,1530
13,userstudy_sid13_2026-01-08T04-20-48.921Z.txt,100,40,45,1,4,painttorch,proposed,proposed,painttorch,1364
13,userstudy_sid13_2026-01-08T04-20-48.921Z.txt,101,91,86,5,4,proposed,painttorch,proposed,painttorch,1689
13,userstudy_sid13_2026-01-08T04-20-48.921Z.txt,102,8,19,0,2,diffusart,proposed,diffusart,proposed,1806
13,userstudy_sid13_2026-01-08T04-20-48.921Z.txt,103,154,147,50,2,diffusart,proposed,proposed,diffusart,8153
13,userstudy_sid13_2026-01-08T04-20-48.921Z.txt,104,184,178,100,4,painttorch,proposed,proposed,painttorch,886
13,userstudy_sid13_2026-01-08T04-20-48.921Z.txt,105,6,8,0,1,colordiffv2,diffusart,diffusart,colordiffv2,920
13,userstudy_sid13_2026-01-08T04-20-48.921Z.txt,106,116,98,10,5,proposed,colordiffv2,colordiffv2,proposed,1104
13,userstudy_sid13_2026-01-08T04-20-48.921Z.txt,107,81,74,5,2,proposed,diffusart,proposed,diffusart,1644
13,userstudy_sid13_2026-01-08T04-20-48.921Z.txt,108,54,63,3,1,colordiffv2,diffusart,colordiffv2,diffusart,1231
13,userstudy_sid13_2026-01-08T04-20-48.921Z.txt,109,95,93,5,5,colordiffv2,proposed,proposed,colordiffv2,1033
13,userstudy_sid13_2026-01-08T04-20-48.921Z.txt,110,174,190,100,1,colordiffv2,diffusart,diffusart,colordiffv2,894
13,userstudy_sid13_2026-01-08T04-20-48.921Z.txt,111,85,83,5,3,painttorch,colordiffv2,colordiffv2,painttorch,1474
13,userstudy_sid13_2026-01-08T04-20-48.921Z.txt,112,33,47,1,2,proposed,diffusart,proposed,diffusart,820
13,userstudy_sid13_2026-01-08T04-20-48.921Z.txt,113,148,165,50,1,colordiffv2,diffusart,colordiffv2,diffusart,757
13,userstudy_sid13_2026-01-08T04-20-48.921Z.txt,114,51,61,3,0,painttorch,diffusart,painttorch,diffusart,1421
13,userstudy_sid13_2026-01-08T04-20-48.921Z.txt,115,156,151,50,3,colordiffv2,painttorch,painttorch,colordiffv2,1060
13,userstudy_sid13_2026-01-08T04-20-48.921Z.txt,116,149,161,50,1,diffusart,colordiffv2,diffusart,colordiffv2,1020
13,userstudy_sid13_2026-01-08T04-20-48.921Z.txt,117,100,104,10,1,colordiffv2,diffusart,diffusart,colordiffv2,1069
13,userstudy_sid13_2026-01-08T04-20-48.921Z.txt,118,43,31,1,4,proposed,painttorch,proposed,painttorch,834
13,userstudy_sid13_2026-01-08T04-20-48.921Z.txt,119,122,126,25,0,diffusart,painttorch,diffusart,painttorch,1020
13,userstudy_sid13_2026-01-08T04-20-48.921Z.txt,120,82,82,5,2,diffusart,proposed,proposed,diffusart,2234
13,userstudy_sid13_2026-01-08T04-20-48.921Z.txt,121,38,46,1,3,colordiffv2,painttorch,painttorch,colordiffv2,2512
13,userstudy_sid13_2026-01-08T04-20-48.921Z.txt,122,58,48,3,2,diffusart,proposed,diffusart,proposed,1636
13,userstudy_sid13_2026-01-08T04-20-48.921Z.txt,123,0,22,0,0,diffusart,painttorch,painttorch,diffusart,1185
13,userstudy_sid13_2026-01-08T04-20-48.921Z.txt,124,187,169,100,4,proposed,painttorch,proposed,painttorch,781
13,userstudy_sid13_2026-01-08T04-20-48.921Z.txt,125,74,92,5,0,diffusart,painttorch,diffusart,painttorch,817
13,userstudy_sid13_2026-01-08T04-20-48.921Z.txt,126,151,144,50,1,diffusart,colordiffv2,colordiffv2,diffusart,1087
13,userstudy_sid13_2026-01-08T04-20-48.921Z.txt,127,39,32,1,3,painttorch,colordiffv2,colordiffv2,painttorch,1358
13,userstudy_sid13_2026-01-08T04-20-48.921Z.txt,128,124,138,25,1,colordiffv2,diffusart,colordiffv2,diffusart,904
13,userstudy_sid13_2026-01-08T04-20-48.921Z.txt,129,169,173,100,0,painttorch,diffusart,diffusart,painttorch,880
13,userstudy_sid13_2026-01-08T04-20-48.921Z.txt,130,47,42,1,5,colordiffv2,proposed,proposed,colordiffv2,1144
13,userstudy_sid13_2026-01-08T04-20-48.921Z.txt,131,14,16,0,3,colordiffv2,painttorch,painttorch,colordiffv2,748
13,userstudy_sid13_2026-01-08T04-20-48.921Z.txt,132,7,21,0,1,diffusart,colordiffv2,diffusart,colordiffv2,983
13,userstudy_sid13_2026-01-08T04-20-48.921Z.txt,133,96,119,10,0,diffusart,painttorch,painttorch,diffusart,1182
13,userstudy_sid13_2026-01-08T04-20-48.921Z.txt,134,59,68,3,2,proposed,diffusart,diffusart,proposed,1832
13,userstudy_sid13_2026-01-08T04-20-48.921Z.txt,135,77,72,5,1,diffusart,colordiffv2,colordiffv2,diffusart,1710
13,userstudy_sid13_2026-01-08T04-20-48.921Z.txt,136,105,112,10,2,proposed,diffusart,proposed,diffusart,963
13,userstudy_sid13_2026-01-08T04-20-48.921Z.txt,137,145,148,50,0,painttorch,diffusart,painttorch,diffusart,1615
13,userstudy_sid13_2026-01-08T04-20-48.921Z.txt,138,176,172,100,2,diffusart,proposed,proposed,diffusart,1850
13,userstudy_sid13_2026-01-08T04-20-48.921Z.txt,139,118,115,10,5,proposed,colordiffv2,colordiffv2,proposed,1530
13,userstudy_sid13_2026-01-08T04-20-48.921Z.txt,140,125,124,25,1,diffusart,colordiffv2,diffusart,colordiffv2,1229
13,userstudy_sid13_2026-01-08T04-20-48.921Z.txt,141,30,30,1,1,colordiffv2,diffusart,diffusart,colordiffv2,1095
13,userstudy_sid13_2026-01-08T04-20-48.921Z.txt,142,120,120,25,0,diffusart,painttorch,diffusart,painttorch,772
13,userstudy_sid13_2026-01-08T04-20-48.921Z.txt,143,179,180,100,2,proposed,diffusart,proposed,diffusart,1045
13,userstudy_sid13_2026-01-08T04-20-48.921Z.txt,144,70,59,3,5,proposed,colordiffv2,proposed,colordiffv2,761
13,userstudy_sid13_2026-01-08T04-20-48.921Z.txt,145,158,158,50,3,colordiffv2,painttorch,colordiffv2,painttorch,1612
13,userstudy_sid13_2026-01-08T04-20-48.921Z.txt,146,61,51,3,3,painttorch,colordiffv2,colordiffv2,painttorch,1227
13,userstudy_sid13_2026-01-08T04-20-48.921Z.txt,147,161,153,50,4,proposed,painttorch,proposed,painttorch,1357
13,userstudy_sid13_2026-01-08T04-20-48.921Z.txt,148,79,81,5,1,diffusart,colordiffv2,colordiffv2,diffusart,1811
13,userstudy_sid13_2026-01-08T04-20-48.921Z.txt,149,89,75,5,4,proposed,painttorch,proposed,painttorch,1316
13,userstudy_sid13_2026-01-08T04-20-48.921Z.txt,150,186,175,100,4,painttorch,proposed,proposed,painttorch,922
13,userstudy_sid13_2026-01-08T04-20-48.921Z.txt,151,106,117,10,2,diffusart,proposed,proposed,diffusart,1055
13,userstudy_sid13_2026-01-08T04-20-48.921Z.txt,152,135,131,25,3,painttorch,colordiffv2,colordiffv2,painttorch,1365
13,userstudy_sid13_2026-01-08T04-20-48.921Z.txt,153,87,76,5,3,painttorch,colordiffv2,painttorch,colordiffv2,1911
13,userstudy_sid13_2026-01-08T04-20-48.921Z.txt,154,117,111,10,5,colordiffv2,proposed,colordiffv2,proposed,816
13,userstudy_sid13_2026-01-08T04-20-48.921Z.txt,155,68,69,3,5,proposed,colordiffv2,colordiffv2,proposed,869
13,userstudy_sid13_2026-01-08T04-20-48.921Z.txt,156,75,88,5,0,painttorch,diffusart,diffusart,painttorch,1713
13,userstudy_sid13_2026-01-08T04-20-48.921Z.txt,157,175,188,100,1,diffusart,colordiffv2,diffusart,colordiffv2,1154
13,userstudy_sid13_2026-01-08T04-20-48.921Z.txt,158,171,181,100,0,painttorch,diffusart,diffusart,painttorch,894
13,userstudy_sid13_2026-01-08T04-20-48.921Z.txt,159,76,94,5,1,colordiffv2,diffusart,diffusart,colordiffv2,880
13,userstudy_sid13_2026-01-08T04-20-48.921Z.txt,160,128,139,25,2,diffusart,proposed,diffusart,proposed,2164
13,userstudy_sid13_2026-01-08T04-20-48.921Z.txt,161,73,78,5,0,painttorch,diffusart,painttorch,diffusart,1470
13,userstudy_sid13_2026-01-08T04-20-48.921Z.txt,162,102,101,10,1,colordiffv2,diffusart,colordiffv2,diffusart,1457
13,userstudy_sid13_2026-01-08T04-20-48.921Z.txt,163,86,77,5,3,colordiffv2,painttorch,painttorch,colordiffv2,855
13,userstudy_sid13_2026-01-08T04-20-48.921Z.txt,164,72,89,5,0,diffusart,painttorch,diffusart,painttorch,1315
13,userstudy_sid13_2026-01-08T04-20-48.921Z.txt,165,5,0,0,1,diffusart,colordiffv2,diffusart,colordiffv2,691
13,userstudy_sid13_2026-01-08T04-20-48.921Z.txt,166,41,25,1,4,proposed,painttorch,painttorch,proposed,865
13,userstudy_sid13_2026-01-08T04-20-48.921Z.txt,167,99,114,10,0,painttorch,diffusart,diffusart,painttorch,1166
13,userstudy_sid13_2026-01-08T04-20-48.921Z.txt,168,49,70,3,0,painttorch,diffusart,diffusart,painttorch,1068
13,userstudy_sid13_2026-01-08T04-20-48.921Z.txt,169,115,107,10,4,proposed,painttorch,proposed,painttorch,778
13,userstudy_sid13_2026-01-08T04-20-48.921Z.txt,170,60,71,3,3,colordiffv2,painttorch,colordiffv2,painttorch,990
13,userstudy_sid13_2026-01-08T04-20-48.921Z.txt,171,108,106,10,3,colordiffv2,painttorch,painttorch,colordiffv2,1146
13,userstudy_sid13_2026-01-08T04-20-48.921Z.txt,172,56,53,3,2,diffusart,proposed,diffusart,proposed,944
13,userstudy_sid13_2026-01-08T04-20-48.921Z.txt,173,25,29,1,0,painttorch,diffusart,diffusart,painttorch,1605
13,userstudy_sid13_2026-01-08T04-20-48.921Z.txt,174,66,49,3,4,painttorch,proposed,proposed,painttorch,2036
13,userstudy_sid13_2026-01-08T04-20-48.921Z.txt,175,84,79,5,3,colordiffv2,painttorch,colordiffv2,painttorch,1242
13,userstudy_sid13_2026-01-08T04-20-48.921Z.txt,176,141,132,25,5,colordiffv2,proposed,colordiffv2,proposed,710
13,userstudy_sid13_2026-01-08T04-20-48.921Z.txt,177,188,182,100,5,proposed,colordiffv2,proposed,colordiffv2,889
13,userstudy_sid13_2026-01-08T04-20-48.921Z.txt,178,160,164,50,4,painttorch,proposed,proposed,painttorch,983
13,userstudy_sid13_2026-01-08T04-20-48.921Z.txt,179,34,27,1,2,diffusart,proposed,diffusart,proposed,964
13,userstudy_sid13_2026-01-08T04-20-48.921Z.txt,180,83,84,5,2,proposed,diffusart,proposed,diffusart,1829
13,userstudy_sid13_2026-01-08T04-20-48.921Z.txt,181,119,110,10,5,colordiffv2,proposed,proposed,colordiffv2,1110
13,userstudy_sid13_2026-01-08T04-20-48.921Z.txt,182,18,9,0,4,painttorch,proposed,proposed,painttorch,1384
13,userstudy_sid13_2026-01-08T04-20-48.921Z.txt,183,109,108,10,3,painttorch,colordiffv2,painttorch,colordiffv2,866
13,userstudy_sid13_2026-01-08T04-20-48.921Z.txt,184,44,39,1,5,proposed,colordiffv2,proposed,colordiffv2,2567
13,userstudy_sid13_2026-01-08T04-20-48.921Z.txt,185,112,100,10,4,painttorch,proposed,proposed,painttorch,1094
13,userstudy_sid13_2026-01-08T04-20-48.921Z.txt,186,144,162,50,0,diffusart,painttorch,diffusart,painttorch,1082
13,userstudy_sid13_2026-01-08T04-20-48.921Z.txt,187,48,60,3,0,diffusart,painttorch,diffusart,painttorch,1670
13,userstudy_sid13_2026-01-08T04-20-48.921Z.txt,188,26,41,1,0,diffusart,painttorch,diffusart,painttorch,1462
13,userstudy_sid13_2026-01-08T04-20-48.921Z.txt,189,140,142,25,5,proposed,colordiffv2,proposed,colordiffv2,1361
13,userstudy_sid13_2026-01-08T04-20-48.921Z.txt,190,29,24,1,1,diffusart,colordiffv2,diffusart,colordiffv2,1883
13,userstudy_sid13_2026-01-08T04-20-48.921Z.txt,191,183,176,100,3,painttorch,colordiffv2,painttorch,colordiffv2,806
14,userstudy_sid14_2026-01-08T07-29-39.144Z.txt,0,183,176,100,3,painttorch,colordiffv2,colordiffv2,painttorch,3581
14,userstudy_sid14_2026-01-08T07-29-39.144Z.txt,1,130,137,25,2,diffusart,proposed,proposed,diffusart,3657
14,userstudy_sid14_2026-01-08T07-29-39.144Z.txt,2,152,155,50,2,diffusart,proposed,proposed,diffusart,3748
14,userstudy_sid14_2026-01-08T07-29-39.144Z.txt,3,179,180,100,2,proposed,diffusart,proposed,diffusart,3874
14,userstudy_sid14_2026-01-08T07-29-39.144Z.txt,4,32,28,1,2,diffusart,proposed,diffusart,proposed,6238
14,userstudy_sid14_2026-01-08T07-29-39.144Z.txt,5,95,93,5,5,colordiffv2,proposed,colordiffv2,proposed,7373
14,userstudy_sid14_2026-01-08T07-29-39.144Z.txt,6,87,76,5,3,painttorch,colordiffv2,painttorch,colordiffv2,9162
14,userstudy_sid14_2026-01-08T07-29-39.144Z.txt,7,30,30,1,1,colordiffv2,diffusart,colordiffv2,diffusart,4212
14,userstudy_sid14_2026-01-08T07-29-39.144Z.txt,8,187,169,100,4,proposed,painttorch,proposed,painttorch,4739
14,userstudy_sid14_2026-01-08T07-29-39.144Z.txt,9,101,103,10,1,diffusart,colordiffv2,colordiffv2,diffusart,4815
14,userstudy_sid14_2026-01-08T07-29-39.144Z.txt,10,20,1,0,5,proposed,colordiffv2,proposed,colordiffv2,3370
14,userstudy_sid14_2026-01-08T07-29-39.144Z.txt,11,160,164,50,4,painttorch,proposed,proposed,painttorch,4637
14,userstudy_sid14_2026-01-08T07-29-39.144Z.txt,12,140,142,25,5,proposed,colordiffv2,proposed,colordiffv2,3787
14,userstudy_sid14_2026-01-08T07-29-39.144Z.txt,13,149,161,50,1,diffusart,colordiffv2,diffusart,colordiffv2,11292
14,userstudy_sid14_2026-01-08T07-29-39.144Z.txt,14,37,26,1,3,painttorch,colordiffv2,colordiffv2,painttorch,10123
14,userstudy_sid14_2026-01-08T07-29-39.144Z.txt,15,52,50,3,1,colordiffv2,diffusart,diffusart,colordiffv2,5836
14,userstudy_sid14_2026-01-08T07-29-39.144Z.txt,16,46,35,1,5,proposed,colordiffv2,proposed,colordiffv2,5076
14,userstudy_sid14_2026-01-08T07-29-39.144Z.txt,17,47,42,1,5,colordiffv2,proposed,proposed,colordiffv2,7064
14,userstudy_sid14_2026-01-08T07-29-39.144Z.txt,18,122,126,25,0,diffusart,painttorch,diffusart,painttorch,3134
14,userstudy_sid14_2026-01-08T07-29-39.144Z.txt,19,50,65,3,0,diffusart,painttorch,diffusart,painttorch,3358
14,userstudy_sid14_2026-01-08T07-29-39.144Z.txt,20,125,124,25,1,diffusart,colordiffv2,colordiffv2,diffusart,7180
14,userstudy_sid14_2026-01-08T07-29-39.144Z.txt,21,74,92,5,0,diffusart,painttorch,painttorch,diffusart,2779
14,userstudy_sid14_2026-01-08T07-29-39.144Z.txt,22,110,109,10,3,colordiffv2,painttorch,colordiffv2,painttorch,2913
14,userstudy_sid14_2026-01-08T07-29-39.144Z.txt,23,107,116,10,2,proposed,diffusart,proposed,diffusart,5563
14,userstudy_sid14_2026-01-08T07-29-39.144Z.txt,24,70,59,3,5,proposed,colordiffv2,proposed,colordiffv2,5794
14,userstudy_sid14_2026-01-08T07-29-39.144Z.txt,25,83,84,5,2,proposed,diffusart,diffusart,proposed,3860
14,userstudy_sid14_2026-01-08T07-29-39.144Z.txt,26,61,51,3,3,painttorch,colordiffv2,painttorch,colordiffv2,7626
14,userstudy_sid14_2026-01-08T07-29-39.144Z.txt,27,156,151,50,3,colordiffv2,painttorch,colordiffv2,painttorch,2764
14,userstudy_sid14_2026-01-08T07-29-39.144Z.txt,28,73,78,5,0,painttorch,diffusart,diffusart,painttorch,10241
14,userstudy_sid14_2026-01-08T07-29-39.144Z.txt,29,165,149,50,5,colordiffv2,proposed,proposed,colordiffv2,5142
14,userstudy_sid14_2026-01-08T07-29-39.144Z.txt,30,189,186,100,5,colordiffv2,proposed,proposed,colordiffv2,5076
14,userstudy_sid14_2026-01-08T07-29-39.144Z.txt,31,35,38,1,2,proposed,diffusart,diffusart,proposed,7189
14,userstudy_sid14_2026-01-08T07-29-39.144Z.txt,32,14,16,0,3,colordiffv2,painttorch,colordiffv2,painttorch,5475
14,userstudy_sid14_2026-01-08T07-29-39.144Z.txt,33,76,94,5,1,colordiffv2,diffusart,diffusart,colordiffv2,5541
14,userstudy_sid14_2026-01-08T07-29-39.144Z.txt,34,96,119,10,0,diffusart,painttorch,diffusart,painttorch,2351
14,userstudy_sid14_2026-01-08T07-29-39.144Z.txt,35,59,68,3,2,proposed,diffusart,diffusart,proposed,8033
14,userstudy_sid14_2026-01-08T07-29-39.144Z.txt,36,169,173,100,0,painttorch,diffusart,diffusart,painttorch,2957
14,userstudy_sid14_2026-01-08T07-29-39.144Z.txt,37,41,25,1,4,proposed,painttorch,proposed,painttorch,5614
14,userstudy_sid14_2026-01-08T07-29-39.144Z.txt,38,174,190,100,1,colordiffv2,diffusart,diffusart,colordiffv2,4194
14,userstudy_sid14_2026-01-08T07-29-39.144Z.txt,39,176,172,100,2,diffusart,proposed,proposed,diffusart,3702
14,userstudy_sid14_2026-01-08T07-29-39.144Z.txt,40,88,91,5,4,painttorch,proposed,proposed,painttorch,5794
14,userstudy_sid14_2026-01-08T07-29-39.144Z.txt,41,143,122,25,5,colordiffv2,proposed,proposed,colordiffv2,6628
14,userstudy_sid14_2026-01-08T07-29-39.144Z.txt,42,170,171,100,0,diffusart,painttorch,diffusart,painttorch,8748
14,userstudy_sid14_2026-01-08T07-29-39.144Z.txt,43,8,19,0,2,diffusart,proposed,diffusart,proposed,4156
14,userstudy_sid14_2026-01-08T07-29-39.144Z.txt,44,157,163,50,3,painttorch,colordiffv2,colordiffv2,painttorch,7018
14,userstudy_sid14_2026-01-08T07-29-39.144Z.txt,45,126,136,25,1,colordiffv2,diffusart,colordiffv2,diffusart,10676
14,userstudy_sid14_2026-01-08T07-29-39.144Z.txt,46,18,9,0,4,painttorch,proposed,painttorch,proposed,10227
14,userstudy_sid14_2026-01-08T07-29-39.144Z.txt,47,139,134,25,4,proposed,painttorch,proposed,painttorch,5363
14,userstudy_sid14_2026-01-08T07-29-39.144Z.txt,48,16,12,0,4,painttorch,proposed,proposed,painttorch,7851
14,userstudy_sid14_2026-01-08T07-29-39.144Z.txt,49,1,3,0,0,painttorch,diffusart,painttorch,diffusart,6092
14,userstudy_sid14_2026-01-08T07-29-39.144Z.txt,50,9,5,0,2,proposed,diffusart,diffusart,proposed,3150
14,userstudy_sid14_2026-01-08T07-29-39.144Z.txt,51,48,60,3,0,diffusart,painttorch,diffusart,painttorch,6226
14,userstudy_sid14_2026-01-08T07-29-39.144Z.txt,52,82,82,5,2,diffusart,proposed,proposed,diffusart,7843
14,userstudy_sid14_2026-01-08T07-29-39.144Z.txt,53,103,99,10,1,diffusart,colordiffv2,colordiffv2,diffusart,3014
14,userstudy_sid14_2026-01-08T07-29-39.144Z.txt,54,164,150,50,5,proposed,colordiffv2,proposed,colordiffv2,6518
14,userstudy_sid14_2026-01-08T07-29-39.144Z.txt,55,105,112,10,2,proposed,diffusart,proposed,diffusart,6689
14,userstudy_sid14_2026-01-08T07-29-39.144Z.txt,56,84,79,5,3,colordiffv2,painttorch,colordiffv2,painttorch,3487
14,userstudy_sid14_2026-01-08T07-29-39.144Z.txt,57,57,58,3,2,proposed,diffusart,diffusart,proposed,8765
14,userstudy_sid14_2026-01-08T07-29-39.144Z.txt,58,45,34,1,5,colordiffv2,proposed,colordiffv2,proposed,4530
14,userstudy_sid14_2026-01-08T07-29-39.144Z.txt,59,135,131,25,3,painttorch,colordiffv2,painttorch,colordiffv2,4316
14,userstudy_sid14_2026-01-08T07-29-39.144Z.txt,60,114,118,10,4,painttorch,proposed,proposed,painttorch,6716
14,userstudy_sid14_2026-01-08T07-29-39.144Z.txt,61,141,132,25,5,colordiffv2,proposed,colordiffv2,proposed,5460
14,userstudy_sid14_2026-01-08T07-29-39.144Z.txt,62,90,87,5,4,painttorch,proposed,painttorch,proposed,12324
14,userstudy_sid14_2026-01-08T07-29-39.144Z.txt,63,97,96,10,0,painttorch,diffusart,painttorch,diffusart,10208
14,userstudy_sid14_2026-01-08T07-29-39.144Z.txt,64,12,23,0,3,colordiffv2,painttorch,painttorch,colordiffv2,4876
14,userstudy_sid14_2026-01-08T07-29-39.144Z.txt,65,24,37,1,0,diffusart,painttorch,diffusart,painttorch,12156
14,userstudy_sid14_2026-01-08T07-29-39.144Z.txt,66,127,129,25,1,diffusart,colordiffv2,colordiffv2,diffusart,4614
14,userstudy_sid14_2026-01-08T07-29-39.144Z.txt,67,27,33,1,0,painttorch,diffusart,diffusart,painttorch,6769
14,userstudy_sid14_2026-01-08T07-29-39.144Z.txt,68,42,43,1,4,painttorch,proposed,painttorch,proposed,11465
14,userstudy_sid14_2026-01-08T07-29-39.144Z.txt,69,66,49,3,4,painttorch,proposed,painttorch,proposed,3339
14,userstudy_sid14_2026-01-08T07-29-39.144Z.txt,70,161,153,50,4,proposed,painttorch,proposed,painttorch,2516
14,userstudy_sid14_2026-01-08T07-29-39.144Z.txt,71,67,67,3,4,proposed,painttorch,proposed,painttorch,4501
14,userstudy_sid14_2026-01-08T07-29-39.144Z.txt,72,104,105,10,2,diffusart,proposed,diffusart,proposed,5892
14,userstudy_sid14_2026-01-08T07-29-39.144Z.txt,73,62,56,3,3,colordiffv2,painttorch,painttorch,colordiffv2,5507
14,userstudy_sid14_2026-01-08T07-29-39.144Z.txt,74,178,187,100,2,diffusart,proposed,proposed,diffusart,2766
14,userstudy_sid14_2026-01-08T07-29-39.144Z.txt,75,132,143,25,3,colordiffv2,painttorch,colordiffv2,painttorch,5186
14,userstudy_sid14_2026-01-08T07-29-39.144Z.txt,76,181,170,100,3,painttorch,colordiffv2,painttorch,colordiffv2,5725
14,userstudy_sid14_2026-01-08T07-29-39.144Z.txt,77,17,15,0,4,proposed,painttorch,proposed,painttorch,8926
14,userstudy_sid14_2026-01-08T07-29-39.144Z.txt,78,55,57,3,1,diffusart,colordiffv2,colordiffv2,diffusart,9154
14,userstudy_sid14_2026-01-08T07-29-39.144Z.txt,79,91,86,5,4,proposed,painttorch,proposed,painttorch,4816
14,userstudy_sid14_2026-01-08T07-29-39.144Z.txt,80,21,11,0,5,colordiffv2,proposed,colordiffv2,proposed,6270
14,userstudy_sid14_2026-01-08T07-29-39.144Z.txt,81,72,89,5,0,diffusart,painttorch,diffusart,painttorch,6800
14,userstudy_sid14_2026-01-08T07-29-39.144Z.txt,82,75,88,5,0,painttorch,diffusart,painttorch,diffusart,5303
14,userstudy_sid14_2026-01-08T07-29-39.144Z.txt,83,43,31,1,4,proposed,painttorch,proposed,painttorch,7018
14,userstudy_sid14_2026-01-08T07-29-39.144Z.txt,84,22,4,0,5,proposed,colordiffv2,proposed,colordiffv2,2514
14,userstudy_sid14_2026-01-08T07-29-39.144Z.txt,85,28,40,1,1,colordiffv2,diffusart,colordiffv2,diffusart,6253
14,userstudy_sid14_2026-01-08T07-29-39.144Z.txt,86,58,48,3,2,diffusart,proposed,diffusart,proposed,5282
14,userstudy_sid14_2026-01-08T07-29-39.144Z.txt,87,112,100,10,4,painttorch,proposed,proposed,painttorch,2984
14,userstudy_sid14_2026-01-08T07-29-39.144Z.txt,88,65,54,3,4,proposed,painttorch,proposed,painttorch,3516
14,userstudy_sid14_2026-01-08T07-29-39.144Z.txt,89,44,39,1,5,proposed,colordiffv2,colordiffv2,proposed,7254
14,userstudy_sid14_2026-01-08T07-29-39.144Z.txt,90,167,152,50,5,colordiffv2,proposed,proposed,colordiffv2,3886
14,userstudy_sid14_2026-01-08T07-29-39.144Z.txt,91,119,110,10,5,colordiffv2,proposed,colordiffv2,proposed,3980
14,userstudy_sid14_2026-01-08T07-29-39.144Z.txt,92,68,69,3,5,proposed,colordiffv2,colordiffv2,proposed,6444
14,userstudy_sid14_2026-01-08T07-29-39.144Z.txt,93,63,64,3,3,painttorch,colordiffv2,colordiffv2,painttorch,5169
14,userstudy_sid14_2026-01-08T07-29-39.144Z.txt,94,94,73,5,5,proposed,colordiffv2,colordiffv2,proposed,8229
14,userstudy_sid14_2026-01-08T07-29-39.144Z.txt,95,171,181,100,0,painttorch,diffusart,painttorch,diffusart,5604
14,userstudy_sid14_2026-01-08T07-29-39.144Z.txt,96,80,80,5,2,diffusart,proposed,proposed,diffusart,8932
14,userstudy_sid14_2026-01-08T07-29-39.144Z.txt,97,128,139,25,2,diffusart,proposed,diffusart,proposed,7302
14,userstudy_sid14_2026-01-08T07-29-39.144Z.txt,98,25,29,1,0,painttorch,diffusart,diffusart,painttorch,11774
14,userstudy_sid14_2026-01-08T07-29-39.144Z.txt,99,15,18,0,3,painttorch,colordiffv2,painttorch,colordiffv2,2697
14,userstudy_sid14_2026-01-08T07-29-39.144Z.txt,100,33,47,1,2,proposed,diffusart,diffusart,proposed,5192
14,userstudy_sid14_2026-01-08T07-29-39.144Z.txt,101,5,0,0,1,diffusart,colordiffv2,diffusart,colordiffv2,4458
14,userstudy_sid14_2026-01-08T07-29-39.144Z.txt,102,29,24,1,1,diffusart,colordiffv2,colordiffv2,diffusart,7346
14,userstudy_sid14_2026-01-08T07-29-39.144Z.txt,103,186,175,100,4,painttorch,proposed,proposed,painttorch,4097
14,userstudy_sid14_2026-01-08T07-29-39.144Z.txt,104,117,111,10,5,colordiffv2,proposed,colordiffv2,proposed,2670
14,userstudy_sid14_2026-01-08T07-29-39.144Z.txt,105,175,188,100,1,diffusart,colordiffv2,colordiffv2,diffusart,4140
14,userstudy_sid14_2026-01-08T07-29-39.144Z.txt,106,0,22,0,0,diffusart,painttorch,painttorch,diffusart,1896
14,userstudy_sid14_2026-01-08T07-29-39.144Z.txt,107,86,77,5,3,colordiffv2,painttorch,colordiffv2,painttorch,5305
14,userstudy_sid14_2026-01-08T07-29-39.144Z.txt,108,133,123,25,3,painttorch,colordiffv2,colordiffv2,painttorch,4874
14,userstudy_sid14_2026-01-08T07-29-39.144Z.txt,109,102,101,10,1,colordiffv2,diffusart,colordiffv2,diffusart,2423
14,userstudy_sid14_2026-01-08T07-29-39.144Z.txt,110,69,62,3,5,colordiffv2,proposed,proposed,colordiffv2,5226
14,userstudy_sid14_2026-01-08T07-29-39.144Z.txt,111,26,41,1,0,diffusart,painttorch,diffusart,painttorch,3065
14,userstudy_sid14_2026-01-08T07-29-39.144Z.txt,112,142,128,25,5,proposed,colordiffv2,colordiffv2,proposed,23665
14,userstudy_sid14_2026-01-08T07-29-39.144Z.txt,113,108,106,10,3,colordiffv2,painttorch,colordiffv2,painttorch,3510
14,userstudy_sid14_2026-01-08T07-29-39.144Z.txt,114,11,14,0,2,proposed,diffusart,diffusart,proposed,4871
14,userstudy_sid14_2026-01-08T07-29-39.144Z.txt,115,106,117,10,2,diffusart,proposed,proposed,diffusart,8502
14,userstudy_sid14_2026-01-08T07-29-39.144Z.txt,116,134,140,25,3,colordiffv2,painttorch,colordiffv2,painttorch,2840
14,userstudy_sid14_2026-01-08T07-29-39.144Z.txt,117,191,189,100,5,colordiffv2,proposed,colordiffv2,proposed,2239
14,userstudy_sid14_2026-01-08T07-29-39.144Z.txt,118,131,121,25,2,proposed,diffusart,diffusart,proposed,10971
14,userstudy_sid14_2026-01-08T07-29-39.144Z.txt,119,148,165,50,1,colordiffv2,diffusart,diffusart,colordiffv2,2977
14,userstudy_sid14_2026-01-08T07-29-39.144Z.txt,120,93,95,5,5,colordiffv2,proposed,proposed,colordiffv2,3696
14,userstudy_sid14_2026-01-08T07-29-39.144Z.txt,121,6,8,0,1,colordiffv2,diffusart,colordiffv2,diffusart,8052
14,userstudy_sid14_2026-01-08T07-29-39.144Z.txt,122,153,157,50,2,proposed,diffusart,proposed,diffusart,12697
14,userstudy_sid14_2026-01-08T07-29-39.144Z.txt,123,60,71,3,3,colordiffv2,painttorch,colordiffv2,painttorch,5115
14,userstudy_sid14_2026-01-08T07-29-39.144Z.txt,124,71,55,3,5,colordiffv2,proposed,colordiffv2,proposed,3412
14,userstudy_sid14_2026-01-08T07-29-39.144Z.txt,125,173,174,100,1,diffusart,colordiffv2,diffusart,colordiffv2,12397
14,userstudy_sid14_2026-01-08T07-29-39.144Z.txt,126,129,130,25,2,proposed,diffusart,proposed,diffusart,9126
14,userstudy_sid14_2026-01-08T07-29-39.144Z.txt,127,56,53,3,2,diffusart,proposed,diffusart,proposed,8704
14,userstudy_sid14_2026-01-08T07-29-39.144Z.txt,128,64,52,3,4,painttorch,proposed,proposed,painttorch,7184
14,userstudy_sid14_2026-01-08T07-29-39.144Z.txt,129,190,191,100,5,proposed,colordiffv2,proposed,colordiffv2,12303
14,userstudy_sid14_2026-01-08T07-29-39.144Z.txt,130,123,133,25,0,painttorch,diffusart,diffusart,painttorch,4642
14,userstudy_sid14_2026-01-08T07-29-39.144Z.txt,131,159,156,50,3,painttorch,colordiffv2,colordiffv2,painttorch,3990
14,userstudy_sid14_2026-01-08T07-29-39.144Z.txt,132,155,160,50,2,proposed,diffusart,proposed,diffusart,4404
14,userstudy_sid14_2026-01-08T07-29-39.144Z.txt,133,23,7,0,5,colordiffv2,proposed,proposed,colordiffv2,4874
14,userstudy_sid14_2026-01-08T07-29-39.144Z.txt,134,4,17,0,1,colordiffv2,diffusart,colordiffv2,diffusart,9264
14,userstudy_sid14_2026-01-08T07-29-39.144Z.txt,135,120,120,25,0,diffusart,painttorch,diffusart,painttorch,6978
14,userstudy_sid14_2026-01-08T07-29-39.144Z.txt,136,188,182,100,5,proposed,colordiffv2,colordiffv2,proposed,5040
14,userstudy_sid14_2026-01-08T07-29-39.144Z.txt,137,177,184,100,2,proposed,diffusart,proposed,diffusart,2721
14,userstudy_sid14_2026-01-08T07-29-39.144Z.txt,138,77,72,5,1,diffusart,colordiffv2,colordiffv2,diffusart,5263
14,userstudy_sid14_2026-01-08T07-29-39.144Z.txt,139,121,127,25,0,painttorch,diffusart,diffusart,painttorch,5894
14,userstudy_sid14_2026-01-08T07-29-39.144Z.txt,140,144,162,50,0,diffusart,painttorch,diffusart,painttorch,7078
14,userstudy_sid14_2026-01-08T07-29-39.144Z.txt,141,163,145,50,4,proposed,painttorch,proposed,painttorch,4738
14,userstudy_sid14_2026-01-08T07-29-39.144Z.txt,142,109,108,10,3,painttorch,colordiffv2,colordiffv2,painttorch,5410
14,userstudy_sid14_2026-01-08T07-29-39.144Z.txt,143,158,158,50,3,colordiffv2,painttorch,colordiffv2,painttorch,3351
14,userstudy_sid14_2026-01-08T07-29-39.144Z.txt,144,145,148,50,0,painttorch,diffusart,diffusart,painttorch,5324
14,userstudy_sid14_2026-01-08T07-29-39.144Z.txt,145,36,36,1,3,colordiffv2,painttorch,colordiffv2,painttorch,4346
14,userstudy_sid14_2026-01-08T07-29-39.144Z.txt,146,116,98,10,5,proposed,colordiffv2,colordiffv2,proposed,5333
14,userstudy_sid14_2026-01-08T07-29-39.144Z.txt,147,2,20,0,0,diffusart,painttorch,painttorch,diffusart,5811
14,userstudy_sid14_2026-01-08T07-29-39.144Z.txt,148,53,66,3,1,diffusart,colordiffv2,colordiffv2,diffusart,6827
14,userstudy_sid14_2026-01-08T07-29-39.144Z.txt,149,146,159,50,0,diffusart,painttorch,painttorch,diffusart,10736
14,userstudy_sid14_2026-01-08T07-29-39.144Z.txt,150,49,70,3,0,painttorch,diffusart,diffusart,painttorch,12990
14,userstudy_sid14_2026-01-08T07-29-39.144Z.txt,151,19,10,0,4,proposed,painttorch,painttorch,proposed,7813
14,userstudy_sid14_2026-01-08T07-29-39.144Z.txt,152,13,2,0,3,painttorch,colordiffv2,painttorch,colordiffv2,14749
14,userstudy_sid14_2026-01-08T07-29-39.144Z.txt,153,147,166,50,0,painttorch,diffusart,diffusart,painttorch,12289
14,userstudy_sid14_2026-01-08T07-29-39.144Z.txt,154,111,97,10,3,painttorch,colordiffv2,colordiffv2,painttorch,2327
14,userstudy_sid14_2026-01-08T07-29-39.144Z.txt,155,137,135,25,4,proposed,painttorch,proposed,painttorch,5342
14,userstudy_sid14_2026-01-08T07-29-39.144Z.txt,156,136,125,25,4,painttorch,proposed,proposed,painttorch,2887
14,userstudy_sid14_2026-01-08T07-29-39.144Z.txt,157,150,154,50,1,colordiffv2,diffusart,colordiffv2,diffusart,4868
14,userstudy_sid14_2026-01-08T07-29-39.144Z.txt,158,182,177,100,3,colordiffv2,painttorch,colordiffv2,painttorch,2732
14,userstudy_sid14_2026-01-08T07-29-39.144Z.txt,159,85,83,5,3,painttorch,colordiffv2,colordiffv2,painttorch,6530
14,userstudy_sid14_2026-01-08T07-29-39.144Z.txt,160,39,32,1,3,painttorch,colordiffv2,colordiffv2,painttorch,8408
14,userstudy_sid14_2026-01-08T07-29-39.144Z.txt,161,31,44,1,1,diffusart,colordiffv2,colordiffv2,diffusart,7122
14,userstudy_sid14_2026-01-08T07-29-39.144Z.txt,162,34,27,1,2,diffusart,proposed,diffusart,proposed,3684
14,userstudy_sid14_2026-01-08T07-29-39.144Z.txt,163,79,81,5,1,diffusart,colordiffv2,diffusart,colordiffv2,8431
14,userstudy_sid14_2026-01-08T07-29-39.144Z.txt,164,54,63,3,1,colordiffv2,diffusart,diffusart,colordiffv2,3949
14,userstudy_sid14_2026-01-08T07-29-39.144Z.txt,165,38,46,1,3,colordiffv2,painttorch,colordiffv2,painttorch,4077
14,userstudy_sid14_2026-01-08T07-29-39.144Z.txt,166,184,178,100,4,painttorch,proposed,proposed,painttorch,3737
14,userstudy_sid14_2026-01-08T07-29-39.144Z.txt,167,98,113,10,0,diffusart,painttorch,diffusart,painttorch,8553
14,userstudy_sid14_2026-01-08T07-29-39.144Z.txt,168,78,90,5,1,colordiffv2,diffusart,colordiffv2,diffusart,6533
14,userstudy_sid14_2026-01-08T07-29-39.144Z.txt,169,166,167,50,5,proposed,colordiffv2,proposed,colordiffv2,6640
14,userstudy_sid14_2026-01-08T07-29-39.144Z.txt,170,10,13,0,2,diffusart,proposed,proposed,diffusart,6870
14,userstudy_sid14_2026-01-08T07-29-39.144Z.txt,171,40,45,1,4,painttorch,proposed,proposed,painttorch,3520
14,userstudy_sid14_2026-01-08T07-29-39.144Z.txt,172,92,85,5,5,proposed,colordiffv2,colordiffv2,proposed,6335
14,userstudy_sid14_2026-01-08T07-29-39.144Z.txt,173,180,168,100,3,colordiffv2,painttorch,colordiffv2,painttorch,2673
14,userstudy_sid14_2026-01-08T07-29-39.144Z.txt,174,3,6,0,0,painttorch,diffusart,painttorch,diffusart,4828
14,userstudy_sid14_2026-01-08T07-29-39.144Z.txt,175,115,107,10,4,proposed,painttorch,painttorch,proposed,7602
14,userstudy_sid14_2026-01-08T07-29-39.144Z.txt,176,81,74,5,2,proposed,diffusart,proposed,diffusart,5092
14,userstudy_sid14_2026-01-08T07-29-39.144Z.txt,177,89,75,5,4,proposed,painttorch,proposed,painttorch,2632
14,userstudy_sid14_2026-01-08T07-29-39.144Z.txt,178,51,61,3,0,painttorch,diffusart,painttorch,diffusart,6604
14,userstudy_sid14_2026-01-08T07-29-39.144Z.txt,179,7,21,0,1,diffusart,colordiffv2,diffusart,colordiffv2,3414
14,userstudy_sid14_2026-01-08T07-29-39.144Z.txt,180,100,104,10,1,colordiffv2,diffusart,colordiffv2,diffusart,2757
14,userstudy_sid14_2026-01-08T07-29-39.144Z.txt,181,172,179,100,1,colordiffv2,diffusart,colordiffv2,diffusart,3037
14,userstudy_sid14_2026-01-08T07-29-39.144Z.txt,182,162,146,50,4,painttorch,proposed,proposed,painttorch,2425
14,userstudy_sid14_2026-01-08T07-29-39.144Z.txt,183,118,115,10,5,proposed,colordiffv2,colordiffv2,proposed,2672
14,userstudy_sid14_2026-01-08T07-29-39.144Z.txt,184,138,141,25,4,painttorch,proposed,proposed,painttorch,2415
14,userstudy_sid14_2026-01-08T07-29-39.144Z.txt,185,124,138,25,1,colordiffv2,diffusart,colordiffv2,diffusart,3935
14,userstudy_sid14_2026-01-08T07-29-39.144Z.txt,186,113,102,10,4,proposed,painttorch,proposed,painttorch,2040
14,userstudy_sid14_2026-01-08T07-29-39.144Z.txt,187,99,114,10,0,painttorch,diffusart,diffusart,painttorch,2646
14,userstudy_sid14_2026-01-08T07-29-39.144Z.txt,188,185,183,100,4,proposed,painttorch,proposed,painttorch,4800
14,userstudy_sid14_2026-01-08T07-29-39.144Z.txt,189,168,185,100,0,diffusart,painttorch,diffusart,painttorch,4264
14,userstudy_sid14_2026-01-08T07-29-39.144Z.txt,190,151,144,50,1,diffusart,colordiffv2,colordiffv2,diffusart,4442
14,userstudy_sid14_2026-01-08T07-29-39.144Z.txt,191,154,147,50,2,diffusart,proposed,proposed,diffusart,5420
15,userstudy_sid15_2026-01-09T02-24-47.042Z.txt,0,98,113,10,0,diffusart,painttorch,diffusart,painttorch,2988
15,userstudy_sid15_2026-01-09T02-24-47.042Z.txt,1,166,167,50,5,proposed,colordiffv2,proposed,colordiffv2,3763
15,userstudy_sid15_2026-01-09T02-24-47.042Z.txt,2,114,118,10,4,painttorch,proposed,proposed,painttorch,3852
15,userstudy_sid15_2026-01-09T02-24-47.042Z.txt,3,160,164,50,4,painttorch,proposed,proposed,painttorch,3774
15,userstudy_sid15_2026-01-09T02-24-47.042Z.txt,4,191,189,100,5,colordiffv2,proposed,proposed,colordiffv2,3819
15,userstudy_sid15_2026-01-09T02-24-47.042Z.txt,5,154,147,50,2,diffusart,proposed,proposed,diffusart,3589
15,userstudy_sid15_2026-01-09T02-24-47.042Z.txt,6,159,156,50,3,painttorch,colordiffv2,colordiffv2,painttorch,3803
15,userstudy_sid15_2026-01-09T02-24-47.042Z.txt,7,118,115,10,5,proposed,colordiffv2,proposed,colordiffv2,5354
15,userstudy_sid15_2026-01-09T02-24-47.042Z.txt,8,12,23,0,3,colordiffv2,painttorch,painttorch,colordiffv2,5336
15,userstudy_sid15_2026-01-09T02-24-47.042Z.txt,9,179,180,100,2,proposed,diffusart,proposed,diffusart,2745
15,userstudy_sid15_2026-01-09T02-24-47.042Z.txt,10,128,139,25,2,diffusart,proposed,proposed,diffusart,7632
15,userstudy_sid15_2026-01-09T02-24-47.042Z.txt,11,23,7,0,5,colordiffv2,proposed,proposed,colordiffv2,2838
15,userstudy_sid15_2026-01-09T02-24-47.042Z.txt,12,91,86,5,4,proposed,painttorch,proposed,painttorch,5772
15,userstudy_sid15_2026-01-09T02-24-47.042Z.txt,13,55,57,3,1,diffusart,colordiffv2,diffusart,colordiffv2,3304
15,userstudy_sid15_2026-01-09T02-24-47.042Z.txt,14,24,37,1,0,diffusart,painttorch,diffusart,painttorch,6398
15,userstudy_sid15_2026-01-09T02-24-47.042Z.txt,15,148,165,50,1,colordiffv2,diffusart,colordiffv2,diffusart,6430
15,userstudy_sid15_2026-01-09T02-24-47.042Z.txt,16,106,117,10,2,diffusart,proposed,proposed,diffusart,12748
15,userstudy_sid15_2026-01-09T02-24-47.042Z.txt,17,3,6,0,0,painttorch,diffusart,painttorch,diffusart,7091
15,userstudy_sid15_2026-01-09T02-24-47.042Z.txt,18,14,16,0,3,colordiffv2,painttorch,painttorch,colordiffv2,22244
15,userstudy_sid15_2026-01-09T02-24-47.042Z.txt,19,143,122,25,5,colordiffv2,proposed,colordiffv2,proposed,6656
15,userstudy_sid15_2026-01-09T02-24-47.042Z.txt,20,78,90,5,1,colordiffv2,diffusart,colordiffv2,diffusart,4331
15,userstudy_sid15_2026-01-09T02-24-47.042Z.txt,21,48,60,3,0,diffusart,painttorch,diffusart,painttorch,1909
15,userstudy_sid15_2026-01-09T02-24-47.042Z.txt,22,4,17,0,1,colordiffv2,diffusart,diffusart,colordiffv2,3654
15,userstudy_sid15_2026-01-09T02-24-47.042Z.txt,23,15,18,0,3,painttorch,colordiffv2,painttorch,colordiffv2,4191
15,userstudy_sid15_2026-01-09T02-24-47.042Z.txt,24,31,44,1,1,diffusart,colordiffv2,diffusart,colordiffv2,10546
15,userstudy_sid15_2026-01-09T02-24-47.042Z.txt,25,50,65,3,0,diffusart,painttorch,diffusart,painttorch,2619
15,userstudy_sid15_2026-01-09T02-24-47.042Z.txt,26,127,129,25,1,diffusart,colordiffv2,diffusart,colordiffv2,9102
15,userstudy_sid15_2026-01-09T02-24-47.042Z.txt,27,35,38,1,2,proposed,diffusart,proposed,diffusart,2098
15,userstudy_sid15_2026-01-09T02-24-47.042Z.txt,28,115,107,10,4,proposed,painttorch,proposed,painttorch,3670
15,userstudy_sid15_2026-01-09T02-24-47.042Z.txt,29,162,146,50,4,painttorch,proposed,proposed,painttorch,2658
15,userstudy_sid15_2026-01-09T02-24-47.042Z.txt,30,117,111,10,5,colordiffv2,proposed,proposed,colordiffv2,4368
15,userstudy_sid15_2026-01-09T02-24-47.042Z.txt,31,145,148,50,0,painttorch,diffusart,diffusart,painttorch,2278
15,userstudy_sid15_2026-01-09T02-24-47.042Z.txt,32,16,12,0,4,painttorch,proposed,proposed,painttorch,4788
15,userstudy_sid15_2026-01-09T02-24-47.042Z.txt,33,79,81,5,1,diffusart,colordiffv2,diffusart,colordiffv2,16598
15,userstudy_sid15_2026-01-09T02-24-47.042Z.txt,34,170,171,100,0,diffusart,painttorch,diffusart,painttorch,4572
15,userstudy_sid15_2026-01-09T02-24-47.042Z.txt,35,149,161,50,1,diffusart,colordiffv2,colordiffv2,diffusart,5820
15,userstudy_sid15_2026-01-09T02-24-47.042Z.txt,36,54,63,3,1,colordiffv2,diffusart,diffusart,colordiffv2,4362
15,userstudy_sid15_2026-01-09T02-24-47.042Z.txt,37,146,159,50,0,diffusart,painttorch,diffusart,painttorch,8407
15,userstudy_sid15_2026-01-09T02-24-47.042Z.txt,38,74,92,5,0,diffusart,painttorch,diffusart,painttorch,3470
15,userstudy_sid15_2026-01-09T02-24-47.042Z.txt,39,104,105,10,2,diffusart,proposed,diffusart,proposed,6598
15,userstudy_sid15_2026-01-09T02-24-47.042Z.txt,40,6,8,0,1,colordiffv2,diffusart,diffusart,colordiffv2,1774
15,userstudy_sid15_2026-01-09T02-24-47.042Z.txt,41,110,109,10,3,colordiffv2,painttorch,colordiffv2,painttorch,4583
15,userstudy_sid15_2026-01-09T02-24-47.042Z.txt,42,142,128,25,5,proposed,colordiffv2,proposed,colordiffv2,6092
15,userstudy_sid15_2026-01-09T02-24-47.042Z.txt,43,190,191,100,5,proposed,colordiffv2,proposed,colordiffv2,6295
15,userstudy_sid15_2026-01-09T02-24-47.042Z.txt,44,180,168,100,3,colordiffv2,painttorch,colordiffv2,painttorch,4016
15,userstudy_sid15_2026-01-09T02-24-47.042Z.txt,45,86,77,5,3,colordiffv2,painttorch,colordiffv2,painttorch,5752
15,userstudy_sid15_2026-01-09T02-24-47.042Z.txt,46,153,157,50,2,proposed,diffusart,proposed,diffusart,5822
15,userstudy_sid15_2026-01-09T02-24-47.042Z.txt,47,28,40,1,1,colordiffv2,diffusart,colordiffv2,diffusart,8884
15,userstudy_sid15_2026-01-09T02-24-47.042Z.txt,48,57,58,3,2,proposed,diffusart,proposed,diffusart,3819
15,userstudy_sid15_2026-01-09T02-24-47.042Z.txt,49,76,94,5,1,colordiffv2,diffusart,diffusart,colordiffv2,13521
15,userstudy_sid15_2026-01-09T02-24-47.042Z.txt,50,173,174,100,1,diffusart,colordiffv2,colordiffv2,diffusart,3853
15,userstudy_sid15_2026-01-09T02-24-47.042Z.txt,51,161,153,50,4,proposed,painttorch,proposed,painttorch,4233
15,userstudy_sid15_2026-01-09T02-24-47.042Z.txt,52,135,131,25,3,painttorch,colordiffv2,colordiffv2,painttorch,3582
15,userstudy_sid15_2026-01-09T02-24-47.042Z.txt,53,17,15,0,4,proposed,painttorch,proposed,painttorch,2786
15,userstudy_sid15_2026-01-09T02-24-47.042Z.txt,54,126,136,25,1,colordiffv2,diffusart,colordiffv2,diffusart,4033
15,userstudy_sid15_2026-01-09T02-24-47.042Z.txt,55,109,108,10,3,painttorch,colordiffv2,colordiffv2,painttorch,9274
15,userstudy_sid15_2026-01-09T02-24-47.042Z.txt,56,88,91,5,4,painttorch,proposed,painttorch,proposed,7265
15,userstudy_sid15_2026-01-09T02-24-47.042Z.txt,57,116,98,10,5,proposed,colordiffv2,proposed,colordiffv2,3526
15,userstudy_sid15_2026-01-09T02-24-47.042Z.txt,58,102,101,10,1,colordiffv2,diffusart,colordiffv2,diffusart,3780
15,userstudy_sid15_2026-01-09T02-24-47.042Z.txt,59,174,190,100,1,colordiffv2,diffusart,colordiffv2,diffusart,3674
15,userstudy_sid15_2026-01-09T02-24-47.042Z.txt,60,45,34,1,5,colordiffv2,proposed,proposed,colordiffv2,8965
15,userstudy_sid15_2026-01-09T02-24-47.042Z.txt,61,134,140,25,3,colordiffv2,painttorch,colordiffv2,painttorch,2720
15,userstudy_sid15_2026-01-09T02-24-47.042Z.txt,62,80,80,5,2,diffusart,proposed,proposed,diffusart,7980
15,userstudy_sid15_2026-01-09T02-24-47.042Z.txt,63,40,45,1,4,painttorch,proposed,proposed,painttorch,2044
15,userstudy_sid15_2026-01-09T02-24-47.042Z.txt,64,46,35,1,5,proposed,colordiffv2,proposed,colordiffv2,2891
15,userstudy_sid15_2026-01-09T02-24-47.042Z.txt,65,155,160,50,2,proposed,diffusart,proposed,diffusart,3110
15,userstudy_sid15_2026-01-09T02-24-47.042Z.txt,66,156,151,50,3,colordiffv2,painttorch,colordiffv2,painttorch,3241
15,userstudy_sid15_2026-01-09T02-24-47.042Z.txt,67,49,70,3,0,painttorch,diffusart,painttorch,diffusart,3350
15,userstudy_sid15_2026-01-09T02-24-47.042Z.txt,68,77,72,5,1,diffusart,colordiffv2,colordiffv2,diffusart,7813
15,userstudy_sid15_2026-01-09T02-24-47.042Z.txt,69,139,134,25,4,proposed,painttorch,proposed,painttorch,2729
15,userstudy_sid15_2026-01-09T02-24-47.042Z.txt,70,165,149,50,5,colordiffv2,proposed,proposed,colordiffv2,9322
15,userstudy_sid15_2026-01-09T02-24-47.042Z.txt,71,113,102,10,4,proposed,painttorch,proposed,painttorch,2581
15,userstudy_sid15_2026-01-09T02-24-47.042Z.txt,72,136,125,25,4,painttorch,proposed,proposed,painttorch,4921
15,userstudy_sid15_2026-01-09T02-24-47.042Z.txt,73,92,85,5,5,proposed,colordiffv2,colordiffv2,proposed,5690
15,userstudy_sid15_2026-01-09T02-24-47.042Z.txt,74,171,181,100,0,painttorch,diffusart,diffusart,painttorch,11473
15,userstudy_sid15_2026-01-09T02-24-47.042Z.txt,75,133,123,25,3,painttorch,colordiffv2,colordiffv2,painttorch,1923
15,userstudy_sid15_2026-01-09T02-24-47.042Z.txt,76,38,46,1,3,colordiffv2,painttorch,colordiffv2,painttorch,6958
15,userstudy_sid15_2026-01-09T02-24-47.042Z.txt,77,97,96,10,0,painttorch,diffusart,diffusart,painttorch,4274
15,userstudy_sid15_2026-01-09T02-24-47.042Z.txt,78,99,114,10,0,painttorch,diffusart,diffusart,painttorch,4702
15,userstudy_sid15_2026-01-09T02-24-47.042Z.txt,79,71,55,3,5,colordiffv2,proposed,colordiffv2,proposed,9439
15,userstudy_sid15_2026-01-09T02-24-47.042Z.txt,80,0,22,0,0,diffusart,painttorch,diffusart,painttorch,7071
15,userstudy_sid15_2026-01-09T02-24-47.042Z.txt,81,68,69,3,5,proposed,colordiffv2,proposed,colordiffv2,7682
15,userstudy_sid15_2026-01-09T02-24-47.042Z.txt,82,81,74,5,2,proposed,diffusart,proposed,diffusart,2783
15,userstudy_sid15_2026-01-09T02-24-47.042Z.txt,83,120,120,25,0,diffusart,painttorch,diffusart,painttorch,1979
15,userstudy_sid15_2026-01-09T02-24-47.042Z.txt,84,94,73,5,5,proposed,colordiffv2,proposed,colordiffv2,10369
15,userstudy_sid15_2026-01-09T02-24-47.042Z.txt,85,172,179,100,1,colordiffv2,diffusart,colordiffv2,diffusart,7022
15,userstudy_sid15_2026-01-09T02-24-47.042Z.txt,86,150,154,50,1,colordiffv2,diffusart,colordiffv2,diffusart,1803
15,userstudy_sid15_2026-01-09T02-24-47.042Z.txt,87,62,56,3,3,colordiffv2,painttorch,colordiffv2,painttorch,2167
15,userstudy_sid15_2026-01-09T02-24-47.042Z.txt,88,96,119,10,0,diffusart,painttorch,diffusart,painttorch,2071
15,userstudy_sid15_2026-01-09T02-24-47.042Z.txt,89,63,64,3,3,painttorch,colordiffv2,colordiffv2,painttorch,5089
15,userstudy_sid15_2026-01-09T02-24-47.042Z.txt,90,20,1,0,5,proposed,colordiffv2,proposed,colordiffv2,2105
15,userstudy_sid15_2026-01-09T02-24-47.042Z.txt,91,188,182,100,5,proposed,colordiffv2,proposed,colordiffv2,3591
15,userstudy_sid15_2026-01-09T02-24-47.042Z.txt,92,56,53,3,2,diffusart,proposed,proposed,diffusart,6600
15,userstudy_sid15_2026-01-09T02-24-47.042Z.txt,93,7,21,0,1,diffusart,colordiffv2,diffusart,colordiffv2,2162
15,userstudy_sid15_2026-01-09T02-24-47.042Z.txt,94,175,188,100,1,diffusart,colordiffv2,colordiffv2,diffusart,8518
15,userstudy_sid15_2026-01-09T02-24-47.042Z.txt,95,119,110,10,5,colordiffv2,proposed,proposed,colordiffv2,4157
15,userstudy_sid15_2026-01-09T02-24-47.042Z.txt,96,151,144,50,1,diffusart,colordiffv2,colordiffv2,diffusart,2948
15,userstudy_sid15_2026-01-09T02-24-47.042Z.txt,97,111,97,10,3,painttorch,colordiffv2,colordiffv2,painttorch,2100
15,userstudy_sid15_2026-01-09T02-24-47.042Z.txt,98,157,163,50,3,painttorch,colordiffv2,colordiffv2,painttorch,6332
15,userstudy_sid15_2026-01-09T02-24-47.042Z.txt,99,90,87,5,4,painttorch,proposed,painttorch,proposed,7080
15,userstudy_sid15_2026-01-09T02-24-47.042Z.txt,100,178,187,100,2,diffusart,proposed,proposed,diffusart,3606
15,userstudy_sid15_2026-01-09T02-24-47.042Z.txt,101,129,130,25,2,proposed,diffusart,proposed,diffusart,3621
15,userstudy_sid15_2026-01-09T02-24-47.042Z.txt,102,181,170,100,3,painttorch,colordiffv2,colordiffv2,painttorch,4316
15,userstudy_sid15_2026-01-09T02-24-47.042Z.txt,103,10,13,0,2,diffusart,proposed,diffusart,proposed,10951
15,userstudy_sid15_2026-01-09T02-24-47.042Z.txt,104,5,0,0,1,diffusart,colordiffv2,diffusart,colordiffv2,2900
15,userstudy_sid15_2026-01-09T02-24-47.042Z.txt,105,30,30,1,1,colordiffv2,diffusart,diffusart,colordiffv2,5354
15,userstudy_sid15_2026-01-09T02-24-47.042Z.txt,106,125,124,25,1,diffusart,colordiffv2,colordiffv2,diffusart,4292
15,userstudy_sid15_2026-01-09T02-24-47.042Z.txt,107,66,49,3,4,painttorch,proposed,proposed,painttorch,3702
15,userstudy_sid15_2026-01-09T02-24-47.042Z.txt,108,25,29,1,0,painttorch,diffusart,diffusart,painttorch,4018
15,userstudy_sid15_2026-01-09T02-24-47.042Z.txt,109,18,9,0,4,painttorch,proposed,painttorch,proposed,2683
15,userstudy_sid15_2026-01-09T02-24-47.042Z.txt,110,184,178,100,4,painttorch,proposed,proposed,painttorch,3575
15,userstudy_sid15_2026-01-09T02-24-47.042Z.txt,111,130,137,25,2,diffusart,proposed,proposed,diffusart,3689
15,userstudy_sid15_2026-01-09T02-24-47.042Z.txt,112,64,52,3,4,painttorch,proposed,painttorch,proposed,7393
15,userstudy_sid15_2026-01-09T02-24-47.042Z.txt,113,122,126,25,0,diffusart,painttorch,diffusart,painttorch,2435
15,userstudy_sid15_2026-01-09T02-24-47.042Z.txt,114,176,172,100,2,diffusart,proposed,proposed,diffusart,3449
15,userstudy_sid15_2026-01-09T02-24-47.042Z.txt,115,163,145,50,4,proposed,painttorch,proposed,painttorch,6072
15,userstudy_sid15_2026-01-09T02-24-47.042Z.txt,116,83,84,5,2,proposed,diffusart,proposed,diffusart,2851
15,userstudy_sid15_2026-01-09T02-24-47.042Z.txt,117,26,41,1,0,diffusart,painttorch,diffusart,painttorch,2635
15,userstudy_sid15_2026-01-09T02-24-47.042Z.txt,118,58,48,3,2,diffusart,proposed,diffusart,proposed,6018
15,userstudy_sid15_2026-01-09T02-24-47.042Z.txt,119,61,51,3,3,painttorch,colordiffv2,colordiffv2,painttorch,11034
15,userstudy_sid15_2026-01-09T02-24-47.042Z.txt,120,44,39,1,5,proposed,colordiffv2,colordiffv2,proposed,6358
15,userstudy_sid15_2026-01-09T02-24-47.042Z.txt,121,13,2,0,3,painttorch,colordiffv2,painttorch,colordiffv2,2646
15,userstudy_sid15_2026-01-09T02-24-47.042Z.txt,122,29,24,1,1,diffusart,colordiffv2,diffusart,colordiffv2,5509
15,userstudy_sid15_2026-01-09T02-24-47.042Z.txt,123,34,27,1,2,diffusart,proposed,proposed,diffusart,12476
15,userstudy_sid15_2026-01-09T02-24-47.042Z.txt,124,183,176,100,3,painttorch,colordiffv2,colordiffv2,painttorch,2456
15,userstudy_sid15_2026-01-09T02-24-47.042Z.txt,125,95,93,5,5,colordiffv2,proposed,colordiffv2,proposed,7378
15,userstudy_sid15_2026-01-09T02-24-47.042Z.txt,126,158,158,50,3,colordiffv2,painttorch,colordiffv2,painttorch,2169
15,userstudy_sid15_2026-01-09T02-24-47.042Z.txt,127,9,5,0,2,proposed,diffusart,proposed,diffusart,3813
15,userstudy_sid15_2026-01-09T02-24-47.042Z.txt,128,53,66,3,1,diffusart,colordiffv2,colordiffv2,diffusart,7348
15,userstudy_sid15_2026-01-09T02-24-47.042Z.txt,129,36,36,1,3,colordiffv2,painttorch,colordiffv2,painttorch,6372
15,userstudy_sid15_2026-01-09T02-24-47.042Z.txt,130,186,175,100,4,painttorch,proposed,proposed,painttorch,2361
15,userstudy_sid15_2026-01-09T02-24-47.042Z.txt,131,72,89,5,0,diffusart,painttorch,painttorch,diffusart,10048
15,userstudy_sid15_2026-01-09T02-24-47.042Z.txt,132,70,59,3,5,proposed,colordiffv2,proposed,colordiffv2,2227
15,userstudy_sid15_2026-01-09T02-24-47.042Z.txt,133,168,185,100,0,diffusart,painttorch,diffusart,painttorch,1555
15,userstudy_sid15_2026-01-09T02-24-47.042Z.txt,134,85,83,5,3,painttorch,colordiffv2,colordiffv2,painttorch,4184
15,userstudy_sid15_2026-01-09T02-24-47.042Z.txt,135,138,141,25,4,painttorch,proposed,proposed,painttorch,2366
15,userstudy_sid15_2026-01-09T02-24-47.042Z.txt,136,43,31,1,4,proposed,painttorch,proposed,painttorch,1838
15,userstudy_sid15_2026-01-09T02-24-47.042Z.txt,137,103,99,10,1,diffusart,colordiffv2,colordiffv2,diffusart,9305
15,userstudy_sid15_2026-01-09T02-24-47.042Z.txt,138,93,95,5,5,colordiffv2,proposed,proposed,colordiffv2,13007
15,userstudy_sid15_2026-01-09T02-24-47.042Z.txt,139,124,138,25,1,colordiffv2,diffusart,diffusart,colordiffv2,6402
15,userstudy_sid15_2026-01-09T02-24-47.042Z.txt,140,187,169,100,4,proposed,painttorch,proposed,painttorch,2638
15,userstudy_sid15_2026-01-09T02-24-47.042Z.txt,141,51,61,3,0,painttorch,diffusart,diffusart,painttorch,2893
15,userstudy_sid15_2026-01-09T02-24-47.042Z.txt,142,144,162,50,0,diffusart,painttorch,diffusart,painttorch,1734
15,userstudy_sid15_2026-01-09T02-24-47.042Z.txt,143,11,14,0,2,proposed,diffusart,diffusart,proposed,3125
15,userstudy_sid15_2026-01-09T02-24-47.042Z.txt,144,140,142,25,5,proposed,colordiffv2,proposed,colordiffv2,7917
15,userstudy_sid15_2026-01-09T02-24-47.042Z.txt,145,87,76,5,3,painttorch,colordiffv2,colordiffv2,painttorch,2250
15,userstudy_sid15_2026-01-09T02-24-47.042Z.txt,146,112,100,10,4,painttorch,proposed,proposed,painttorch,3503
15,userstudy_sid15_2026-01-09T02-24-47.042Z.txt,147,137,135,25,4,proposed,painttorch,proposed,painttorch,1743
15,userstudy_sid15_2026-01-09T02-24-47.042Z.txt,148,67,67,3,4,proposed,painttorch,proposed,painttorch,1716
15,userstudy_sid15_2026-01-09T02-24-47.042Z.txt,149,41,25,1,4,proposed,painttorch,proposed,painttorch,4319
15,userstudy_sid15_2026-01-09T02-24-47.042Z.txt,150,47,42,1,5,colordiffv2,proposed,proposed,colordiffv2,6154
15,userstudy_sid15_2026-01-09T02-24-47.042Z.txt,151,60,71,3,3,colordiffv2,painttorch,colordiffv2,painttorch,2761
15,userstudy_sid15_2026-01-09T02-24-47.042Z.txt,152,32,28,1,2,diffusart,proposed,proposed,diffusart,5620
15,userstudy_sid15_2026-01-09T02-24-47.042Z.txt,153,108,106,10,3,colordiffv2,painttorch,colordiffv2,painttorch,2071
15,userstudy_sid15_2026-01-09T02-24-47.042Z.txt,154,167,152,50,5,colordiffv2,proposed,proposed,colordiffv2,3352
15,userstudy_sid15_2026-01-09T02-24-47.042Z.txt,155,75,88,5,0,painttorch,diffusart,diffusart,painttorch,2919
15,userstudy_sid15_2026-01-09T02-24-47.042Z.txt,156,52,50,3,1,colordiffv2,diffusart,colordiffv2,diffusart,7041
15,userstudy_sid15_2026-01-09T02-24-47.042Z.txt,157,42,43,1,4,painttorch,proposed,proposed,painttorch,5518
15,userstudy_sid15_2026-01-09T02-24-47.042Z.txt,158,84,79,5,3,colordiffv2,painttorch,colordiffv2,painttorch,2994
15,userstudy_sid15_2026-01-09T02-24-47.042Z.txt,159,105,112,10,2,proposed,diffusart,proposed,diffusart,5708
15,userstudy_sid15_2026-01-09T02-24-47.042Z.txt,160,123,133,25,0,painttorch,diffusart,diffusart,painttorch,3201
15,userstudy_sid15_2026-01-09T02-24-47.042Z.txt,161,39,32,1,3,painttorch,colordiffv2,colordiffv2,painttorch,4602
15,userstudy_sid15_2026-01-09T02-24-47.042Z.txt,162,33,47,1,2,proposed,diffusart,diffusart,proposed,4188
15,userstudy_sid15_2026-01-09T02-24-47.042Z.txt,163,164,150,50,5,proposed,colordiffv2,proposed,colordiffv2,3814
15,userstudy_sid15_2026-01-09T02-24-47.042Z.txt,164,101,103,10,1,diffusart,colordiffv2,colordiffv2,diffusart,3748
15,userstudy_sid15_2026-01-09T02-24-47.042Z.txt,165,73,78,5,0,painttorch,diffusart,diffusart,painttorch,1678
15,userstudy_sid15_2026-01-09T02-24-47.042Z.txt,166,65,54,3,4,proposed,painttorch,proposed,painttorch,4375
15,userstudy_sid15_2026-01-09T02-24-47.042Z.txt,167,59,68,3,2,proposed,diffusart,diffusart,proposed,6076
15,userstudy_sid15_2026-01-09T02-24-47.042Z.txt,168,1,3,0,0,painttorch,diffusart,painttorch,diffusart,2692
15,userstudy_sid15_2026-01-09T02-24-47.042Z.txt,169,89,75,5,4,proposed,painttorch,proposed,painttorch,5040
15,userstudy_sid15_2026-01-09T02-24-47.042Z.txt,170,182,177,100,3,colordiffv2,painttorch,colordiffv2,painttorch,3480
15,userstudy_sid15_2026-01-09T02-24-47.042Z.txt,171,107,116,10,2,proposed,diffusart,proposed,diffusart,5700
15,userstudy_sid15_2026-01-09T02-24-47.042Z.txt,172,132,143,25,3,colordiffv2,painttorch,colordiffv2,painttorch,5154
15,userstudy_sid15_2026-01-09T02-24-47.042Z.txt,173,37,26,1,3,painttorch,colordiffv2,colordiffv2,painttorch,4271
15,userstudy_sid15_2026-01-09T02-24-47.042Z.txt,174,22,4,0,5,proposed,colordiffv2,proposed,colordiffv2,2019
15,userstudy_sid15_2026-01-09T02-24-47.042Z.txt,175,100,104,10,1,colordiffv2,diffusart,diffusart,colordiffv2,7890
15,userstudy_sid15_2026-01-09T02-24-47.042Z.txt,176,21,11,0,5,colordiffv2,proposed,proposed,colordiffv2,2141
15,userstudy_sid15_2026-01-09T02-24-47.042Z.txt,177,147,166,50,0,painttorch,diffusart,diffusart,painttorch,3694
15,userstudy_sid15_2026-01-09T02-24-47.042Z.txt,178,27,33,1,0,painttorch,diffusart,painttorch,diffusart,8742
15,userstudy_sid15_2026-01-09T02-24-47.042Z.txt,179,82,82,5,2,diffusart,proposed,proposed,diffusart,5590
15,userstudy_sid15_2026-01-09T02-24-47.042Z.txt,180,189,186,100,5,colordiffv2,proposed,proposed,colordiffv2,4385
15,userstudy_sid15_2026-01-09T02-24-47.042Z.txt,181,19,10,0,4,proposed,painttorch,painttorch,proposed,3587
15,userstudy_sid15_2026-01-09T02-24-47.042Z.txt,182,121,127,25,0,painttorch,diffusart,diffusart,painttorch,3433
15,userstudy_sid15_2026-01-09T02-24-47.042Z.txt,183,69,62,3,5,colordiffv2,proposed,proposed,colordiffv2,5077
15,userstudy_sid15_2026-01-09T02-24-47.042Z.txt,184,131,121,25,2,proposed,diffusart,proposed,diffusart,4926
15,userstudy_sid15_2026-01-09T02-24-47.042Z.txt,185,2,20,0,0,diffusart,painttorch,diffusart,painttorch,3715
15,userstudy_sid15_2026-01-09T02-24-47.042Z.txt,186,152,155,50,2,diffusart,proposed,proposed,diffusart,2606
15,userstudy_sid15_2026-01-09T02-24-47.042Z.txt,187,177,184,100,2,proposed,diffusart,proposed,diffusart,2020
15,userstudy_sid15_2026-01-09T02-24-47.042Z.txt,188,169,173,100,0,painttorch,diffusart,diffusart,painttorch,2536
15,userstudy_sid15_2026-01-09T02-24-47.042Z.txt,189,141,132,25,5,colordiffv2,proposed,colordiffv2,proposed,6228
15,userstudy_sid15_2026-01-09T02-24-47.042Z.txt,190,185,183,100,4,proposed,painttorch,proposed,painttorch,2329
15,userstudy_sid15_2026-01-09T02-24-47.042Z.txt,191,8,19,0,2,diffusart,proposed,diffusart,proposed,2065
16,userstudy_sid16_2026-01-09T04-18-32.623Z.txt,0,45,34,1,5,colordiffv2,proposed,colordiffv2,proposed,31950
16,userstudy_sid16_2026-01-09T04-18-32.623Z.txt,1,82,82,5,2,diffusart,proposed,proposed,diffusart,11595
16,userstudy_sid16_2026-01-09T04-18-32.623Z.txt,2,31,44,1,1,diffusart,colordiffv2,diffusart,colordiffv2,27966
16,userstudy_sid16_2026-01-09T04-18-32.623Z.txt,3,99,114,10,0,painttorch,diffusart,painttorch,diffusart,28082
16,userstudy_sid16_2026-01-09T04-18-32.623Z.txt,4,184,178,100,4,painttorch,proposed,proposed,painttorch,10740
16,userstudy_sid16_2026-01-09T04-18-32.623Z.txt,5,63,64,3,3,painttorch,colordiffv2,painttorch,colordiffv2,5587
16,userstudy_sid16_2026-01-09T04-18-32.623Z.txt,6,66,49,3,4,painttorch,proposed,proposed,painttorch,9467
16,userstudy_sid16_2026-01-09T04-18-32.623Z.txt,7,167,152,50,5,colordiffv2,proposed,proposed,colordiffv2,18887
16,userstudy_sid16_2026-01-09T04-18-32.623Z.txt,8,41,25,1,4,proposed,painttorch,painttorch,proposed,14195
16,userstudy_sid16_2026-01-09T04-18-32.623Z.txt,9,72,89,5,0,diffusart,painttorch,diffusart,painttorch,33272
16,userstudy_sid16_2026-01-09T04-18-32.623Z.txt,10,65,54,3,4,proposed,painttorch,proposed,painttorch,23200
16,userstudy_sid16_2026-01-09T04-18-32.623Z.txt,11,121,127,25,0,painttorch,diffusart,diffusart,painttorch,10570
16,userstudy_sid16_2026-01-09T04-18-32.623Z.txt,12,44,39,1,5,proposed,colordiffv2,colordiffv2,proposed,5343
16,userstudy_sid16_2026-01-09T04-18-32.623Z.txt,13,142,128,25,5,proposed,colordiffv2,proposed,colordiffv2,16687
16,userstudy_sid16_2026-01-09T04-18-32.623Z.txt,14,0,22,0,0,diffusart,painttorch,painttorch,diffusart,22134
16,userstudy_sid16_2026-01-09T04-18-32.623Z.txt,15,112,100,10,4,painttorch,proposed,proposed,painttorch,6859
16,userstudy_sid16_2026-01-09T04-18-32.623Z.txt,16,85,83,5,3,painttorch,colordiffv2,colordiffv2,painttorch,6828
16,userstudy_sid16_2026-01-09T04-18-32.623Z.txt,17,90,87,5,4,painttorch,proposed,painttorch,proposed,5539
16,userstudy_sid16_2026-01-09T04-18-32.623Z.txt,18,115,107,10,4,proposed,painttorch,proposed,painttorch,6112
16,userstudy_sid16_2026-01-09T04-18-32.623Z.txt,19,107,116,10,2,proposed,diffusart,proposed,diffusart,8226
16,userstudy_sid16_2026-01-09T04-18-32.623Z.txt,20,43,31,1,4,proposed,painttorch,proposed,painttorch,28811
16,userstudy_sid16_2026-01-09T04-18-32.623Z.txt,21,91,86,5,4,proposed,painttorch,proposed,painttorch,42176
16,userstudy_sid16_2026-01-09T04-18-32.623Z.txt,22,34,27,1,2,diffusart,proposed,diffusart,proposed,14340
16,userstudy_sid16_2026-01-09T04-18-32.623Z.txt,23,68,69,3,5,proposed,colordiffv2,proposed,colordiffv2,17855
16,userstudy_sid16_2026-01-09T04-18-32.623Z.txt,24,175,188,100,1,diffusart,colordiffv2,colordiffv2,diffusart,44246
16,userstudy_sid16_2026-01-09T04-18-32.623Z.txt,25,5,0,0,1,diffusart,colordiffv2,diffusart,colordiffv2,3405
16,userstudy_sid16_2026-01-09T04-18-32.623Z.txt,26,123,133,25,0,painttorch,diffusart,diffusart,painttorch,15573
16,userstudy_sid16_2026-01-09T04-18-32.623Z.txt,27,150,154,50,1,colordiffv2,diffusart,colordiffv2,diffusart,2854
16,userstudy_sid16_2026-01-09T04-18-32.623Z.txt,28,60,71,3,3,colordiffv2,painttorch,painttorch,colordiffv2,9613
16,userstudy_sid16_2026-01-09T04-18-32.623Z.txt,29,76,94,5,1,colordiffv2,diffusart,colordiffv2,diffusart,47094
16,userstudy_sid16_2026-01-09T04-18-32.623Z.txt,30,147,166,50,0,painttorch,diffusart,diffusart,painttorch,29992
16,userstudy_sid16_2026-01-09T04-18-32.623Z.txt,31,94,73,5,5,proposed,colordiffv2,proposed,colordiffv2,12371
16,userstudy_sid16_2026-01-09T04-18-32.623Z.txt,32,35,38,1,2,proposed,diffusart,proposed,diffusart,23535
16,userstudy_sid16_2026-01-09T04-18-32.623Z.txt,33,74,92,5,0,diffusart,painttorch,diffusart,painttorch,8534
16,userstudy_sid16_2026-01-09T04-18-32.623Z.txt,34,46,35,1,5,proposed,colordiffv2,proposed,colordiffv2,14295
16,userstudy_sid16_2026-01-09T04-18-32.623Z.txt,35,47,42,1,5,colordiffv2,proposed,proposed,colordiffv2,8554
16,userstudy_sid16_2026-01-09T04-18-32.623Z.txt,36,160,164,50,4,painttorch,proposed,proposed,painttorch,3217
16,userstudy_sid16_2026-01-09T04-18-32.623Z.txt,37,164,150,50,5,proposed,colordiffv2,proposed,colordiffv2,17936
16,userstudy_sid16_2026-01-09T04-18-32.623Z.txt,38,179,180,100,2,proposed,diffusart,proposed,diffusart,5808
16,userstudy_sid16_2026-01-09T04-18-32.623Z.txt,39,133,123,25,3,painttorch,colordiffv2,colordiffv2,painttorch,14862
16,userstudy_sid16_2026-01-09T04-18-32.623Z.txt,40,149,161,50,1,diffusart,colordiffv2,colordiffv2,diffusart,11878
16,userstudy_sid16_2026-01-09T04-18-32.623Z.txt,41,104,105,10,2,diffusart,proposed,diffusart,proposed,9708
16,userstudy_sid16_2026-01-09T04-18-32.623Z.txt,42,52,50,3,1,colordiffv2,diffusart,colordiffv2,diffusart,15125
16,userstudy_sid16_2026-01-09T04-18-32.623Z.txt,43,17,15,0,4,proposed,painttorch,proposed,painttorch,29653
16,userstudy_sid16_2026-01-09T04-18-32.623Z.txt,44,32,28,1,2,diffusart,proposed,diffusart,proposed,12777
16,userstudy_sid16_2026-01-09T04-18-32.623Z.txt,45,165,149,50,5,colordiffv2,proposed,proposed,colordiffv2,8539
16,userstudy_sid16_2026-01-09T04-18-32.623Z.txt,46,119,110,10,5,colordiffv2,proposed,proposed,colordiffv2,6038
16,userstudy_sid16_2026-01-09T04-18-32.623Z.txt,47,61,51,3,3,painttorch,colordiffv2,colordiffv2,painttorch,5618
16,userstudy_sid16_2026-01-09T04-18-32.623Z.txt,48,36,36,1,3,colordiffv2,painttorch,colordiffv2,painttorch,7753
16,userstudy_sid16_2026-01-09T04-18-32.623Z.txt,49,26,41,1,0,diffusart,painttorch,diffusart,painttorch,13442
16,userstudy_sid16_2026-01-09T04-18-32.623Z.txt,50,183,176,100,3,painttorch,colordiffv2,colordiffv2,painttorch,10505
16,userstudy_sid16_2026-01-09T04-18-32.623Z.txt,51,13,2,0,3,painttorch,colordiffv2,painttorch,colordiffv2,2412
16,userstudy_sid16_2026-01-09T04-18-32.623Z.txt,52,181,170,100,3,painttorch,colordiffv2,colordiffv2,painttorch,7648
16,userstudy_sid16_2026-01-09T04-18-32.623Z.txt,53,191,189,100,5,colordiffv2,proposed,colordiffv2,proposed,12156
16,userstudy_sid16_2026-01-09T04-18-32.623Z.txt,54,188,182,100,5,proposed,colordiffv2,colordiffv2,proposed,10068
16,userstudy_sid16_2026-01-09T04-18-32.623Z.txt,55,51,61,3,0,painttorch,diffusart,diffusart,painttorch,6131
16,userstudy_sid16_2026-01-09T04-18-32.623Z.txt,56,187,169,100,4,proposed,painttorch,proposed,painttorch,7128
16,userstudy_sid16_2026-01-09T04-18-32.623Z.txt,57,110,109,10,3,colordiffv2,painttorch,colordiffv2,painttorch,5286
16,userstudy_sid16_2026-01-09T04-18-32.623Z.txt,58,2,20,0,0,diffusart,painttorch,diffusart,painttorch,19561
16,userstudy_sid16_2026-01-09T04-18-32.623Z.txt,59,161,153,50,4,proposed,painttorch,proposed,painttorch,6244
16,userstudy_sid16_2026-01-09T04-18-32.623Z.txt,60,130,137,25,2,diffusart,proposed,proposed,diffusart,8268
16,userstudy_sid16_2026-01-09T04-18-32.623Z.txt,61,153,157,50,2,proposed,diffusart,proposed,diffusart,8179
16,userstudy_sid16_2026-01-09T04-18-32.623Z.txt,62,67,67,3,4,proposed,painttorch,proposed,painttorch,3805
16,userstudy_sid16_2026-01-09T04-18-32.623Z.txt,63,105,112,10,2,proposed,diffusart,proposed,diffusart,3433
16,userstudy_sid16_2026-01-09T04-18-32.623Z.txt,64,122,126,25,0,diffusart,painttorch,diffusart,painttorch,7198
16,userstudy_sid16_2026-01-09T04-18-32.623Z.txt,65,54,63,3,1,colordiffv2,diffusart,diffusart,colordiffv2,5196
16,userstudy_sid16_2026-01-09T04-18-32.623Z.txt,66,49,70,3,0,painttorch,diffusart,diffusart,painttorch,7124
16,userstudy_sid16_2026-01-09T04-18-32.623Z.txt,67,113,102,10,4,proposed,painttorch,proposed,painttorch,10709
16,userstudy_sid16_2026-01-09T04-18-32.623Z.txt,68,89,75,5,4,proposed,painttorch,proposed,painttorch,6464
16,userstudy_sid16_2026-01-09T04-18-32.623Z.txt,69,69,62,3,5,colordiffv2,proposed,proposed,colordiffv2,15148
16,userstudy_sid16_2026-01-09T04-18-32.623Z.txt,70,129,130,25,2,proposed,diffusart,proposed,diffusart,6248
16,userstudy_sid16_2026-01-09T04-18-32.623Z.txt,71,128,139,25,2,diffusart,proposed,proposed,diffusart,5647
16,userstudy_sid16_2026-01-09T04-18-32.623Z.txt,72,62,56,3,3,colordiffv2,painttorch,painttorch,colordiffv2,5125
16,userstudy_sid16_2026-01-09T04-18-32.623Z.txt,73,56,53,3,2,diffusart,proposed,proposed,diffusart,24520
16,userstudy_sid16_2026-01-09T04-18-32.623Z.txt,74,38,46,1,3,colordiffv2,painttorch,painttorch,colordiffv2,22057
16,userstudy_sid16_2026-01-09T04-18-32.623Z.txt,75,143,122,25,5,colordiffv2,proposed,proposed,colordiffv2,8731
16,userstudy_sid16_2026-01-09T04-18-32.623Z.txt,76,81,74,5,2,proposed,diffusart,proposed,diffusart,6457
16,userstudy_sid16_2026-01-09T04-18-32.623Z.txt,77,92,85,5,5,proposed,colordiffv2,proposed,colordiffv2,10127
16,userstudy_sid16_2026-01-09T04-18-32.623Z.txt,78,159,156,50,3,painttorch,colordiffv2,colordiffv2,painttorch,4019
16,userstudy_sid16_2026-01-09T04-18-32.623Z.txt,79,86,77,5,3,colordiffv2,painttorch,colordiffv2,painttorch,5034
16,userstudy_sid16_2026-01-09T04-18-32.623Z.txt,80,158,158,50,3,colordiffv2,painttorch,colordiffv2,painttorch,5285
16,userstudy_sid16_2026-01-09T04-18-32.623Z.txt,81,168,185,100,0,diffusart,painttorch,diffusart,painttorch,5378
16,userstudy_sid16_2026-01-09T04-18-32.623Z.txt,82,108,106,10,3,colordiffv2,painttorch,colordiffv2,painttorch,8040
16,userstudy_sid16_2026-01-09T04-18-32.623Z.txt,83,101,103,10,1,diffusart,colordiffv2,colordiffv2,diffusart,14401
16,userstudy_sid16_2026-01-09T04-18-32.623Z.txt,84,163,145,50,4,proposed,painttorch,proposed,painttorch,5705
16,userstudy_sid16_2026-01-09T04-18-32.623Z.txt,85,6,8,0,1,colordiffv2,diffusart,diffusart,colordiffv2,2830
16,userstudy_sid16_2026-01-09T04-18-32.623Z.txt,86,19,10,0,4,proposed,painttorch,painttorch,proposed,13738
16,userstudy_sid16_2026-01-09T04-18-32.623Z.txt,87,186,175,100,4,painttorch,proposed,proposed,painttorch,4413
16,userstudy_sid16_2026-01-09T04-18-32.623Z.txt,88,64,52,3,4,painttorch,proposed,proposed,painttorch,5044
16,userstudy_sid16_2026-01-09T04-18-32.623Z.txt,89,30,30,1,1,colordiffv2,diffusart,diffusart,colordiffv2,6818
16,userstudy_sid16_2026-01-09T04-18-32.623Z.txt,90,154,147,50,2,diffusart,proposed,proposed,diffusart,15383
16,userstudy_sid16_2026-01-09T04-18-32.623Z.txt,91,127,129,25,1,diffusart,colordiffv2,colordiffv2,diffusart,12673
16,userstudy_sid16_2026-01-09T04-18-32.623Z.txt,92,25,29,1,0,painttorch,diffusart,diffusart,painttorch,18341
16,userstudy_sid16_2026-01-09T04-18-32.623Z.txt,93,111,97,10,3,painttorch,colordiffv2,colordiffv2,painttorch,10151
16,userstudy_sid16_2026-01-09T04-18-32.623Z.txt,94,20,1,0,5,proposed,colordiffv2,proposed,colordiffv2,3273
16,userstudy_sid16_2026-01-09T04-18-32.623Z.txt,95,9,5,0,2,proposed,diffusart,diffusart,proposed,6085
16,userstudy_sid16_2026-01-09T04-18-32.623Z.txt,96,50,65,3,0,diffusart,painttorch,diffusart,painttorch,8824
16,userstudy_sid16_2026-01-09T04-18-32.623Z.txt,97,37,26,1,3,painttorch,colordiffv2,painttorch,colordiffv2,7884
16,userstudy_sid16_2026-01-09T04-18-32.623Z.txt,98,137,135,25,4,proposed,painttorch,proposed,painttorch,6234
16,userstudy_sid16_2026-01-09T04-18-32.623Z.txt,99,78,90,5,1,colordiffv2,diffusart,diffusart,colordiffv2,16523
16,userstudy_sid16_2026-01-09T04-18-32.623Z.txt,100,102,101,10,1,colordiffv2,diffusart,colordiffv2,diffusart,14112
16,userstudy_sid16_2026-01-09T04-18-32.623Z.txt,101,172,179,100,1,colordiffv2,diffusart,colordiffv2,diffusart,5655
16,userstudy_sid16_2026-01-09T04-18-32.623Z.txt,102,33,47,1,2,proposed,diffusart,diffusart,proposed,31169
16,userstudy_sid16_2026-01-09T04-18-32.623Z.txt,103,29,24,1,1,diffusart,colordiffv2,diffusart,colordiffv2,16507
16,userstudy_sid16_2026-01-09T04-18-32.623Z.txt,104,58,48,3,2,diffusart,proposed,diffusart,proposed,22230
16,userstudy_sid16_2026-01-09T04-18-32.623Z.txt,105,131,121,25,2,proposed,diffusart,proposed,diffusart,8651
16,userstudy_sid16_2026-01-09T04-18-32.623Z.txt,106,21,11,0,5,colordiffv2,proposed,proposed,colordiffv2,4731
16,userstudy_sid16_2026-01-09T04-18-32.623Z.txt,107,182,177,100,3,colordiffv2,painttorch,colordiffv2,painttorch,6305
16,userstudy_sid16_2026-01-09T04-18-32.623Z.txt,108,106,117,10,2,diffusart,proposed,diffusart,proposed,23234
16,userstudy_sid16_2026-01-09T04-18-32.623Z.txt,109,109,108,10,3,painttorch,colordiffv2,painttorch,colordiffv2,3598
16,userstudy_sid16_2026-01-09T04-18-32.623Z.txt,110,103,99,10,1,diffusart,colordiffv2,colordiffv2,diffusart,5208
16,userstudy_sid16_2026-01-09T04-18-32.623Z.txt,111,4,17,0,1,colordiffv2,diffusart,diffusart,colordiffv2,2876
16,userstudy_sid16_2026-01-09T04-18-32.623Z.txt,112,93,95,5,5,colordiffv2,proposed,proposed,colordiffv2,13764
16,userstudy_sid16_2026-01-09T04-18-32.623Z.txt,113,77,72,5,1,diffusart,colordiffv2,colordiffv2,diffusart,8780
16,userstudy_sid16_2026-01-09T04-18-32.623Z.txt,114,53,66,3,1,diffusart,colordiffv2,colordiffv2,diffusart,38742
16,userstudy_sid16_2026-01-09T04-18-32.623Z.txt,115,7,21,0,1,diffusart,colordiffv2,diffusart,colordiffv2,2352
16,userstudy_sid16_2026-01-09T04-18-32.623Z.txt,116,177,184,100,2,proposed,diffusart,proposed,diffusart,3896
16,userstudy_sid16_2026-01-09T04-18-32.623Z.txt,117,117,111,10,5,colordiffv2,proposed,proposed,colordiffv2,15046
16,userstudy_sid16_2026-01-09T04-18-32.623Z.txt,118,100,104,10,1,colordiffv2,diffusart,colordiffv2,diffusart,6349
16,userstudy_sid16_2026-01-09T04-18-32.623Z.txt,119,114,118,10,4,painttorch,proposed,proposed,painttorch,6526
16,userstudy_sid16_2026-01-09T04-18-32.623Z.txt,120,97,96,10,0,painttorch,diffusart,diffusart,painttorch,10646
16,userstudy_sid16_2026-01-09T04-18-32.623Z.txt,121,148,165,50,1,colordiffv2,diffusart,colordiffv2,diffusart,5522
16,userstudy_sid16_2026-01-09T04-18-32.623Z.txt,122,88,91,5,4,painttorch,proposed,proposed,painttorch,10394
16,userstudy_sid16_2026-01-09T04-18-32.623Z.txt,123,79,81,5,1,diffusart,colordiffv2,diffusart,colordiffv2,5592
16,userstudy_sid16_2026-01-09T04-18-32.623Z.txt,124,189,186,100,5,colordiffv2,proposed,proposed,colordiffv2,10695
16,userstudy_sid16_2026-01-09T04-18-32.623Z.txt,125,80,80,5,2,diffusart,proposed,proposed,diffusart,13495
16,userstudy_sid16_2026-01-09T04-18-32.623Z.txt,126,59,68,3,2,proposed,diffusart,diffusart,proposed,10127
16,userstudy_sid16_2026-01-09T04-18-32.623Z.txt,127,169,173,100,0,painttorch,diffusart,diffusart,painttorch,14724
16,userstudy_sid16_2026-01-09T04-18-32.623Z.txt,128,28,40,1,1,colordiffv2,diffusart,colordiffv2,diffusart,19475
16,userstudy_sid16_2026-01-09T04-18-32.623Z.txt,129,70,59,3,5,proposed,colordiffv2,proposed,colordiffv2,9787
16,userstudy_sid16_2026-01-09T04-18-32.623Z.txt,130,116,98,10,5,proposed,colordiffv2,proposed,colordiffv2,14094
16,userstudy_sid16_2026-01-09T04-18-32.623Z.txt,131,40,45,1,4,painttorch,proposed,proposed,painttorch,5146
16,userstudy_sid16_2026-01-09T04-18-32.623Z.txt,132,118,115,10,5,proposed,colordiffv2,proposed,colordiffv2,6108
16,userstudy_sid16_2026-01-09T04-18-32.623Z.txt,133,132,143,25,3,colordiffv2,painttorch,colordiffv2,painttorch,9689
16,userstudy_sid16_2026-01-09T04-18-32.623Z.txt,134,166,167,50,5,proposed,colordiffv2,proposed,colordiffv2,12679
16,userstudy_sid16_2026-01-09T04-18-32.623Z.txt,135,120,120,25,0,diffusart,painttorch,diffusart,painttorch,4880
16,userstudy_sid16_2026-01-09T04-18-32.623Z.txt,136,42,43,1,4,painttorch,proposed,proposed,painttorch,6773
16,userstudy_sid16_2026-01-09T04-18-32.623Z.txt,137,134,140,25,3,colordiffv2,painttorch,colordiffv2,painttorch,3948
16,userstudy_sid16_2026-01-09T04-18-32.623Z.txt,138,190,191,100,5,proposed,colordiffv2,proposed,colordiffv2,12670
16,userstudy_sid16_2026-01-09T04-18-32.623Z.txt,139,11,14,0,2,proposed,diffusart,diffusart,proposed,13335
16,userstudy_sid16_2026-01-09T04-18-32.623Z.txt,140,22,4,0,5,proposed,colordiffv2,proposed,colordiffv2,8605
16,userstudy_sid16_2026-01-09T04-18-32.623Z.txt,141,141,132,25,5,colordiffv2,proposed,colordiffv2,proposed,8534
16,userstudy_sid16_2026-01-09T04-18-32.623Z.txt,142,145,148,50,0,painttorch,diffusart,diffusart,painttorch,12100
16,userstudy_sid16_2026-01-09T04-18-32.623Z.txt,143,39,32,1,3,painttorch,colordiffv2,painttorch,colordiffv2,16792
16,userstudy_sid16_2026-01-09T04-18-32.623Z.txt,144,27,33,1,0,painttorch,diffusart,diffusart,painttorch,23497
16,userstudy_sid16_2026-01-09T04-18-32.623Z.txt,145,173,174,100,1,diffusart,colordiffv2,diffusart,colordiffv2,12888
16,userstudy_sid16_2026-01-09T04-18-32.623Z.txt,146,23,7,0,5,colordiffv2,proposed,proposed,colordiffv2,2330
16,userstudy_sid16_2026-01-09T04-18-32.623Z.txt,147,176,172,100,2,diffusart,proposed,proposed,diffusart,7897
16,userstudy_sid16_2026-01-09T04-18-32.623Z.txt,148,157,163,50,3,painttorch,colordiffv2,colordiffv2,painttorch,7281
16,userstudy_sid16_2026-01-09T04-18-32.623Z.txt,149,75,88,5,0,painttorch,diffusart,diffusart,painttorch,6120
16,userstudy_sid16_2026-01-09T04-18-32.623Z.txt,150,136,125,25,4,painttorch,proposed,proposed,painttorch,3508
16,userstudy_sid16_2026-01-09T04-18-32.623Z.txt,151,125,124,25,1,diffusart,colordiffv2,diffusart,colordiffv2,3613
16,userstudy_sid16_2026-01-09T04-18-32.623Z.txt,152,84,79,5,3,colordiffv2,painttorch,colordiffv2,painttorch,4524
16,userstudy_sid16_2026-01-09T04-18-32.623Z.txt,153,12,23,0,3,colordiffv2,painttorch,painttorch,colordiffv2,1698
16,userstudy_sid16_2026-01-09T04-18-32.623Z.txt,154,83,84,5,2,proposed,diffusart,proposed,diffusart,3161
16,userstudy_sid16_2026-01-09T04-18-32.623Z.txt,155,1,3,0,0,painttorch,diffusart,diffusart,painttorch,8071
16,userstudy_sid16_2026-01-09T04-18-32.623Z.txt,156,73,78,5,0,painttorch,diffusart,diffusart,painttorch,14281
16,userstudy_sid16_2026-01-09T04-18-32.623Z.txt,157,174,190,100,1,colordiffv2,diffusart,colordiffv2,diffusart,4555
16,userstudy_sid16_2026-01-09T04-18-32.623Z.txt,158,151,144,50,1,diffusart,colordiffv2,colordiffv2,diffusart,11925
16,userstudy_sid16_2026-01-09T04-18-32.623Z.txt,159,152,155,50,2,diffusart,proposed,proposed,diffusart,10941
16,userstudy_sid16_2026-01-09T04-18-32.623Z.txt,160,18,9,0,4,painttorch,proposed,painttorch,proposed,7508
16,userstudy_sid16_2026-01-09T04-18-32.623Z.txt,161,144,162,50,0,diffusart,painttorch,diffusart,painttorch,14571
16,userstudy_sid16_2026-01-09T04-18-32.623Z.txt,162,138,141,25,4,painttorch,proposed,proposed,painttorch,3876
16,userstudy_sid16_2026-01-09T04-18-32.623Z.txt,163,10,13,0,2,diffusart,proposed,proposed,diffusart,6014
16,userstudy_sid16_2026-01-09T04-18-32.623Z.txt,164,185,183,100,4,proposed,painttorch,proposed,painttorch,2999
16,userstudy_sid16_2026-01-09T04-18-32.623Z.txt,165,55,57,3,1,diffusart,colordiffv2,diffusart,colordiffv2,5439
16,userstudy_sid16_2026-01-09T04-18-32.623Z.txt,166,95,93,5,5,colordiffv2,proposed,proposed,colordiffv2,10352
16,userstudy_sid16_2026-01-09T04-18-32.623Z.txt,167,71,55,3,5,colordiffv2,proposed,proposed,colordiffv2,12468
16,userstudy_sid16_2026-01-09T04-18-32.623Z.txt,168,171,181,100,0,painttorch,diffusart,painttorch,diffusart,13219
16,userstudy_sid16_2026-01-09T04-18-32.623Z.txt,169,156,151,50,3,colordiffv2,painttorch,colordiffv2,painttorch,4969
16,userstudy_sid16_2026-01-09T04-18-32.623Z.txt,170,14,16,0,3,colordiffv2,painttorch,painttorch,colordiffv2,2066
16,userstudy_sid16_2026-01-09T04-18-32.623Z.txt,171,24,37,1,0,diffusart,painttorch,diffusart,painttorch,8102
16,userstudy_sid16_2026-01-09T04-18-32.623Z.txt,172,170,171,100,0,diffusart,painttorch,diffusart,painttorch,4416
16,userstudy_sid16_2026-01-09T04-18-32.623Z.txt,173,48,60,3,0,diffusart,painttorch,diffusart,painttorch,3959
16,userstudy_sid16_2026-01-09T04-18-32.623Z.txt,174,3,6,0,0,painttorch,diffusart,diffusart,painttorch,19098
16,userstudy_sid16_2026-01-09T04-18-32.623Z.txt,175,155,160,50,2,proposed,diffusart,proposed,diffusart,8392
16,userstudy_sid16_2026-01-09T04-18-32.623Z.txt,176,139,134,25,4,proposed,painttorch,proposed,painttorch,3093
16,userstudy_sid16_2026-01-09T04-18-32.623Z.txt,177,124,138,25,1,colordiffv2,diffusart,colordiffv2,diffusart,6005
16,userstudy_sid16_2026-01-09T04-18-32.623Z.txt,178,135,131,25,3,painttorch,colordiffv2,painttorch,colordiffv2,4499
16,userstudy_sid16_2026-01-09T04-18-32.623Z.txt,179,15,18,0,3,painttorch,colordiffv2,painttorch,colordiffv2,2905
16,userstudy_sid16_2026-01-09T04-18-32.623Z.txt,180,126,136,25,1,colordiffv2,diffusart,colordiffv2,diffusart,4754
16,userstudy_sid16_2026-01-09T04-18-32.623Z.txt,181,8,19,0,2,diffusart,proposed,diffusart,proposed,8647
16,userstudy_sid16_2026-01-09T04-18-32.623Z.txt,182,178,187,100,2,diffusart,proposed,proposed,diffusart,6178
16,userstudy_sid16_2026-01-09T04-18-32.623Z.txt,183,57,58,3,2,proposed,diffusart,proposed,diffusart,4039
16,userstudy_sid16_2026-01-09T04-18-32.623Z.txt,184,96,119,10,0,diffusart,painttorch,painttorch,diffusart,8704
16,userstudy_sid16_2026-01-09T04-18-32.623Z.txt,185,98,113,10,0,diffusart,painttorch,diffusart,painttorch,3404
16,userstudy_sid16_2026-01-09T04-18-32.623Z.txt,186,180,168,100,3,colordiffv2,painttorch,colordiffv2,painttorch,3285
16,userstudy_sid16_2026-01-09T04-18-32.623Z.txt,187,140,142,25,5,proposed,colordiffv2,proposed,colordiffv2,3040
16,userstudy_sid16_2026-01-09T04-18-32.623Z.txt,188,146,159,50,0,diffusart,painttorch,diffusart,painttorch,7013
16,userstudy_sid16_2026-01-09T04-18-32.623Z.txt,189,87,76,5,3,painttorch,colordiffv2,painttorch,colordiffv2,20452
16,userstudy_sid16_2026-01-09T04-18-32.623Z.txt,190,162,146,50,4,painttorch,proposed,proposed,painttorch,7571
16,userstudy_sid16_2026-01-09T04-18-32.623Z.txt,191,16,12,0,4,painttorch,proposed,painttorch,proposed,10370
17,userstudy_sid17_2026-01-09T04-07-25.901Z.txt,0,110,109,10,3,colordiffv2,painttorch,colordiffv2,painttorch,2911
17,userstudy_sid17_2026-01-09T04-07-25.901Z.txt,1,153,157,50,2,proposed,diffusart,proposed,diffusart,2311
17,userstudy_sid17_2026-01-09T04-07-25.901Z.txt,2,108,106,10,3,colordiffv2,painttorch,colordiffv2,painttorch,1997
17,userstudy_sid17_2026-01-09T04-07-25.901Z.txt,3,117,111,10,5,colordiffv2,proposed,colordiffv2,proposed,2480
17,userstudy_sid17_2026-01-09T04-07-25.901Z.txt,4,53,66,3,1,diffusart,colordiffv2,diffusart,colordiffv2,1180
17,userstudy_sid17_2026-01-09T04-07-25.901Z.txt,5,179,180,100,2,proposed,diffusart,proposed,diffusart,2447
17,userstudy_sid17_2026-01-09T04-07-25.901Z.txt,6,96,119,10,0,diffusart,painttorch,diffusart,painttorch,1398
17,userstudy_sid17_2026-01-09T04-07-25.901Z.txt,7,145,148,50,0,painttorch,diffusart,diffusart,painttorch,1688
17,userstudy_sid17_2026-01-09T04-07-25.901Z.txt,8,16,12,0,4,painttorch,proposed,painttorch,proposed,2628
17,userstudy_sid17_2026-01-09T04-07-25.901Z.txt,9,79,81,5,1,diffusart,colordiffv2,colordiffv2,diffusart,3230
17,userstudy_sid17_2026-01-09T04-07-25.901Z.txt,10,44,39,1,5,proposed,colordiffv2,proposed,colordiffv2,2111
17,userstudy_sid17_2026-01-09T04-07-25.901Z.txt,11,24,37,1,0,diffusart,painttorch,diffusart,painttorch,1833
17,userstudy_sid17_2026-01-09T04-07-25.901Z.txt,12,81,74,5,2,proposed,diffusart,proposed,diffusart,1393
17,userstudy_sid17_2026-01-09T04-07-25.901Z.txt,13,21,11,0,5,colordiffv2,proposed,colordiffv2,proposed,2636
17,userstudy_sid17_2026-01-09T04-07-25.901Z.txt,14,38,46,1,3,colordiffv2,painttorch,colordiffv2,painttorch,2047
17,userstudy_sid17_2026-01-09T04-07-25.901Z.txt,15,37,26,1,3,painttorch,colordiffv2,colordiffv2,painttorch,1947
17,userstudy_sid17_2026-01-09T04-07-25.901Z.txt,16,63,64,3,3,painttorch,colordiffv2,colordiffv2,painttorch,1587
17,userstudy_sid17_2026-01-09T04-07-25.901Z.txt,17,116,98,10,5,proposed,colordiffv2,proposed,colordiffv2,2063
17,userstudy_sid17_2026-01-09T04-07-25.901Z.txt,18,30,30,1,1,colordiffv2,diffusart,colordiffv2,diffusart,3007
17,userstudy_sid17_2026-01-09T04-07-25.901Z.txt,19,181,170,100,3,painttorch,colordiffv2,colordiffv2,painttorch,4198
17,userstudy_sid17_2026-01-09T04-07-25.901Z.txt,20,54,63,3,1,colordiffv2,diffusart,diffusart,colordiffv2,3405
17,userstudy_sid17_2026-01-09T04-07-25.901Z.txt,21,132,143,25,3,colordiffv2,painttorch,colordiffv2,painttorch,1985
17,userstudy_sid17_2026-01-09T04-07-25.901Z.txt,22,104,105,10,2,diffusart,proposed,diffusart,proposed,1974
17,userstudy_sid17_2026-01-09T04-07-25.901Z.txt,23,34,27,1,2,diffusart,proposed,diffusart,proposed,1888
17,userstudy_sid17_2026-01-09T04-07-25.901Z.txt,24,66,49,3,4,painttorch,proposed,painttorch,proposed,2322
17,userstudy_sid17_2026-01-09T04-07-25.901Z.txt,25,157,163,50,3,painttorch,colordiffv2,colordiffv2,painttorch,1773
17,userstudy_sid17_2026-01-09T04-07-25.901Z.txt,26,142,128,25,5,proposed,colordiffv2,proposed,colordiffv2,3460
17,userstudy_sid17_2026-01-09T04-07-25.901Z.txt,27,127,129,25,1,diffusart,colordiffv2,diffusart,colordiffv2,1393
17,userstudy_sid17_2026-01-09T04-07-25.901Z.txt,28,43,31,1,4,proposed,painttorch,proposed,painttorch,2331
17,userstudy_sid17_2026-01-09T04-07-25.901Z.txt,29,187,169,100,4,proposed,painttorch,proposed,painttorch,2063
17,userstudy_sid17_2026-01-09T04-07-25.901Z.txt,30,59,68,3,2,proposed,diffusart,diffusart,proposed,2385
17,userstudy_sid17_2026-01-09T04-07-25.901Z.txt,31,168,185,100,0,diffusart,painttorch,diffusart,painttorch,1482
17,userstudy_sid17_2026-01-09T04-07-25.901Z.txt,32,114,118,10,4,painttorch,proposed,proposed,painttorch,1529
17,userstudy_sid17_2026-01-09T04-07-25.901Z.txt,33,136,125,25,4,painttorch,proposed,proposed,painttorch,1080
17,userstudy_sid17_2026-01-09T04-07-25.901Z.txt,34,183,176,100,3,painttorch,colordiffv2,colordiffv2,painttorch,1540
17,userstudy_sid17_2026-01-09T04-07-25.901Z.txt,35,55,57,3,1,diffusart,colordiffv2,diffusart,colordiffv2,1406
17,userstudy_sid17_2026-01-09T04-07-25.901Z.txt,36,97,96,10,0,painttorch,diffusart,painttorch,diffusart,2030
17,userstudy_sid17_2026-01-09T04-07-25.901Z.txt,37,46,35,1,5,proposed,colordiffv2,proposed,colordiffv2,1192
17,userstudy_sid17_2026-01-09T04-07-25.901Z.txt,38,26,41,1,0,diffusart,painttorch,diffusart,painttorch,1189
17,userstudy_sid17_2026-01-09T04-07-25.901Z.txt,39,94,73,5,5,proposed,colordiffv2,colordiffv2,proposed,2487
17,userstudy_sid17_2026-01-09T04-07-25.901Z.txt,40,185,183,100,4,proposed,painttorch,proposed,painttorch,2300
17,userstudy_sid17_2026-01-09T04-07-25.901Z.txt,41,146,159,50,0,diffusart,painttorch,diffusart,painttorch,2328
17,userstudy_sid17_2026-01-09T04-07-25.901Z.txt,42,164,150,50,5,proposed,colordiffv2,proposed,colordiffv2,1323
17,userstudy_sid17_2026-01-09T04-07-25.901Z.txt,43,33,47,1,2,proposed,diffusart,diffusart,proposed,2804
17,userstudy_sid17_2026-01-09T04-07-25.901Z.txt,44,8,19,0,2,diffusart,proposed,diffusart,proposed,2578
17,userstudy_sid17_2026-01-09T04-07-25.901Z.txt,45,31,44,1,1,diffusart,colordiffv2,diffusart,colordiffv2,2541
17,userstudy_sid17_2026-01-09T04-07-25.901Z.txt,46,190,191,100,5,proposed,colordiffv2,proposed,colordiffv2,1246
17,userstudy_sid17_2026-01-09T04-07-25.901Z.txt,47,84,79,5,3,colordiffv2,painttorch,colordiffv2,painttorch,1245
17,userstudy_sid17_2026-01-09T04-07-25.901Z.txt,48,107,116,10,2,proposed,diffusart,proposed,diffusart,1838
17,userstudy_sid17_2026-01-09T04-07-25.901Z.txt,49,15,18,0,3,painttorch,colordiffv2,colordiffv2,painttorch,2050
17,userstudy_sid17_2026-01-09T04-07-25.901Z.txt,50,86,77,5,3,colordiffv2,painttorch,colordiffv2,painttorch,1711
17,userstudy_sid17_2026-01-09T04-07-25.901Z.txt,51,99,114,10,0,painttorch,diffusart,diffusart,painttorch,1920
17,userstudy_sid17_2026-01-09T04-07-25.901Z.txt,52,89,75,5,4,proposed,painttorch,proposed,painttorch,2901
17,userstudy_sid17_2026-01-09T04-07-25.901Z.txt,53,122,126,25,0,diffusart,painttorch,diffusart,painttorch,1452
17,userstudy_sid17_2026-01-09T04-07-25.901Z.txt,54,106,117,10,2,diffusart,proposed,proposed,diffusart,2723
17,userstudy_sid17_2026-01-09T04-07-25.901Z.txt,55,65,54,3,4,proposed,painttorch,proposed,painttorch,1868
17,userstudy_sid17_2026-01-09T04-07-25.901Z.txt,56,20,1,0,5,proposed,colordiffv2,colordiffv2,proposed,2702
17,userstudy_sid17_2026-01-09T04-07-25.901Z.txt,57,123,133,25,0,painttorch,diffusart,diffusart,painttorch,1439
17,userstudy_sid17_2026-01-09T04-07-25.901Z.txt,58,169,173,100,0,painttorch,diffusart,diffusart,painttorch,1207
17,userstudy_sid17_2026-01-09T04-07-25.901Z.txt,59,167,152,50,5,colordiffv2,proposed,colordiffv2,proposed,2382
17,userstudy_sid17_2026-01-09T04-07-25.901Z.txt,60,67,67,3,4,proposed,painttorch,proposed,painttorch,1264
17,userstudy_sid17_2026-01-09T04-07-25.901Z.txt,61,151,144,50,1,diffusart,colordiffv2,diffusart,colordiffv2,1949
17,userstudy_sid17_2026-01-09T04-07-25.901Z.txt,62,18,9,0,4,painttorch,proposed,painttorch,proposed,2158
17,userstudy_sid17_2026-01-09T04-07-25.901Z.txt,63,188,182,100,5,proposed,colordiffv2,proposed,colordiffv2,2065
17,userstudy_sid17_2026-01-09T04-07-25.901Z.txt,64,176,172,100,2,diffusart,proposed,diffusart,proposed,1273
17,userstudy_sid17_2026-01-09T04-07-25.901Z.txt,65,162,146,50,4,painttorch,proposed,proposed,painttorch,2113
17,userstudy_sid17_2026-01-09T04-07-25.901Z.txt,66,118,115,10,5,proposed,colordiffv2,proposed,colordiffv2,2407
17,userstudy_sid17_2026-01-09T04-07-25.901Z.txt,67,154,147,50,2,diffusart,proposed,proposed,diffusart,2931
17,userstudy_sid17_2026-01-09T04-07-25.901Z.txt,68,78,90,5,1,colordiffv2,diffusart,colordiffv2,diffusart,2704
17,userstudy_sid17_2026-01-09T04-07-25.901Z.txt,69,148,165,50,1,colordiffv2,diffusart,colordiffv2,diffusart,2168
17,userstudy_sid17_2026-01-09T04-07-25.901Z.txt,70,191,189,100,5,colordiffv2,proposed,colordiffv2,proposed,2008
17,userstudy_sid17_2026-01-09T04-07-25.901Z.txt,71,103,99,10,1,diffusart,colordiffv2,colordiffv2,diffusart,3210
17,userstudy_sid17_2026-01-09T04-07-25.901Z.txt,72,25,29,1,0,painttorch,diffusart,diffusart,painttorch,2705
17,userstudy_sid17_2026-01-09T04-07-25.901Z.txt,73,161,153,50,4,proposed,painttorch,proposed,painttorch,1687
17,userstudy_sid17_2026-01-09T04-07-25.901Z.txt,74,57,58,3,2,proposed,diffusart,proposed,diffusart,2650
17,userstudy_sid17_2026-01-09T04-07-25.901Z.txt,75,189,186,100,5,colordiffv2,proposed,proposed,colordiffv2,2074
17,userstudy_sid17_2026-01-09T04-07-25.901Z.txt,76,83,84,5,2,proposed,diffusart,proposed,diffusart,2453
17,userstudy_sid17_2026-01-09T04-07-25.901Z.txt,77,74,92,5,0,diffusart,painttorch,painttorch,diffusart,2597
17,userstudy_sid17_2026-01-09T04-07-25.901Z.txt,78,115,107,10,4,proposed,painttorch,painttorch,proposed,2149
17,userstudy_sid17_2026-01-09T04-07-25.901Z.txt,79,23,7,0,5,colordiffv2,proposed,colordiffv2,proposed,1520
17,userstudy_sid17_2026-01-09T04-07-25.901Z.txt,80,182,177,100,3,colordiffv2,painttorch,colordiffv2,painttorch,1421
17,userstudy_sid17_2026-01-09T04-07-25.901Z.txt,81,62,56,3,3,colordiffv2,painttorch,painttorch,colordiffv2,3489
17,userstudy_sid17_2026-01-09T04-07-25.901Z.txt,82,147,166,50,0,painttorch,diffusart,painttorch,diffusart,2424
17,userstudy_sid17_2026-01-09T04-07-25.901Z.txt,83,131,121,25,2,proposed,diffusart,proposed,diffusart,2612
17,userstudy_sid17_2026-01-09T04-07-25.901Z.txt,84,28,40,1,1,colordiffv2,diffusart,colordiffv2,diffusart,1541
17,userstudy_sid17_2026-01-09T04-07-25.901Z.txt,85,120,120,25,0,diffusart,painttorch,diffusart,painttorch,1853
17,userstudy_sid17_2026-01-09T04-07-25.901Z.txt,86,70,59,3,5,proposed,colordiffv2,proposed,colordiffv2,2411
17,userstudy_sid17_2026-01-09T04-07-25.901Z.txt,87,134,140,25,3,colordiffv2,painttorch,colordiffv2,painttorch,2605
17,userstudy_sid17_2026-01-09T04-07-25.901Z.txt,88,80,80,5,2,diffusart,proposed,diffusart,proposed,3073
17,userstudy_sid17_2026-01-09T04-07-25.901Z.txt,89,173,174,100,1,diffusart,colordiffv2,diffusart,colordiffv2,1746
17,userstudy_sid17_2026-01-09T04-07-25.901Z.txt,90,14,16,0,3,colordiffv2,painttorch,colordiffv2,painttorch,1786
17,userstudy_sid17_2026-01-09T04-07-25.901Z.txt,91,100,104,10,1,colordiffv2,diffusart,diffusart,colordiffv2,3256
17,userstudy_sid17_2026-01-09T04-07-25.901Z.txt,92,141,132,25,5,colordiffv2,proposed,colordiffv2,proposed,4676
17,userstudy_sid17_2026-01-09T04-07-25.901Z.txt,93,180,168,100,3,colordiffv2,painttorch,colordiffv2,painttorch,3557
17,userstudy_sid17_2026-01-09T04-07-25.901Z.txt,94,45,34,1,5,colordiffv2,proposed,colordiffv2,proposed,3070
17,userstudy_sid17_2026-01-09T04-07-25.901Z.txt,95,101,103,10,1,diffusart,colordiffv2,diffusart,colordiffv2,1577
17,userstudy_sid17_2026-01-09T04-07-25.901Z.txt,96,9,5,0,2,proposed,diffusart,diffusart,proposed,4476
17,userstudy_sid17_2026-01-09T04-07-25.901Z.txt,97,95,93,5,5,colordiffv2,proposed,colordiffv2,proposed,4154
17,userstudy_sid17_2026-01-09T04-07-25.901Z.txt,98,10,13,0,2,diffusart,proposed,diffusart,proposed,2425
17,userstudy_sid17_2026-01-09T04-07-25.901Z.txt,99,178,187,100,2,diffusart,proposed,diffusart,proposed,2444
17,userstudy_sid17_2026-01-09T04-07-25.901Z.txt,100,68,69,3,5,proposed,colordiffv2,proposed,colordiffv2,3209
17,userstudy_sid17_2026-01-09T04-07-25.901Z.txt,101,158,158,50,3,colordiffv2,painttorch,colordiffv2,painttorch,1818
17,userstudy_sid17_2026-01-09T04-07-25.901Z.txt,102,48,60,3,0,diffusart,painttorch,diffusart,painttorch,2736
17,userstudy_sid17_2026-01-09T04-07-25.901Z.txt,103,133,123,25,3,painttorch,colordiffv2,colordiffv2,painttorch,1891
17,userstudy_sid17_2026-01-09T04-07-25.901Z.txt,104,93,95,5,5,colordiffv2,proposed,proposed,colordiffv2,2152
17,userstudy_sid17_2026-01-09T04-07-25.901Z.txt,105,2,20,0,0,diffusart,painttorch,diffusart,painttorch,2704
17,userstudy_sid17_2026-01-09T04-07-25.901Z.txt,106,98,113,10,0,diffusart,painttorch,diffusart,painttorch,2542
17,userstudy_sid17_2026-01-09T04-07-25.901Z.txt,107,7,21,0,1,diffusart,colordiffv2,colordiffv2,diffusart,2343
17,userstudy_sid17_2026-01-09T04-07-25.901Z.txt,108,69,62,3,5,colordiffv2,proposed,colordiffv2,proposed,2640
17,userstudy_sid17_2026-01-09T04-07-25.901Z.txt,109,174,190,100,1,colordiffv2,diffusart,diffusart,colordiffv2,3371
17,userstudy_sid17_2026-01-09T04-07-25.901Z.txt,110,102,101,10,1,colordiffv2,diffusart,colordiffv2,diffusart,1702
17,userstudy_sid17_2026-01-09T04-07-25.901Z.txt,111,138,141,25,4,painttorch,proposed,proposed,painttorch,1704
17,userstudy_sid17_2026-01-09T04-07-25.901Z.txt,112,77,72,5,1,diffusart,colordiffv2,diffusart,colordiffv2,1716
17,userstudy_sid17_2026-01-09T04-07-25.901Z.txt,113,171,181,100,0,painttorch,diffusart,painttorch,diffusart,2359
17,userstudy_sid17_2026-01-09T04-07-25.901Z.txt,114,52,50,3,1,colordiffv2,diffusart,colordiffv2,diffusart,2246
17,userstudy_sid17_2026-01-09T04-07-25.901Z.txt,115,29,24,1,1,diffusart,colordiffv2,diffusart,colordiffv2,1237
17,userstudy_sid17_2026-01-09T04-07-25.901Z.txt,116,149,161,50,1,diffusart,colordiffv2,diffusart,colordiffv2,1457
17,userstudy_sid17_2026-01-09T04-07-25.901Z.txt,117,139,134,25,4,proposed,painttorch,proposed,painttorch,2314
17,userstudy_sid17_2026-01-09T04-07-25.901Z.txt,118,4,17,0,1,colordiffv2,diffusart,colordiffv2,diffusart,1753
17,userstudy_sid17_2026-01-09T04-07-25.901Z.txt,119,5,0,0,1,diffusart,colordiffv2,colordiffv2,diffusart,1687
17,userstudy_sid17_2026-01-09T04-07-25.901Z.txt,120,156,151,50,3,colordiffv2,painttorch,colordiffv2,painttorch,2828
17,userstudy_sid17_2026-01-09T04-07-25.901Z.txt,121,129,130,25,2,proposed,diffusart,proposed,diffusart,2004
17,userstudy_sid17_2026-01-09T04-07-25.901Z.txt,122,126,136,25,1,colordiffv2,diffusart,colordiffv2,diffusart,3185
17,userstudy_sid17_2026-01-09T04-07-25.901Z.txt,123,119,110,10,5,colordiffv2,proposed,colordiffv2,proposed,2416
17,userstudy_sid17_2026-01-09T04-07-25.901Z.txt,124,144,162,50,0,diffusart,painttorch,diffusart,painttorch,1257
17,userstudy_sid17_2026-01-09T04-07-25.901Z.txt,125,72,89,5,0,diffusart,painttorch,diffusart,painttorch,2885
17,userstudy_sid17_2026-01-09T04-07-25.901Z.txt,126,150,154,50,1,colordiffv2,diffusart,colordiffv2,diffusart,996
17,userstudy_sid17_2026-01-09T04-07-25.901Z.txt,127,109,108,10,3,painttorch,colordiffv2,painttorch,colordiffv2,3363
17,userstudy_sid17_2026-01-09T04-07-25.901Z.txt,128,121,127,25,0,painttorch,diffusart,diffusart,painttorch,2383
17,userstudy_sid17_2026-01-09T04-07-25.901Z.txt,129,175,188,100,1,diffusart,colordiffv2,colordiffv2,diffusart,2789
17,userstudy_sid17_2026-01-09T04-07-25.901Z.txt,130,11,14,0,2,proposed,diffusart,diffusart,proposed,2565
17,userstudy_sid17_2026-01-09T04-07-25.901Z.txt,131,92,85,5,5,proposed,colordiffv2,proposed,colordiffv2,4523
17,userstudy_sid17_2026-01-09T04-07-25.901Z.txt,132,39,32,1,3,painttorch,colordiffv2,painttorch,colordiffv2,1753
17,userstudy_sid17_2026-01-09T04-07-25.901Z.txt,133,135,131,25,3,painttorch,colordiffv2,colordiffv2,painttorch,2702
17,userstudy_sid17_2026-01-09T04-07-25.901Z.txt,134,64,52,3,4,painttorch,proposed,proposed,painttorch,3285
17,userstudy_sid17_2026-01-09T04-07-25.901Z.txt,135,0,22,0,0,diffusart,painttorch,painttorch,diffusart,3028
17,userstudy_sid17_2026-01-09T04-07-25.901Z.txt,136,166,167,50,5,proposed,colordiffv2,colordiffv2,proposed,3645
17,userstudy_sid17_2026-01-09T04-07-25.901Z.txt,137,27,33,1,0,painttorch,diffusart,diffusart,painttorch,3198
17,userstudy_sid17_2026-01-09T04-07-25.901Z.txt,138,143,122,25,5,colordiffv2,proposed,proposed,colordiffv2,2677
17,userstudy_sid17_2026-01-09T04-07-25.901Z.txt,139,12,23,0,3,colordiffv2,painttorch,colordiffv2,painttorch,1654
17,userstudy_sid17_2026-01-09T04-07-25.901Z.txt,140,172,179,100,1,colordiffv2,diffusart,colordiffv2,diffusart,1976
17,userstudy_sid17_2026-01-09T04-07-25.901Z.txt,141,17,15,0,4,proposed,painttorch,painttorch,proposed,1909
17,userstudy_sid17_2026-01-09T04-07-25.901Z.txt,142,91,86,5,4,proposed,painttorch,proposed,painttorch,1825
17,userstudy_sid17_2026-01-09T04-07-25.901Z.txt,143,13,2,0,3,painttorch,colordiffv2,colordiffv2,painttorch,1336
17,userstudy_sid17_2026-01-09T04-07-25.901Z.txt,144,35,38,1,2,proposed,diffusart,proposed,diffusart,2491
17,userstudy_sid17_2026-01-09T04-07-25.901Z.txt,145,47,42,1,5,colordiffv2,proposed,proposed,colordiffv2,2539
17,userstudy_sid17_2026-01-09T04-07-25.901Z.txt,146,88,91,5,4,painttorch,proposed,proposed,painttorch,1798
17,userstudy_sid17_2026-01-09T04-07-25.901Z.txt,147,85,83,5,3,painttorch,colordiffv2,colordiffv2,painttorch,2405
17,userstudy_sid17_2026-01-09T04-07-25.901Z.txt,148,42,43,1,4,painttorch,proposed,proposed,painttorch,1937
17,userstudy_sid17_2026-01-09T04-07-25.901Z.txt,149,137,135,25,4,proposed,painttorch,proposed,painttorch,1892
17,userstudy_sid17_2026-01-09T04-07-25.901Z.txt,150,49,70,3,0,painttorch,diffusart,painttorch,diffusart,2707
17,userstudy_sid17_2026-01-09T04-07-25.901Z.txt,151,36,36,1,3,colordiffv2,painttorch,colordiffv2,painttorch,1626
17,userstudy_sid17_2026-01-09T04-07-25.901Z.txt,152,82,82,5,2,diffusart,proposed,diffusart,proposed,2031
17,userstudy_sid17_2026-01-09T04-07-25.901Z.txt,153,71,55,3,5,colordiffv2,proposed,proposed,colordiffv2,2859
17,userstudy_sid17_2026-01-09T04-07-25.901Z.txt,154,56,53,3,2,diffusart,proposed,proposed,diffusart,3199
17,userstudy_sid17_2026-01-09T04-07-25.901Z.txt,155,184,178,100,4,painttorch,proposed,proposed,painttorch,1664
17,userstudy_sid17_2026-01-09T04-07-25.901Z.txt,156,124,138,25,1,colordiffv2,diffusart,colordiffv2,diffusart,2534
17,userstudy_sid17_2026-01-09T04-07-25.901Z.txt,157,152,155,50,2,diffusart,proposed,proposed,diffusart,2498
17,userstudy_sid17_2026-01-09T04-07-25.901Z.txt,158,32,28,1,2,diffusart,proposed,proposed,diffusart,2171
17,userstudy_sid17_2026-01-09T04-07-25.901Z.txt,159,60,71,3,3,colordiffv2,painttorch,colordiffv2,painttorch,2780
17,userstudy_sid17_2026-01-09T04-07-25.901Z.txt,160,22,4,0,5,proposed,colordiffv2,colordiffv2,proposed,1665
17,userstudy_sid17_2026-01-09T04-07-25.901Z.txt,161,160,164,50,4,painttorch,proposed,proposed,painttorch,1915
17,userstudy_sid17_2026-01-09T04-07-25.901Z.txt,162,140,142,25,5,proposed,colordiffv2,proposed,colordiffv2,2425
17,userstudy_sid17_2026-01-09T04-07-25.901Z.txt,163,105,112,10,2,proposed,diffusart,proposed,diffusart,1964
17,userstudy_sid17_2026-01-09T04-07-25.901Z.txt,164,163,145,50,4,proposed,painttorch,proposed,painttorch,2164
17,userstudy_sid17_2026-01-09T04-07-25.901Z.txt,165,125,124,25,1,diffusart,colordiffv2,diffusart,colordiffv2,2060
17,userstudy_sid17_2026-01-09T04-07-25.901Z.txt,166,112,100,10,4,painttorch,proposed,proposed,painttorch,2192
17,userstudy_sid17_2026-01-09T04-07-25.901Z.txt,167,130,137,25,2,diffusart,proposed,proposed,diffusart,2268
17,userstudy_sid17_2026-01-09T04-07-25.901Z.txt,168,186,175,100,4,painttorch,proposed,proposed,painttorch,1616
17,userstudy_sid17_2026-01-09T04-07-25.901Z.txt,169,41,25,1,4,proposed,painttorch,proposed,painttorch,2128
17,userstudy_sid17_2026-01-09T04-07-25.901Z.txt,170,1,3,0,0,painttorch,diffusart,painttorch,diffusart,2541
17,userstudy_sid17_2026-01-09T04-07-25.901Z.txt,171,76,94,5,1,colordiffv2,diffusart,colordiffv2,diffusart,3538
17,userstudy_sid17_2026-01-09T04-07-25.901Z.txt,172,113,102,10,4,proposed,painttorch,proposed,painttorch,1319
17,userstudy_sid17_2026-01-09T04-07-25.901Z.txt,173,61,51,3,3,painttorch,colordiffv2,colordiffv2,painttorch,3976
17,userstudy_sid17_2026-01-09T04-07-25.901Z.txt,174,6,8,0,1,colordiffv2,diffusart,colordiffv2,diffusart,1841
17,userstudy_sid17_2026-01-09T04-07-25.901Z.txt,175,165,149,50,5,colordiffv2,proposed,proposed,colordiffv2,4160
17,userstudy_sid17_2026-01-09T04-07-25.901Z.txt,176,159,156,50,3,painttorch,colordiffv2,colordiffv2,painttorch,2159
17,userstudy_sid17_2026-01-09T04-07-25.901Z.txt,177,50,65,3,0,diffusart,painttorch,diffusart,painttorch,2576
17,userstudy_sid17_2026-01-09T04-07-25.901Z.txt,178,73,78,5,0,painttorch,diffusart,diffusart,painttorch,1978
17,userstudy_sid17_2026-01-09T04-07-25.901Z.txt,179,170,171,100,0,diffusart,painttorch,diffusart,painttorch,2002
17,userstudy_sid17_2026-01-09T04-07-25.901Z.txt,180,51,61,3,0,painttorch,diffusart,diffusart,painttorch,6665
17,userstudy_sid17_2026-01-09T04-07-25.901Z.txt,181,40,45,1,4,painttorch,proposed,painttorch,proposed,1801
17,userstudy_sid17_2026-01-09T04-07-25.901Z.txt,182,3,6,0,0,painttorch,diffusart,painttorch,diffusart,1929
17,userstudy_sid17_2026-01-09T04-07-25.901Z.txt,183,87,76,5,3,painttorch,colordiffv2,colordiffv2,painttorch,3147
17,userstudy_sid17_2026-01-09T04-07-25.901Z.txt,184,19,10,0,4,proposed,painttorch,painttorch,proposed,2238
17,userstudy_sid17_2026-01-09T04-07-25.901Z.txt,185,128,139,25,2,diffusart,proposed,proposed,diffusart,2608
17,userstudy_sid17_2026-01-09T04-07-25.901Z.txt,186,155,160,50,2,proposed,diffusart,proposed,diffusart,2958
17,userstudy_sid17_2026-01-09T04-07-25.901Z.txt,187,177,184,100,2,proposed,diffusart,proposed,diffusart,1626
17,userstudy_sid17_2026-01-09T04-07-25.901Z.txt,188,111,97,10,3,painttorch,colordiffv2,colordiffv2,painttorch,1955
17,userstudy_sid17_2026-01-09T04-07-25.901Z.txt,189,90,87,5,4,painttorch,proposed,proposed,painttorch,2686
17,userstudy_sid17_2026-01-09T04-07-25.901Z.txt,190,75,88,5,0,painttorch,diffusart,diffusart,painttorch,1562
17,userstudy_sid17_2026-01-09T04-07-25.901Z.txt,191,58,48,3,2,diffusart,proposed,diffusart,proposed,3201
18,userstudy_sid18_2026-01-09T04-13-35.455Z.txt,0,33,47,1,2,proposed,diffusart,diffusart,proposed,29455
18,userstudy_sid18_2026-01-09T04-13-35.455Z.txt,1,179,180,100,2,proposed,diffusart,proposed,diffusart,6609
18,userstudy_sid18_2026-01-09T04-13-35.455Z.txt,2,7,21,0,1,diffusart,colordiffv2,diffusart,colordiffv2,3778
18,userstudy_sid18_2026-01-09T04-13-35.455Z.txt,3,133,123,25,3,painttorch,colordiffv2,colordiffv2,painttorch,1905
18,userstudy_sid18_2026-01-09T04-13-35.455Z.txt,4,147,166,50,0,painttorch,diffusart,diffusart,painttorch,3106
18,userstudy_sid18_2026-01-09T04-13-35.455Z.txt,5,100,104,10,1,colordiffv2,diffusart,colordiffv2,diffusart,2158
18,userstudy_sid18_2026-01-09T04-13-35.455Z.txt,6,161,153,50,4,proposed,painttorch,proposed,painttorch,1205
18,userstudy_sid18_2026-01-09T04-13-35.455Z.txt,7,32,28,1,2,diffusart,proposed,diffusart,proposed,3416
18,userstudy_sid18_2026-01-09T04-13-35.455Z.txt,8,47,42,1,5,colordiffv2,proposed,proposed,colordiffv2,4916
18,userstudy_sid18_2026-01-09T04-13-35.455Z.txt,9,162,146,50,4,painttorch,proposed,painttorch,proposed,2698
18,userstudy_sid18_2026-01-09T04-13-35.455Z.txt,10,174,190,100,1,colordiffv2,diffusart,colordiffv2,diffusart,1487
18,userstudy_sid18_2026-01-09T04-13-35.455Z.txt,11,55,57,3,1,diffusart,colordiffv2,colordiffv2,diffusart,3738
18,userstudy_sid18_2026-01-09T04-13-35.455Z.txt,12,25,29,1,0,painttorch,diffusart,diffusart,painttorch,7094
18,userstudy_sid18_2026-01-09T04-13-35.455Z.txt,13,146,159,50,0,diffusart,painttorch,diffusart,painttorch,1997
18,userstudy_sid18_2026-01-09T04-13-35.455Z.txt,14,106,117,10,2,diffusart,proposed,proposed,diffusart,4793
18,userstudy_sid18_2026-01-09T04-13-35.455Z.txt,15,71,55,3,5,colordiffv2,proposed,colordiffv2,proposed,5266
18,userstudy_sid18_2026-01-09T04-13-35.455Z.txt,16,26,41,1,0,diffusart,painttorch,diffusart,painttorch,1529
18,userstudy_sid18_2026-01-09T04-13-35.455Z.txt,17,1,3,0,0,painttorch,diffusart,painttorch,diffusart,1316
18,userstudy_sid18_2026-01-09T04-13-35.455Z.txt,18,43,31,1,4,proposed,painttorch,proposed,painttorch,2483
18,userstudy_sid18_2026-01-09T04-13-35.455Z.txt,19,186,175,100,4,painttorch,proposed,proposed,painttorch,3753
18,userstudy_sid18_2026-01-09T04-13-35.455Z.txt,20,159,156,50,3,painttorch,colordiffv2,colordiffv2,painttorch,5320
18,userstudy_sid18_2026-01-09T04-13-35.455Z.txt,21,113,102,10,4,proposed,painttorch,proposed,painttorch,2000
18,userstudy_sid18_2026-01-09T04-13-35.455Z.txt,22,156,151,50,3,colordiffv2,painttorch,colordiffv2,painttorch,2381
18,userstudy_sid18_2026-01-09T04-13-35.455Z.txt,23,148,165,50,1,colordiffv2,diffusart,colordiffv2,diffusart,2694
18,userstudy_sid18_2026-01-09T04-13-35.455Z.txt,24,15,18,0,3,painttorch,colordiffv2,painttorch,colordiffv2,1389
18,userstudy_sid18_2026-01-09T04-13-35.455Z.txt,25,165,149,50,5,colordiffv2,proposed,colordiffv2,proposed,6364
18,userstudy_sid18_2026-01-09T04-13-35.455Z.txt,26,119,110,10,5,colordiffv2,proposed,proposed,colordiffv2,4439
18,userstudy_sid18_2026-01-09T04-13-35.455Z.txt,27,134,140,25,3,colordiffv2,painttorch,colordiffv2,painttorch,3396
18,userstudy_sid18_2026-01-09T04-13-35.455Z.txt,28,158,158,50,3,colordiffv2,painttorch,colordiffv2,painttorch,2914
18,userstudy_sid18_2026-01-09T04-13-35.455Z.txt,29,24,37,1,0,diffusart,painttorch,diffusart,painttorch,2980
18,userstudy_sid18_2026-01-09T04-13-35.455Z.txt,30,137,135,25,4,proposed,painttorch,proposed,painttorch,1037
18,userstudy_sid18_2026-01-09T04-13-35.455Z.txt,31,118,115,10,5,proposed,colordiffv2,proposed,colordiffv2,1939
18,userstudy_sid18_2026-01-09T04-13-35.455Z.txt,32,3,6,0,0,painttorch,diffusart,painttorch,diffusart,2003
18,userstudy_sid18_2026-01-09T04-13-35.455Z.txt,33,150,154,50,1,colordiffv2,diffusart,colordiffv2,diffusart,1884
18,userstudy_sid18_2026-01-09T04-13-35.455Z.txt,34,78,90,5,1,colordiffv2,diffusart,diffusart,colordiffv2,5596
18,userstudy_sid18_2026-01-09T04-13-35.455Z.txt,35,79,81,5,1,diffusart,colordiffv2,diffusart,colordiffv2,2362
18,userstudy_sid18_2026-01-09T04-13-35.455Z.txt,36,185,183,100,4,proposed,painttorch,proposed,painttorch,839
18,userstudy_sid18_2026-01-09T04-13-35.455Z.txt,37,125,124,25,1,diffusart,colordiffv2,diffusart,colordiffv2,1247
18,userstudy_sid18_2026-01-09T04-13-35.455Z.txt,38,157,163,50,3,painttorch,colordiffv2,colordiffv2,painttorch,5045
18,userstudy_sid18_2026-01-09T04-13-35.455Z.txt,39,13,2,0,3,painttorch,colordiffv2,painttorch,colordiffv2,2666
18,userstudy_sid18_2026-01-09T04-13-35.455Z.txt,40,87,76,5,3,painttorch,colordiffv2,colordiffv2,painttorch,3792
18,userstudy_sid18_2026-01-09T04-13-35.455Z.txt,41,191,189,100,5,colordiffv2,proposed,proposed,colordiffv2,5468
18,userstudy_sid18_2026-01-09T04-13-35.455Z.txt,42,151,144,50,1,diffusart,colordiffv2,colordiffv2,diffusart,4903
18,userstudy_sid18_2026-01-09T04-13-35.455Z.txt,43,67,67,3,4,proposed,painttorch,proposed,painttorch,1510
18,userstudy_sid18_2026-01-09T04-13-35.455Z.txt,44,101,103,10,1,diffusart,colordiffv2,colordiffv2,diffusart,3973
18,userstudy_sid18_2026-01-09T04-13-35.455Z.txt,45,31,44,1,1,diffusart,colordiffv2,colordiffv2,diffusart,7890
18,userstudy_sid18_2026-01-09T04-13-35.455Z.txt,46,35,38,1,2,proposed,diffusart,diffusart,proposed,5708
18,userstudy_sid18_2026-01-09T04-13-35.455Z.txt,47,83,84,5,2,proposed,diffusart,proposed,diffusart,4670
18,userstudy_sid18_2026-01-09T04-13-35.455Z.txt,48,46,35,1,5,proposed,colordiffv2,proposed,colordiffv2,3306
18,userstudy_sid18_2026-01-09T04-13-35.455Z.txt,49,6,8,0,1,colordiffv2,diffusart,diffusart,colordiffv2,1834
18,userstudy_sid18_2026-01-09T04-13-35.455Z.txt,50,19,10,0,4,proposed,painttorch,proposed,painttorch,3631
18,userstudy_sid18_2026-01-09T04-13-35.455Z.txt,51,17,15,0,4,proposed,painttorch,painttorch,proposed,3019
18,userstudy_sid18_2026-01-09T04-13-35.455Z.txt,52,84,79,5,3,colordiffv2,painttorch,colordiffv2,painttorch,5210
18,userstudy_sid18_2026-01-09T04-13-35.455Z.txt,53,4,17,0,1,colordiffv2,diffusart,diffusart,colordiffv2,2093
18,userstudy_sid18_2026-01-09T04-13-35.455Z.txt,54,98,113,10,0,diffusart,painttorch,diffusart,painttorch,3527
18,userstudy_sid18_2026-01-09T04-13-35.455Z.txt,55,182,177,100,3,colordiffv2,painttorch,colordiffv2,painttorch,5382
18,userstudy_sid18_2026-01-09T04-13-35.455Z.txt,56,28,40,1,1,colordiffv2,diffusart,colordiffv2,diffusart,2416
18,userstudy_sid18_2026-01-09T04-13-35.455Z.txt,57,94,73,5,5,proposed,colordiffv2,colordiffv2,proposed,5121
18,userstudy_sid18_2026-01-09T04-13-35.455Z.txt,58,12,23,0,3,colordiffv2,painttorch,painttorch,colordiffv2,2814
18,userstudy_sid18_2026-01-09T04-13-35.455Z.txt,59,112,100,10,4,painttorch,proposed,proposed,painttorch,5069
18,userstudy_sid18_2026-01-09T04-13-35.455Z.txt,60,90,87,5,4,painttorch,proposed,proposed,painttorch,5747
18,userstudy_sid18_2026-01-09T04-13-35.455Z.txt,61,160,164,50,4,painttorch,proposed,painttorch,proposed,3828
18,userstudy_sid18_2026-01-09T04-13-35.455Z.txt,62,109,108,10,3,painttorch,colordiffv2,painttorch,colordiffv2,7502
18,userstudy_sid18_2026-01-09T04-13-35.455Z.txt,63,42,43,1,4,painttorch,proposed,painttorch,proposed,1267
18,userstudy_sid18_2026-01-09T04-13-35.455Z.txt,64,64,52,3,4,painttorch,proposed,proposed,painttorch,5023
18,userstudy_sid18_2026-01-09T04-13-35.455Z.txt,65,61,51,3,3,painttorch,colordiffv2,colordiffv2,painttorch,5500
18,userstudy_sid18_2026-01-09T04-13-35.455Z.txt,66,34,27,1,2,diffusart,proposed,proposed,diffusart,7755
18,userstudy_sid18_2026-01-09T04-13-35.455Z.txt,67,81,74,5,2,proposed,diffusart,proposed,diffusart,4229
18,userstudy_sid18_2026-01-09T04-13-35.455Z.txt,68,45,34,1,5,colordiffv2,proposed,colordiffv2,proposed,2439
18,userstudy_sid18_2026-01-09T04-13-35.455Z.txt,69,163,145,50,4,proposed,painttorch,proposed,painttorch,2074
18,userstudy_sid18_2026-01-09T04-13-35.455Z.txt,70,149,161,50,1,diffusart,colordiffv2,colordiffv2,diffusart,3847
18,userstudy_sid18_2026-01-09T04-13-35.455Z.txt,71,181,170,100,3,painttorch,colordiffv2,colordiffv2,painttorch,9681
18,userstudy_sid18_2026-01-09T04-13-35.455Z.txt,72,93,95,5,5,colordiffv2,proposed,colordiffv2,proposed,1935
18,userstudy_sid18_2026-01-09T04-13-35.455Z.txt,73,124,138,25,1,colordiffv2,diffusart,colordiffv2,diffusart,2407
18,userstudy_sid18_2026-01-09T04-13-35.455Z.txt,74,187,169,100,4,proposed,painttorch,proposed,painttorch,2750
18,userstudy_sid18_2026-01-09T04-13-35.455Z.txt,75,168,185,100,0,diffusart,painttorch,diffusart,painttorch,1970
18,userstudy_sid18_2026-01-09T04-13-35.455Z.txt,76,130,137,25,2,diffusart,proposed,diffusart,proposed,3644
18,userstudy_sid18_2026-01-09T04-13-35.455Z.txt,77,120,120,25,0,diffusart,painttorch,diffusart,painttorch,3031
18,userstudy_sid18_2026-01-09T04-13-35.455Z.txt,78,74,92,5,0,diffusart,painttorch,painttorch,diffusart,4482
18,userstudy_sid18_2026-01-09T04-13-35.455Z.txt,79,105,112,10,2,proposed,diffusart,proposed,diffusart,2188
18,userstudy_sid18_2026-01-09T04-13-35.455Z.txt,80,103,99,10,1,diffusart,colordiffv2,diffusart,colordiffv2,3326
18,userstudy_sid18_2026-01-09T04-13-35.455Z.txt,81,115,107,10,4,proposed,painttorch,proposed,painttorch,1606
18,userstudy_sid18_2026-01-09T04-13-35.455Z.txt,82,155,160,50,2,proposed,diffusart,proposed,diffusart,3740
18,userstudy_sid18_2026-01-09T04-13-35.455Z.txt,83,20,1,0,5,proposed,colordiffv2,proposed,colordiffv2,1880
18,userstudy_sid18_2026-01-09T04-13-35.455Z.txt,84,170,171,100,0,diffusart,painttorch,diffusart,painttorch,1386
18,userstudy_sid18_2026-01-09T04-13-35.455Z.txt,85,59,68,3,2,proposed,diffusart,diffusart,proposed,2187
18,userstudy_sid18_2026-01-09T04-13-35.455Z.txt,86,164,150,50,5,proposed,colordiffv2,proposed,colordiffv2,3621
18,userstudy_sid18_2026-01-09T04-13-35.455Z.txt,87,63,64,3,3,painttorch,colordiffv2,colordiffv2,painttorch,2947
18,userstudy_sid18_2026-01-09T04-13-35.455Z.txt,88,48,60,3,0,diffusart,painttorch,diffusart,painttorch,2638
18,userstudy_sid18_2026-01-09T04-13-35.455Z.txt,89,121,127,25,0,painttorch,diffusart,diffusart,painttorch,1947
18,userstudy_sid18_2026-01-09T04-13-35.455Z.txt,90,138,141,25,4,painttorch,proposed,proposed,painttorch,1766
18,userstudy_sid18_2026-01-09T04-13-35.455Z.txt,91,139,134,25,4,proposed,painttorch,painttorch,proposed,1580
18,userstudy_sid18_2026-01-09T04-13-35.455Z.txt,92,136,125,25,4,painttorch,proposed,proposed,painttorch,1725
18,userstudy_sid18_2026-01-09T04-13-35.455Z.txt,93,14,16,0,3,colordiffv2,painttorch,painttorch,colordiffv2,1572
18,userstudy_sid18_2026-01-09T04-13-35.455Z.txt,94,88,91,5,4,painttorch,proposed,painttorch,proposed,6039
18,userstudy_sid18_2026-01-09T04-13-35.455Z.txt,95,2,20,0,0,diffusart,painttorch,diffusart,painttorch,3168
18,userstudy_sid18_2026-01-09T04-13-35.455Z.txt,96,68,69,3,5,proposed,colordiffv2,proposed,colordiffv2,3184
18,userstudy_sid18_2026-01-09T04-13-35.455Z.txt,97,51,61,3,0,painttorch,diffusart,diffusart,painttorch,2693
18,userstudy_sid18_2026-01-09T04-13-35.455Z.txt,98,39,32,1,3,painttorch,colordiffv2,painttorch,colordiffv2,5230
18,userstudy_sid18_2026-01-09T04-13-35.455Z.txt,99,76,94,5,1,colordiffv2,diffusart,colordiffv2,diffusart,3312
18,userstudy_sid18_2026-01-09T04-13-35.455Z.txt,100,104,105,10,2,diffusart,proposed,proposed,diffusart,2702
18,userstudy_sid18_2026-01-09T04-13-35.455Z.txt,101,85,83,5,3,painttorch,colordiffv2,colordiffv2,painttorch,2890
18,userstudy_sid18_2026-01-09T04-13-35.455Z.txt,102,72,89,5,0,diffusart,painttorch,diffusart,painttorch,4714
18,userstudy_sid18_2026-01-09T04-13-35.455Z.txt,103,95,93,5,5,colordiffv2,proposed,proposed,colordiffv2,1985
18,userstudy_sid18_2026-01-09T04-13-35.455Z.txt,104,123,133,25,0,painttorch,diffusart,diffusart,painttorch,4831
18,userstudy_sid18_2026-01-09T04-13-35.455Z.txt,105,131,121,25,2,proposed,diffusart,proposed,diffusart,3510
18,userstudy_sid18_2026-01-09T04-13-35.455Z.txt,106,53,66,3,1,diffusart,colordiffv2,diffusart,colordiffv2,2064
18,userstudy_sid18_2026-01-09T04-13-35.455Z.txt,107,111,97,10,3,painttorch,colordiffv2,colordiffv2,painttorch,1629
18,userstudy_sid18_2026-01-09T04-13-35.455Z.txt,108,180,168,100,3,colordiffv2,painttorch,colordiffv2,painttorch,1435
18,userstudy_sid18_2026-01-09T04-13-35.455Z.txt,109,176,172,100,2,diffusart,proposed,diffusart,proposed,1429
18,userstudy_sid18_2026-01-09T04-13-35.455Z.txt,110,66,49,3,4,painttorch,proposed,proposed,painttorch,2339
18,userstudy_sid18_2026-01-09T04-13-35.455Z.txt,111,169,173,100,0,painttorch,diffusart,diffusart,painttorch,9788
18,userstudy_sid18_2026-01-09T04-13-35.455Z.txt,112,62,56,3,3,colordiffv2,painttorch,colordiffv2,painttorch,1662
18,userstudy_sid18_2026-01-09T04-13-35.455Z.txt,113,171,181,100,0,painttorch,diffusart,painttorch,diffusart,1414
18,userstudy_sid18_2026-01-09T04-13-35.455Z.txt,114,92,85,5,5,proposed,colordiffv2,proposed,colordiffv2,4305
18,userstudy_sid18_2026-01-09T04-13-35.455Z.txt,115,44,39,1,5,proposed,colordiffv2,colordiffv2,proposed,7876
18,userstudy_sid18_2026-01-09T04-13-35.455Z.txt,116,10,13,0,2,diffusart,proposed,proposed,diffusart,2399
18,userstudy_sid18_2026-01-09T04-13-35.455Z.txt,117,166,167,50,5,proposed,colordiffv2,proposed,colordiffv2,4200
18,userstudy_sid18_2026-01-09T04-13-35.455Z.txt,118,89,75,5,4,proposed,painttorch,proposed,painttorch,2871
18,userstudy_sid18_2026-01-09T04-13-35.455Z.txt,119,172,179,100,1,colordiffv2,diffusart,colordiffv2,diffusart,1664
18,userstudy_sid18_2026-01-09T04-13-35.455Z.txt,120,22,4,0,5,proposed,colordiffv2,proposed,colordiffv2,1351
18,userstudy_sid18_2026-01-09T04-13-35.455Z.txt,121,116,98,10,5,proposed,colordiffv2,proposed,colordiffv2,7567
18,userstudy_sid18_2026-01-09T04-13-35.455Z.txt,122,145,148,50,0,painttorch,diffusart,diffusart,painttorch,2656
18,userstudy_sid18_2026-01-09T04-13-35.455Z.txt,123,30,30,1,1,colordiffv2,diffusart,colordiffv2,diffusart,2302
18,userstudy_sid18_2026-01-09T04-13-35.455Z.txt,124,135,131,25,3,painttorch,colordiffv2,painttorch,colordiffv2,2004
18,userstudy_sid18_2026-01-09T04-13-35.455Z.txt,125,82,82,5,2,diffusart,proposed,diffusart,proposed,4603
18,userstudy_sid18_2026-01-09T04-13-35.455Z.txt,126,122,126,25,0,diffusart,painttorch,diffusart,painttorch,3499
18,userstudy_sid18_2026-01-09T04-13-35.455Z.txt,127,50,65,3,0,diffusart,painttorch,diffusart,painttorch,6110
18,userstudy_sid18_2026-01-09T04-13-35.455Z.txt,128,188,182,100,5,proposed,colordiffv2,proposed,colordiffv2,2139
18,userstudy_sid18_2026-01-09T04-13-35.455Z.txt,129,127,129,25,1,diffusart,colordiffv2,diffusart,colordiffv2,1620
18,userstudy_sid18_2026-01-09T04-13-35.455Z.txt,130,143,122,25,5,colordiffv2,proposed,colordiffv2,proposed,2323
18,userstudy_sid18_2026-01-09T04-13-35.455Z.txt,131,178,187,100,2,diffusart,proposed,proposed,diffusart,2505
18,userstudy_sid18_2026-01-09T04-13-35.455Z.txt,132,8,19,0,2,diffusart,proposed,proposed,diffusart,1777
18,userstudy_sid18_2026-01-09T04-13-35.455Z.txt,133,152,155,50,2,diffusart,proposed,diffusart,proposed,2237
18,userstudy_sid18_2026-01-09T04-13-35.455Z.txt,134,173,174,100,1,diffusart,colordiffv2,colordiffv2,diffusart,5694
18,userstudy_sid18_2026-01-09T04-13-35.455Z.txt,135,5,0,0,1,diffusart,colordiffv2,diffusart,colordiffv2,1952
18,userstudy_sid18_2026-01-09T04-13-35.455Z.txt,136,190,191,100,5,proposed,colordiffv2,proposed,colordiffv2,2088
18,userstudy_sid18_2026-01-09T04-13-35.455Z.txt,137,56,53,3,2,diffusart,proposed,proposed,diffusart,3246
18,userstudy_sid18_2026-01-09T04-13-35.455Z.txt,138,175,188,100,1,diffusart,colordiffv2,colordiffv2,diffusart,3430
18,userstudy_sid18_2026-01-09T04-13-35.455Z.txt,139,38,46,1,3,colordiffv2,painttorch,colordiffv2,painttorch,1892
18,userstudy_sid18_2026-01-09T04-13-35.455Z.txt,140,57,58,3,2,proposed,diffusart,proposed,diffusart,2493
18,userstudy_sid18_2026-01-09T04-13-35.455Z.txt,141,97,96,10,0,painttorch,diffusart,diffusart,painttorch,2344
18,userstudy_sid18_2026-01-09T04-13-35.455Z.txt,142,140,142,25,5,proposed,colordiffv2,proposed,colordiffv2,1218
18,userstudy_sid18_2026-01-09T04-13-35.455Z.txt,143,167,152,50,5,colordiffv2,proposed,proposed,colordiffv2,1917
18,userstudy_sid18_2026-01-09T04-13-35.455Z.txt,144,184,178,100,4,painttorch,proposed,proposed,painttorch,2262
18,userstudy_sid18_2026-01-09T04-13-35.455Z.txt,145,9,5,0,2,proposed,diffusart,proposed,diffusart,1227
18,userstudy_sid18_2026-01-09T04-13-35.455Z.txt,146,49,70,3,0,painttorch,diffusart,diffusart,painttorch,3680
18,userstudy_sid18_2026-01-09T04-13-35.455Z.txt,147,27,33,1,0,painttorch,diffusart,diffusart,painttorch,4502
18,userstudy_sid18_2026-01-09T04-13-35.455Z.txt,148,0,22,0,0,diffusart,painttorch,diffusart,painttorch,7161
18,userstudy_sid18_2026-01-09T04-13-35.455Z.txt,149,102,101,10,1,colordiffv2,diffusart,colordiffv2,diffusart,2867
18,userstudy_sid18_2026-01-09T04-13-35.455Z.txt,150,141,132,25,5,colordiffv2,proposed,colordiffv2,proposed,3895
18,userstudy_sid18_2026-01-09T04-13-35.455Z.txt,151,37,26,1,3,painttorch,colordiffv2,colordiffv2,painttorch,4717
18,userstudy_sid18_2026-01-09T04-13-35.455Z.txt,152,99,114,10,0,painttorch,diffusart,painttorch,diffusart,1991
18,userstudy_sid18_2026-01-09T04-13-35.455Z.txt,153,16,12,0,4,painttorch,proposed,proposed,painttorch,2502
18,userstudy_sid18_2026-01-09T04-13-35.455Z.txt,154,177,184,100,2,proposed,diffusart,proposed,diffusart,4208
18,userstudy_sid18_2026-01-09T04-13-35.455Z.txt,155,58,48,3,2,diffusart,proposed,diffusart,proposed,1308
18,userstudy_sid18_2026-01-09T04-13-35.455Z.txt,156,128,139,25,2,diffusart,proposed,proposed,diffusart,3687
18,userstudy_sid18_2026-01-09T04-13-35.455Z.txt,157,60,71,3,3,colordiffv2,painttorch,painttorch,colordiffv2,3654
18,userstudy_sid18_2026-01-09T04-13-35.455Z.txt,158,36,36,1,3,colordiffv2,painttorch,colordiffv2,painttorch,2301
18,userstudy_sid18_2026-01-09T04-13-35.455Z.txt,159,132,143,25,3,colordiffv2,painttorch,colordiffv2,painttorch,1384
18,userstudy_sid18_2026-01-09T04-13-35.455Z.txt,160,144,162,50,0,diffusart,painttorch,diffusart,painttorch,1251
18,userstudy_sid18_2026-01-09T04-13-35.455Z.txt,161,142,128,25,5,proposed,colordiffv2,proposed,colordiffv2,2958
18,userstudy_sid18_2026-01-09T04-13-35.455Z.txt,162,11,14,0,2,proposed,diffusart,diffusart,proposed,3039
18,userstudy_sid18_2026-01-09T04-13-35.455Z.txt,163,54,63,3,1,colordiffv2,diffusart,diffusart,colordiffv2,2344
18,userstudy_sid18_2026-01-09T04-13-35.455Z.txt,164,21,11,0,5,colordiffv2,proposed,colordiffv2,proposed,7703
18,userstudy_sid18_2026-01-09T04-13-35.455Z.txt,165,189,186,100,5,colordiffv2,proposed,colordiffv2,proposed,5187
18,userstudy_sid18_2026-01-09T04-13-35.455Z.txt,166,52,50,3,1,colordiffv2,diffusart,colordiffv2,diffusart,2420
18,userstudy_sid18_2026-01-09T04-13-35.455Z.txt,167,108,106,10,3,colordiffv2,painttorch,colordiffv2,painttorch,1001
18,userstudy_sid18_2026-01-09T04-13-35.455Z.txt,168,65,54,3,4,proposed,painttorch,proposed,painttorch,1463
18,userstudy_sid18_2026-01-09T04-13-35.455Z.txt,169,70,59,3,5,proposed,colordiffv2,proposed,colordiffv2,2693
18,userstudy_sid18_2026-01-09T04-13-35.455Z.txt,170,117,111,10,5,colordiffv2,proposed,colordiffv2,proposed,1781
18,userstudy_sid18_2026-01-09T04-13-35.455Z.txt,171,183,176,100,3,painttorch,colordiffv2,colordiffv2,painttorch,2359
18,userstudy_sid18_2026-01-09T04-13-35.455Z.txt,172,40,45,1,4,painttorch,proposed,proposed,painttorch,4097
18,userstudy_sid18_2026-01-09T04-13-35.455Z.txt,173,23,7,0,5,colordiffv2,proposed,proposed,colordiffv2,1657
18,userstudy_sid18_2026-01-09T04-13-35.455Z.txt,174,129,130,25,2,proposed,diffusart,proposed,diffusart,5012
18,userstudy_sid18_2026-01-09T04-13-35.455Z.txt,175,91,86,5,4,proposed,painttorch,proposed,painttorch,2926
18,userstudy_sid18_2026-01-09T04-13-35.455Z.txt,176,153,157,50,2,proposed,diffusart,proposed,diffusart,2894
18,userstudy_sid18_2026-01-09T04-13-35.455Z.txt,177,110,109,10,3,colordiffv2,painttorch,colordiffv2,painttorch,1368
18,userstudy_sid18_2026-01-09T04-13-35.455Z.txt,178,80,80,5,2,diffusart,proposed,proposed,diffusart,4722
18,userstudy_sid18_2026-01-09T04-13-35.455Z.txt,179,18,9,0,4,painttorch,proposed,painttorch,proposed,3397
18,userstudy_sid18_2026-01-09T04-13-35.455Z.txt,180,75,88,5,0,painttorch,diffusart,painttorch,diffusart,4023
18,userstudy_sid18_2026-01-09T04-13-35.455Z.txt,181,86,77,5,3,colordiffv2,painttorch,colordiffv2,painttorch,2265
18,userstudy_sid18_2026-01-09T04-13-35.455Z.txt,182,126,136,25,1,colordiffv2,diffusart,colordiffv2,diffusart,1190
18,userstudy_sid18_2026-01-09T04-13-35.455Z.txt,183,29,24,1,1,diffusart,colordiffv2,diffusart,colordiffv2,4533
18,userstudy_sid18_2026-01-09T04-13-35.455Z.txt,184,107,116,10,2,proposed,diffusart,proposed,diffusart,5697
18,userstudy_sid18_2026-01-09T04-13-35.455Z.txt,185,73,78,5,0,painttorch,diffusart,diffusart,painttorch,2746
18,userstudy_sid18_2026-01-09T04-13-35.455Z.txt,186,41,25,1,4,proposed,painttorch,proposed,painttorch,2482
18,userstudy_sid18_2026-01-09T04-13-35.455Z.txt,187,114,118,10,4,painttorch,proposed,proposed,painttorch,3557
18,userstudy_sid18_2026-01-09T04-13-35.455Z.txt,188,154,147,50,2,diffusart,proposed,diffusart,proposed,3737
18,userstudy_sid18_2026-01-09T04-13-35.455Z.txt,189,69,62,3,5,colordiffv2,proposed,colordiffv2,proposed,2662
18,userstudy_sid18_2026-01-09T04-13-35.455Z.txt,190,96,119,10,0,diffusart,painttorch,diffusart,painttorch,1970
18,userstudy_sid18_2026-01-09T04-13-35.455Z.txt,191,77,72,5,1,diffusart,colordiffv2,colordiffv2,diffusart,2638
19,userstudy_sid19_2026-01-09T07-18-04.113Z.txt,0,88,91,5,4,painttorch,proposed,proposed,painttorch,3756
19,userstudy_sid19_2026-01-09T07-18-04.113Z.txt,1,87,76,5,3,painttorch,colordiffv2,colordiffv2,painttorch,2492
19,userstudy_sid19_2026-01-09T07-18-04.113Z.txt,2,146,159,50,0,diffusart,painttorch,diffusart,painttorch,1911
19,userstudy_sid19_2026-01-09T07-18-04.113Z.txt,3,53,66,3,1,diffusart,colordiffv2,diffusart,colordiffv2,2986
19,userstudy_sid19_2026-01-09T07-18-04.113Z.txt,4,8,19,0,2,diffusart,proposed,diffusart,proposed,1414
19,userstudy_sid19_2026-01-09T07-18-04.113Z.txt,5,132,143,25,3,colordiffv2,painttorch,colordiffv2,painttorch,2879
19,userstudy_sid19_2026-01-09T07-18-04.113Z.txt,6,169,173,100,0,painttorch,diffusart,diffusart,painttorch,2006
19,userstudy_sid19_2026-01-09T07-18-04.113Z.txt,7,97,96,10,0,painttorch,diffusart,diffusart,painttorch,1886
19,userstudy_sid19_2026-01-09T07-18-04.113Z.txt,8,161,153,50,4,proposed,painttorch,proposed,painttorch,2042
19,userstudy_sid19_2026-01-09T07-18-04.113Z.txt,9,22,4,0,5,proposed,colordiffv2,colordiffv2,proposed,3278
19,userstudy_sid19_2026-01-09T07-18-04.113Z.txt,10,58,48,3,2,diffusart,proposed,proposed,diffusart,5664
19,userstudy_sid19_2026-01-09T07-18-04.113Z.txt,11,2,20,0,0,diffusart,painttorch,painttorch,diffusart,3933
19,userstudy_sid19_2026-01-09T07-18-04.113Z.txt,12,144,162,50,0,diffusart,painttorch,diffusart,painttorch,1817
19,userstudy_sid19_2026-01-09T07-18-04.113Z.txt,13,142,128,25,5,proposed,colordiffv2,proposed,colordiffv2,3820
19,userstudy_sid19_2026-01-09T07-18-04.113Z.txt,14,149,161,50,1,diffusart,colordiffv2,diffusart,colordiffv2,2725
19,userstudy_sid19_2026-01-09T07-18-04.113Z.txt,15,85,83,5,3,painttorch,colordiffv2,colordiffv2,painttorch,2968
19,userstudy_sid19_2026-01-09T07-18-04.113Z.txt,16,77,72,5,1,diffusart,colordiffv2,diffusart,colordiffv2,1920
19,userstudy_sid19_2026-01-09T07-18-04.113Z.txt,17,62,56,3,3,colordiffv2,painttorch,colordiffv2,painttorch,1450
19,userstudy_sid19_2026-01-09T07-18-04.113Z.txt,18,170,171,100,0,diffusart,painttorch,diffusart,painttorch,1500
19,userstudy_sid19_2026-01-09T07-18-04.113Z.txt,19,116,98,10,5,proposed,colordiffv2,proposed,colordiffv2,3674
19,userstudy_sid19_2026-01-09T07-18-04.113Z.txt,20,1,3,0,0,painttorch,diffusart,diffusart,painttorch,2608
19,userstudy_sid19_2026-01-09T07-18-04.113Z.txt,21,80,80,5,2,diffusart,proposed,proposed,diffusart,4450
19,userstudy_sid19_2026-01-09T07-18-04.113Z.txt,22,50,65,3,0,diffusart,painttorch,diffusart,painttorch,3223
19,userstudy_sid19_2026-01-09T07-18-04.113Z.txt,23,41,25,1,4,proposed,painttorch,proposed,painttorch,7521
19,userstudy_sid19_2026-01-09T07-18-04.113Z.txt,24,162,146,50,4,painttorch,proposed,proposed,painttorch,5314
19,userstudy_sid19_2026-01-09T07-18-04.113Z.txt,25,40,45,1,4,painttorch,proposed,proposed,painttorch,4981
19,userstudy_sid19_2026-01-09T07-18-04.113Z.txt,26,72,89,5,0,diffusart,painttorch,diffusart,painttorch,2842
19,userstudy_sid19_2026-01-09T07-18-04.113Z.txt,27,39,32,1,3,painttorch,colordiffv2,painttorch,colordiffv2,3344
19,userstudy_sid19_2026-01-09T07-18-04.113Z.txt,28,160,164,50,4,painttorch,proposed,proposed,painttorch,1636
19,userstudy_sid19_2026-01-09T07-18-04.113Z.txt,29,46,35,1,5,proposed,colordiffv2,proposed,colordiffv2,3202
19,userstudy_sid19_2026-01-09T07-18-04.113Z.txt,30,150,154,50,1,colordiffv2,diffusart,colordiffv2,diffusart,1296
19,userstudy_sid19_2026-01-09T07-18-04.113Z.txt,31,89,75,5,4,proposed,painttorch,proposed,painttorch,1935
19,userstudy_sid19_2026-01-09T07-18-04.113Z.txt,32,23,7,0,5,colordiffv2,proposed,colordiffv2,proposed,4495
19,userstudy_sid19_2026-01-09T07-18-04.113Z.txt,33,34,27,1,2,diffusart,proposed,proposed,diffusart,6597
19,userstudy_sid19_2026-01-09T07-18-04.113Z.txt,34,107,116,10,2,proposed,diffusart,proposed,diffusart,4564
19,userstudy_sid19_2026-01-09T07-18-04.113Z.txt,35,175,188,100,1,diffusart,colordiffv2,colordiffv2,diffusart,2314
19,userstudy_sid19_2026-01-09T07-18-04.113Z.txt,36,38,46,1,3,colordiffv2,painttorch,colordiffv2,painttorch,1922
19,userstudy_sid19_2026-01-09T07-18-04.113Z.txt,37,29,24,1,1,diffusart,colordiffv2,diffusart,colordiffv2,1900
19,userstudy_sid19_2026-01-09T07-18-04.113Z.txt,38,19,10,0,4,proposed,painttorch,painttorch,proposed,5545
19,userstudy_sid19_2026-01-09T07-18-04.113Z.txt,39,159,156,50,3,painttorch,colordiffv2,colordiffv2,painttorch,2332
19,userstudy_sid19_2026-01-09T07-18-04.113Z.txt,40,101,103,10,1,diffusart,colordiffv2,diffusart,colordiffv2,1354
19,userstudy_sid19_2026-01-09T07-18-04.113Z.txt,41,135,131,25,3,painttorch,colordiffv2,colordiffv2,painttorch,3807
19,userstudy_sid19_2026-01-09T07-18-04.113Z.txt,42,108,106,10,3,colordiffv2,painttorch,colordiffv2,painttorch,2112
19,userstudy_sid19_2026-01-09T07-18-04.113Z.txt,43,42,43,1,4,painttorch,proposed,proposed,painttorch,4830
19,userstudy_sid19_2026-01-09T07-18-04.113Z.txt,44,158,158,50,3,colordiffv2,painttorch,colordiffv2,painttorch,1809
19,userstudy_sid19_2026-01-09T07-18-04.113Z.txt,45,60,71,3,3,colordiffv2,painttorch,colordiffv2,painttorch,1576
19,userstudy_sid19_2026-01-09T07-18-04.113Z.txt,46,93,95,5,5,colordiffv2,proposed,proposed,colordiffv2,2818
19,userstudy_sid19_2026-01-09T07-18-04.113Z.txt,47,111,97,10,3,painttorch,colordiffv2,colordiffv2,painttorch,1573
19,userstudy_sid19_2026-01-09T07-18-04.113Z.txt,48,44,39,1,5,proposed,colordiffv2,colordiffv2,proposed,5072
19,userstudy_sid19_2026-01-09T07-18-04.113Z.txt,49,55,57,3,1,diffusart,colordiffv2,diffusart,colordiffv2,3166
19,userstudy_sid19_2026-01-09T07-18-04.113Z.txt,50,11,14,0,2,proposed,diffusart,diffusart,proposed,1555
19,userstudy_sid19_2026-01-09T07-18-04.113Z.txt,51,66,49,3,4,painttorch,proposed,proposed,painttorch,2240
19,userstudy_sid19_2026-01-09T07-18-04.113Z.txt,52,95,93,5,5,colordiffv2,proposed,colordiffv2,proposed,4383
19,userstudy_sid19_2026-01-09T07-18-04.113Z.txt,53,104,105,10,2,diffusart,proposed,proposed,diffusart,3850
19,userstudy_sid19_2026-01-09T07-18-04.113Z.txt,54,134,140,25,3,colordiffv2,painttorch,colordiffv2,painttorch,2337
19,userstudy_sid19_2026-01-09T07-18-04.113Z.txt,55,125,124,25,1,diffusart,colordiffv2,diffusart,colordiffv2,1513
19,userstudy_sid19_2026-01-09T07-18-04.113Z.txt,56,54,63,3,1,colordiffv2,diffusart,diffusart,colordiffv2,2212
19,userstudy_sid19_2026-01-09T07-18-04.113Z.txt,57,141,132,25,5,colordiffv2,proposed,colordiffv2,proposed,2364
19,userstudy_sid19_2026-01-09T07-18-04.113Z.txt,58,30,30,1,1,colordiffv2,diffusart,diffusart,colordiffv2,3164
19,userstudy_sid19_2026-01-09T07-18-04.113Z.txt,59,121,127,25,0,painttorch,diffusart,diffusart,painttorch,1312
19,userstudy_sid19_2026-01-09T07-18-04.113Z.txt,60,47,42,1,5,colordiffv2,proposed,proposed,colordiffv2,1404
19,userstudy_sid19_2026-01-09T07-18-04.113Z.txt,61,138,141,25,4,painttorch,proposed,proposed,painttorch,1097
19,userstudy_sid19_2026-01-09T07-18-04.113Z.txt,62,36,36,1,3,colordiffv2,painttorch,colordiffv2,painttorch,1948
19,userstudy_sid19_2026-01-09T07-18-04.113Z.txt,63,127,129,25,1,diffusart,colordiffv2,diffusart,colordiffv2,2308
19,userstudy_sid19_2026-01-09T07-18-04.113Z.txt,64,113,102,10,4,proposed,painttorch,proposed,painttorch,2207
19,userstudy_sid19_2026-01-09T07-18-04.113Z.txt,65,79,81,5,1,diffusart,colordiffv2,diffusart,colordiffv2,5049
19,userstudy_sid19_2026-01-09T07-18-04.113Z.txt,66,173,174,100,1,diffusart,colordiffv2,diffusart,colordiffv2,3815
19,userstudy_sid19_2026-01-09T07-18-04.113Z.txt,67,102,101,10,1,colordiffv2,diffusart,colordiffv2,diffusart,5457
19,userstudy_sid19_2026-01-09T07-18-04.113Z.txt,68,110,109,10,3,colordiffv2,painttorch,colordiffv2,painttorch,1808
19,userstudy_sid19_2026-01-09T07-18-04.113Z.txt,69,21,11,0,5,colordiffv2,proposed,colordiffv2,proposed,3257
19,userstudy_sid19_2026-01-09T07-18-04.113Z.txt,70,26,41,1,0,diffusart,painttorch,diffusart,painttorch,5803
19,userstudy_sid19_2026-01-09T07-18-04.113Z.txt,71,45,34,1,5,colordiffv2,proposed,colordiffv2,proposed,6736
19,userstudy_sid19_2026-01-09T07-18-04.113Z.txt,72,137,135,25,4,proposed,painttorch,proposed,painttorch,1084
19,userstudy_sid19_2026-01-09T07-18-04.113Z.txt,73,84,79,5,3,colordiffv2,painttorch,colordiffv2,painttorch,964
19,userstudy_sid19_2026-01-09T07-18-04.113Z.txt,74,123,133,25,0,painttorch,diffusart,diffusart,painttorch,2541
19,userstudy_sid19_2026-01-09T07-18-04.113Z.txt,75,27,33,1,0,painttorch,diffusart,diffusart,painttorch,1370
19,userstudy_sid19_2026-01-09T07-18-04.113Z.txt,76,164,150,50,5,proposed,colordiffv2,proposed,colordiffv2,2448
19,userstudy_sid19_2026-01-09T07-18-04.113Z.txt,77,15,18,0,3,painttorch,colordiffv2,colordiffv2,painttorch,4218
19,userstudy_sid19_2026-01-09T07-18-04.113Z.txt,78,24,37,1,0,diffusart,painttorch,diffusart,painttorch,3221
19,userstudy_sid19_2026-01-09T07-18-04.113Z.txt,79,6,8,0,1,colordiffv2,diffusart,colordiffv2,diffusart,5192
19,userstudy_sid19_2026-01-09T07-18-04.113Z.txt,80,56,53,3,2,diffusart,proposed,proposed,diffusart,5515
19,userstudy_sid19_2026-01-09T07-18-04.113Z.txt,81,172,179,100,1,colordiffv2,diffusart,colordiffv2,diffusart,6416
19,userstudy_sid19_2026-01-09T07-18-04.113Z.txt,82,70,59,3,5,proposed,colordiffv2,proposed,colordiffv2,1358
19,userstudy_sid19_2026-01-09T07-18-04.113Z.txt,83,76,94,5,1,colordiffv2,diffusart,colordiffv2,diffusart,2320
19,userstudy_sid19_2026-01-09T07-18-04.113Z.txt,84,48,60,3,0,diffusart,painttorch,diffusart,painttorch,2796
19,userstudy_sid19_2026-01-09T07-18-04.113Z.txt,85,154,147,50,2,diffusart,proposed,proposed,diffusart,7926
19,userstudy_sid19_2026-01-09T07-18-04.113Z.txt,86,68,69,3,5,proposed,colordiffv2,colordiffv2,proposed,4120
19,userstudy_sid19_2026-01-09T07-18-04.113Z.txt,87,155,160,50,2,proposed,diffusart,proposed,diffusart,2511
19,userstudy_sid19_2026-01-09T07-18-04.113Z.txt,88,43,31,1,4,proposed,painttorch,proposed,painttorch,1636
19,userstudy_sid19_2026-01-09T07-18-04.113Z.txt,89,52,50,3,1,colordiffv2,diffusart,colordiffv2,diffusart,1625
19,userstudy_sid19_2026-01-09T07-18-04.113Z.txt,90,157,163,50,3,painttorch,colordiffv2,colordiffv2,painttorch,3661
19,userstudy_sid19_2026-01-09T07-18-04.113Z.txt,91,31,44,1,1,diffusart,colordiffv2,diffusart,colordiffv2,2487
19,userstudy_sid19_2026-01-09T07-18-04.113Z.txt,92,163,145,50,4,proposed,painttorch,proposed,painttorch,4860
19,userstudy_sid19_2026-01-09T07-18-04.113Z.txt,93,130,137,25,2,diffusart,proposed,diffusart,proposed,1880
19,userstudy_sid19_2026-01-09T07-18-04.113Z.txt,94,117,111,10,5,colordiffv2,proposed,colordiffv2,proposed,1262
19,userstudy_sid19_2026-01-09T07-18-04.113Z.txt,95,78,90,5,1,colordiffv2,diffusart,diffusart,colordiffv2,5141
19,userstudy_sid19_2026-01-09T07-18-04.113Z.txt,96,20,1,0,5,proposed,colordiffv2,colordiffv2,proposed,1181
19,userstudy_sid19_2026-01-09T07-18-04.113Z.txt,97,189,186,100,5,colordiffv2,proposed,proposed,colordiffv2,3388
19,userstudy_sid19_2026-01-09T07-18-04.113Z.txt,98,131,121,25,2,proposed,diffusart,proposed,diffusart,3261
19,userstudy_sid19_2026-01-09T07-18-04.113Z.txt,99,96,119,10,0,diffusart,painttorch,diffusart,painttorch,3187
19,userstudy_sid19_2026-01-09T07-18-04.113Z.txt,100,90,87,5,4,painttorch,proposed,proposed,painttorch,3662
19,userstudy_sid19_2026-01-09T07-18-04.113Z.txt,101,25,29,1,0,painttorch,diffusart,diffusart,painttorch,1499
19,userstudy_sid19_2026-01-09T07-18-04.113Z.txt,102,171,181,100,0,painttorch,diffusart,diffusart,painttorch,2183
19,userstudy_sid19_2026-01-09T07-18-04.113Z.txt,103,119,110,10,5,colordiffv2,proposed,proposed,colordiffv2,2798
19,userstudy_sid19_2026-01-09T07-18-04.113Z.txt,104,145,148,50,0,painttorch,diffusart,diffusart,painttorch,1595
19,userstudy_sid19_2026-01-09T07-18-04.113Z.txt,105,82,82,5,2,diffusart,proposed,diffusart,proposed,2824
19,userstudy_sid19_2026-01-09T07-18-04.113Z.txt,106,69,62,3,5,colordiffv2,proposed,proposed,colordiffv2,4091
19,userstudy_sid19_2026-01-09T07-18-04.113Z.txt,107,190,191,100,5,proposed,colordiffv2,proposed,colordiffv2,2473
19,userstudy_sid19_2026-01-09T07-18-04.113Z.txt,108,63,64,3,3,painttorch,colordiffv2,colordiffv2,painttorch,2637
19,userstudy_sid19_2026-01-09T07-18-04.113Z.txt,109,191,189,100,5,colordiffv2,proposed,proposed,colordiffv2,1328
19,userstudy_sid19_2026-01-09T07-18-04.113Z.txt,110,18,9,0,4,painttorch,proposed,painttorch,proposed,2704
19,userstudy_sid19_2026-01-09T07-18-04.113Z.txt,111,183,176,100,3,painttorch,colordiffv2,colordiffv2,painttorch,2258
19,userstudy_sid19_2026-01-09T07-18-04.113Z.txt,112,182,177,100,3,colordiffv2,painttorch,colordiffv2,painttorch,2791
19,userstudy_sid19_2026-01-09T07-18-04.113Z.txt,113,99,114,10,0,painttorch,diffusart,diffusart,painttorch,4635
19,userstudy_sid19_2026-01-09T07-18-04.113Z.txt,114,166,167,50,5,proposed,colordiffv2,proposed,colordiffv2,1463
19,userstudy_sid19_2026-01-09T07-18-04.113Z.txt,115,32,28,1,2,diffusart,proposed,proposed,diffusart,3186
19,userstudy_sid19_2026-01-09T07-18-04.113Z.txt,116,91,86,5,4,proposed,painttorch,proposed,painttorch,2462
19,userstudy_sid19_2026-01-09T07-18-04.113Z.txt,117,73,78,5,0,painttorch,diffusart,diffusart,painttorch,3197
19,userstudy_sid19_2026-01-09T07-18-04.113Z.txt,118,184,178,100,4,painttorch,proposed,proposed,painttorch,2343
19,userstudy_sid19_2026-01-09T07-18-04.113Z.txt,119,147,166,50,0,painttorch,diffusart,diffusart,painttorch,1431
19,userstudy_sid19_2026-01-09T07-18-04.113Z.txt,120,118,115,10,5,proposed,colordiffv2,proposed,colordiffv2,1973
19,userstudy_sid19_2026-01-09T07-18-04.113Z.txt,121,165,149,50,5,colordiffv2,proposed,proposed,colordiffv2,5265
19,userstudy_sid19_2026-01-09T07-18-04.113Z.txt,122,105,112,10,2,proposed,diffusart,proposed,diffusart,3921
19,userstudy_sid19_2026-01-09T07-18-04.113Z.txt,123,152,155,50,2,diffusart,proposed,diffusart,proposed,1356
19,userstudy_sid19_2026-01-09T07-18-04.113Z.txt,124,148,165,50,1,colordiffv2,diffusart,colordiffv2,diffusart,2961
19,userstudy_sid19_2026-01-09T07-18-04.113Z.txt,125,128,139,25,2,diffusart,proposed,diffusart,proposed,1073
19,userstudy_sid19_2026-01-09T07-18-04.113Z.txt,126,65,54,3,4,proposed,painttorch,proposed,painttorch,1057
19,userstudy_sid19_2026-01-09T07-18-04.113Z.txt,127,153,157,50,2,proposed,diffusart,proposed,diffusart,2669
19,userstudy_sid19_2026-01-09T07-18-04.113Z.txt,128,61,51,3,3,painttorch,colordiffv2,colordiffv2,painttorch,2412
19,userstudy_sid19_2026-01-09T07-18-04.113Z.txt,129,100,104,10,1,colordiffv2,diffusart,diffusart,colordiffv2,5570
19,userstudy_sid19_2026-01-09T07-18-04.113Z.txt,130,92,85,5,5,proposed,colordiffv2,colordiffv2,proposed,3306
19,userstudy_sid19_2026-01-09T07-18-04.113Z.txt,131,143,122,25,5,colordiffv2,proposed,colordiffv2,proposed,6416
19,userstudy_sid19_2026-01-09T07-18-04.113Z.txt,132,83,84,5,2,proposed,diffusart,diffusart,proposed,6457
19,userstudy_sid19_2026-01-09T07-18-04.113Z.txt,133,13,2,0,3,painttorch,colordiffv2,colordiffv2,painttorch,1574
19,userstudy_sid19_2026-01-09T07-18-04.113Z.txt,134,86,77,5,3,colordiffv2,painttorch,colordiffv2,painttorch,1689
19,userstudy_sid19_2026-01-09T07-18-04.113Z.txt,135,10,13,0,2,diffusart,proposed,diffusart,proposed,1678
19,userstudy_sid19_2026-01-09T07-18-04.113Z.txt,136,185,183,100,4,proposed,painttorch,proposed,painttorch,1876
19,userstudy_sid19_2026-01-09T07-18-04.113Z.txt,137,7,21,0,1,diffusart,colordiffv2,colordiffv2,diffusart,2205
19,userstudy_sid19_2026-01-09T07-18-04.113Z.txt,138,168,185,100,0,diffusart,painttorch,diffusart,painttorch,2401
19,userstudy_sid19_2026-01-09T07-18-04.113Z.txt,139,133,123,25,3,painttorch,colordiffv2,colordiffv2,painttorch,1788
19,userstudy_sid19_2026-01-09T07-18-04.113Z.txt,140,156,151,50,3,colordiffv2,painttorch,colordiffv2,painttorch,3154
19,userstudy_sid19_2026-01-09T07-18-04.113Z.txt,141,59,68,3,2,proposed,diffusart,diffusart,proposed,5302
19,userstudy_sid19_2026-01-09T07-18-04.113Z.txt,142,4,17,0,1,colordiffv2,diffusart,colordiffv2,diffusart,3830
19,userstudy_sid19_2026-01-09T07-18-04.113Z.txt,143,112,100,10,4,painttorch,proposed,proposed,painttorch,1943
19,userstudy_sid19_2026-01-09T07-18-04.113Z.txt,144,33,47,1,2,proposed,diffusart,proposed,diffusart,2133
19,userstudy_sid19_2026-01-09T07-18-04.113Z.txt,145,151,144,50,1,diffusart,colordiffv2,colordiffv2,diffusart,2185
19,userstudy_sid19_2026-01-09T07-18-04.113Z.txt,146,17,15,0,4,proposed,painttorch,painttorch,proposed,2037
19,userstudy_sid19_2026-01-09T07-18-04.113Z.txt,147,67,67,3,4,proposed,painttorch,proposed,painttorch,1508
19,userstudy_sid19_2026-01-09T07-18-04.113Z.txt,148,37,26,1,3,painttorch,colordiffv2,colordiffv2,painttorch,1636
19,userstudy_sid19_2026-01-09T07-18-04.113Z.txt,149,109,108,10,3,painttorch,colordiffv2,colordiffv2,painttorch,1791
19,userstudy_sid19_2026-01-09T07-18-04.113Z.txt,150,14,16,0,3,colordiffv2,painttorch,colordiffv2,painttorch,5690
19,userstudy_sid19_2026-01-09T07-18-04.113Z.txt,151,3,6,0,0,painttorch,diffusart,diffusart,painttorch,4028
19,userstudy_sid19_2026-01-09T07-18-04.113Z.txt,152,186,175,100,4,painttorch,proposed,proposed,painttorch,1552
19,userstudy_sid19_2026-01-09T07-18-04.113Z.txt,153,51,61,3,0,painttorch,diffusart,diffusart,painttorch,1691
19,userstudy_sid19_2026-01-09T07-18-04.113Z.txt,154,167,152,50,5,colordiffv2,proposed,proposed,colordiffv2,2094
19,userstudy_sid19_2026-01-09T07-18-04.113Z.txt,155,115,107,10,4,proposed,painttorch,proposed,painttorch,2514
19,userstudy_sid19_2026-01-09T07-18-04.113Z.txt,156,103,99,10,1,diffusart,colordiffv2,colordiffv2,diffusart,4500
19,userstudy_sid19_2026-01-09T07-18-04.113Z.txt,157,140,142,25,5,proposed,colordiffv2,proposed,colordiffv2,2986
19,userstudy_sid19_2026-01-09T07-18-04.113Z.txt,158,124,138,25,1,colordiffv2,diffusart,colordiffv2,diffusart,1176
19,userstudy_sid19_2026-01-09T07-18-04.113Z.txt,159,12,23,0,3,colordiffv2,painttorch,colordiffv2,painttorch,7974
19,userstudy_sid19_2026-01-09T07-18-04.113Z.txt,160,74,92,5,0,diffusart,painttorch,diffusart,painttorch,1643
19,userstudy_sid19_2026-01-09T07-18-04.113Z.txt,161,188,182,100,5,proposed,colordiffv2,proposed,colordiffv2,1736
19,userstudy_sid19_2026-01-09T07-18-04.113Z.txt,162,5,0,0,1,diffusart,colordiffv2,colordiffv2,diffusart,5434
19,userstudy_sid19_2026-01-09T07-18-04.113Z.txt,163,81,74,5,2,proposed,diffusart,proposed,diffusart,2473
19,userstudy_sid19_2026-01-09T07-18-04.113Z.txt,164,177,184,100,2,proposed,diffusart,proposed,diffusart,1047
19,userstudy_sid19_2026-01-09T07-18-04.113Z.txt,165,75,88,5,0,painttorch,diffusart,diffusart,painttorch,1660
19,userstudy_sid19_2026-01-09T07-18-04.113Z.txt,166,28,40,1,1,colordiffv2,diffusart,colordiffv2,diffusart,3231
19,userstudy_sid19_2026-01-09T07-18-04.113Z.txt,167,176,172,100,2,diffusart,proposed,proposed,diffusart,1702
19,userstudy_sid19_2026-01-09T07-18-04.113Z.txt,168,180,168,100,3,colordiffv2,painttorch,colordiffv2,painttorch,3007
19,userstudy_sid19_2026-01-09T07-18-04.113Z.txt,169,16,12,0,4,painttorch,proposed,proposed,painttorch,3862
19,userstudy_sid19_2026-01-09T07-18-04.113Z.txt,170,106,117,10,2,diffusart,proposed,diffusart,proposed,4122
19,userstudy_sid19_2026-01-09T07-18-04.113Z.txt,171,181,170,100,3,painttorch,colordiffv2,colordiffv2,painttorch,1661
19,userstudy_sid19_2026-01-09T07-18-04.113Z.txt,172,94,73,5,5,proposed,colordiffv2,proposed,colordiffv2,2471
19,userstudy_sid19_2026-01-09T07-18-04.113Z.txt,173,178,187,100,2,diffusart,proposed,diffusart,proposed,1903
19,userstudy_sid19_2026-01-09T07-18-04.113Z.txt,174,114,118,10,4,painttorch,proposed,proposed,painttorch,3114
19,userstudy_sid19_2026-01-09T07-18-04.113Z.txt,175,57,58,3,2,proposed,diffusart,proposed,diffusart,6575
19,userstudy_sid19_2026-01-09T07-18-04.113Z.txt,176,64,52,3,4,painttorch,proposed,proposed,painttorch,3584
19,userstudy_sid19_2026-01-09T07-18-04.113Z.txt,177,174,190,100,1,colordiffv2,diffusart,colordiffv2,diffusart,1366
19,userstudy_sid19_2026-01-09T07-18-04.113Z.txt,178,187,169,100,4,proposed,painttorch,proposed,painttorch,3030
19,userstudy_sid19_2026-01-09T07-18-04.113Z.txt,179,179,180,100,2,proposed,diffusart,proposed,diffusart,1571
19,userstudy_sid19_2026-01-09T07-18-04.113Z.txt,180,35,38,1,2,proposed,diffusart,proposed,diffusart,6807
19,userstudy_sid19_2026-01-09T07-18-04.113Z.txt,181,71,55,3,5,colordiffv2,proposed,colordiffv2,proposed,6547
19,userstudy_sid19_2026-01-09T07-18-04.113Z.txt,182,98,113,10,0,diffusart,painttorch,diffusart,painttorch,9285
19,userstudy_sid19_2026-01-09T07-18-04.113Z.txt,183,126,136,25,1,colordiffv2,diffusart,diffusart,colordiffv2,3735
19,userstudy_sid19_2026-01-09T07-18-04.113Z.txt,184,129,130,25,2,proposed,diffusart,proposed,diffusart,3516
19,userstudy_sid19_2026-01-09T07-18-04.113Z.txt,185,122,126,25,0,diffusart,painttorch,diffusart,painttorch,1037
19,userstudy_sid19_2026-01-09T07-18-04.113Z.txt,186,139,134,25,4,proposed,painttorch,proposed,painttorch,3566
19,userstudy_sid19_2026-01-09T07-18-04.113Z.txt,187,9,5,0,2,proposed,diffusart,diffusart,proposed,1756
19,userstudy_sid19_2026-01-09T07-18-04.113Z.txt,188,49,70,3,0,painttorch,diffusart,diffusart,painttorch,4399
19,userstudy_sid19_2026-01-09T07-18-04.113Z.txt,189,136,125,25,4,painttorch,proposed,proposed,painttorch,1544
19,userstudy_sid19_2026-01-09T07-18-04.113Z.txt,190,0,22,0,0,diffusart,painttorch,diffusart,painttorch,2215
19,userstudy_sid19_2026-01-09T07-18-04.113Z.txt,191,120,120,25,0,diffusart,painttorch,diffusart,painttorch,2318
20,userstudy_sid20_2026-01-09T07-29-01.344Z.txt,0,89,75,5,4,proposed,painttorch,proposed,painttorch,4829
20,userstudy_sid20_2026-01-09T07-29-01.344Z.txt,1,52,50,3,1,colordiffv2,diffusart,diffusart,colordiffv2,5465
20,userstudy_sid20_2026-01-09T07-29-01.344Z.txt,2,32,28,1,2,diffusart,proposed,proposed,diffusart,4518
20,userstudy_sid20_2026-01-09T07-29-01.344Z.txt,3,184,178,100,4,painttorch,proposed,proposed,painttorch,2313
20,userstudy_sid20_2026-01-09T07-29-01.344Z.txt,4,168,185,100,0,diffusart,painttorch,diffusart,painttorch,1489
20,userstudy_sid20_2026-01-09T07-29-01.344Z.txt,5,103,99,10,1,diffusart,colordiffv2,colordiffv2,diffusart,6343
20,userstudy_sid20_2026-01-09T07-29-01.344Z.txt,6,111,97,10,3,painttorch,colordiffv2,colordiffv2,painttorch,1833
20,userstudy_sid20_2026-01-09T07-29-01.344Z.txt,7,140,142,25,5,proposed,colordiffv2,proposed,colordiffv2,6200
20,userstudy_sid20_2026-01-09T07-29-01.344Z.txt,8,56,53,3,2,diffusart,proposed,proposed,diffusart,7750
20,userstudy_sid20_2026-01-09T07-29-01.344Z.txt,9,18,9,0,4,painttorch,proposed,painttorch,proposed,2404
20,userstudy_sid20_2026-01-09T07-29-01.344Z.txt,10,115,107,10,4,proposed,painttorch,proposed,painttorch,3422
20,userstudy_sid20_2026-01-09T07-29-01.344Z.txt,11,19,10,0,4,proposed,painttorch,painttorch,proposed,2592
20,userstudy_sid20_2026-01-09T07-29-01.344Z.txt,12,136,125,25,4,painttorch,proposed,proposed,painttorch,2208
20,userstudy_sid20_2026-01-09T07-29-01.344Z.txt,13,6,8,0,1,colordiffv2,diffusart,diffusart,colordiffv2,2424
20,userstudy_sid20_2026-01-09T07-29-01.344Z.txt,14,191,189,100,5,colordiffv2,proposed,proposed,colordiffv2,5169
20,userstudy_sid20_2026-01-09T07-29-01.344Z.txt,15,8,19,0,2,diffusart,proposed,diffusart,proposed,2180
20,userstudy_sid20_2026-01-09T07-29-01.344Z.txt,16,175,188,100,1,diffusart,colordiffv2,colordiffv2,diffusart,6696
20,userstudy_sid20_2026-01-09T07-29-01.344Z.txt,17,117,111,10,5,colordiffv2,proposed,proposed,colordiffv2,4640
20,userstudy_sid20_2026-01-09T07-29-01.344Z.txt,18,156,151,50,3,colordiffv2,painttorch,colordiffv2,painttorch,2084
20,userstudy_sid20_2026-01-09T07-29-01.344Z.txt,19,82,82,5,2,diffusart,proposed,proposed,diffusart,4158
20,userstudy_sid20_2026-01-09T07-29-01.344Z.txt,20,97,96,10,0,painttorch,diffusart,diffusart,painttorch,7312
20,userstudy_sid20_2026-01-09T07-29-01.344Z.txt,21,91,86,5,4,proposed,painttorch,proposed,painttorch,2747
20,userstudy_sid20_2026-01-09T07-29-01.344Z.txt,22,31,44,1,1,diffusart,colordiffv2,diffusart,colordiffv2,7770
20,userstudy_sid20_2026-01-09T07-29-01.344Z.txt,23,186,175,100,4,painttorch,proposed,proposed,painttorch,3513
20,userstudy_sid20_2026-01-09T07-29-01.344Z.txt,24,138,141,25,4,painttorch,proposed,proposed,painttorch,4519
20,userstudy_sid20_2026-01-09T07-29-01.344Z.txt,25,60,71,3,3,colordiffv2,painttorch,colordiffv2,painttorch,11283
20,userstudy_sid20_2026-01-09T07-29-01.344Z.txt,26,113,102,10,4,proposed,painttorch,proposed,painttorch,2508
20,userstudy_sid20_2026-01-09T07-29-01.344Z.txt,27,107,116,10,2,proposed,diffusart,proposed,diffusart,4536
20,userstudy_sid20_2026-01-09T07-29-01.344Z.txt,28,118,115,10,5,proposed,colordiffv2,proposed,colordiffv2,5635
20,userstudy_sid20_2026-01-09T07-29-01.344Z.txt,29,36,36,1,3,colordiffv2,painttorch,colordiffv2,painttorch,2836
20,userstudy_sid20_2026-01-09T07-29-01.344Z.txt,30,132,143,25,3,colordiffv2,painttorch,colordiffv2,painttorch,4921
20,userstudy_sid20_2026-01-09T07-29-01.344Z.txt,31,182,177,100,3,colordiffv2,painttorch,colordiffv2,painttorch,4068
20,userstudy_sid20_2026-01-09T07-29-01.344Z.txt,32,68,69,3,5,proposed,colordiffv2,proposed,colordiffv2,4402
20,userstudy_sid20_2026-01-09T07-29-01.344Z.txt,33,125,124,25,1,diffusart,colordiffv2,colordiffv2,diffusart,18354
20,userstudy_sid20_2026-01-09T07-29-01.344Z.txt,34,155,160,50,2,proposed,diffusart,proposed,diffusart,3647
20,userstudy_sid20_2026-01-09T07-29-01.344Z.txt,35,20,1,0,5,proposed,colordiffv2,proposed,colordiffv2,2159
20,userstudy_sid20_2026-01-09T07-29-01.344Z.txt,36,26,41,1,0,diffusart,painttorch,diffusart,painttorch,5001
20,userstudy_sid20_2026-01-09T07-29-01.344Z.txt,37,0,22,0,0,diffusart,painttorch,painttorch,diffusart,2102
20,userstudy_sid20_2026-01-09T07-29-01.344Z.txt,38,5,0,0,1,diffusart,colordiffv2,diffusart,colordiffv2,2683
20,userstudy_sid20_2026-01-09T07-29-01.344Z.txt,39,27,33,1,0,painttorch,diffusart,diffusart,painttorch,6025
20,userstudy_sid20_2026-01-09T07-29-01.344Z.txt,40,54,63,3,1,colordiffv2,diffusart,diffusart,colordiffv2,12013
20,userstudy_sid20_2026-01-09T07-29-01.344Z.txt,41,69,62,3,5,colordiffv2,proposed,proposed,colordiffv2,5805
20,userstudy_sid20_2026-01-09T07-29-01.344Z.txt,42,21,11,0,5,colordiffv2,proposed,proposed,colordiffv2,2631
20,userstudy_sid20_2026-01-09T07-29-01.344Z.txt,43,42,43,1,4,painttorch,proposed,proposed,painttorch,4503
20,userstudy_sid20_2026-01-09T07-29-01.344Z.txt,44,154,147,50,2,diffusart,proposed,proposed,diffusart,6832
20,userstudy_sid20_2026-01-09T07-29-01.344Z.txt,45,66,49,3,4,painttorch,proposed,proposed,painttorch,6137
20,userstudy_sid20_2026-01-09T07-29-01.344Z.txt,46,13,2,0,3,painttorch,colordiffv2,painttorch,colordiffv2,1941
20,userstudy_sid20_2026-01-09T07-29-01.344Z.txt,47,67,67,3,4,proposed,painttorch,proposed,painttorch,3314
20,userstudy_sid20_2026-01-09T07-29-01.344Z.txt,48,150,154,50,1,colordiffv2,diffusart,colordiffv2,diffusart,1926
20,userstudy_sid20_2026-01-09T07-29-01.344Z.txt,49,33,47,1,2,proposed,diffusart,diffusart,proposed,9640
20,userstudy_sid20_2026-01-09T07-29-01.344Z.txt,50,116,98,10,5,proposed,colordiffv2,proposed,colordiffv2,5640
20,userstudy_sid20_2026-01-09T07-29-01.344Z.txt,51,169,173,100,0,painttorch,diffusart,diffusart,painttorch,3789
20,userstudy_sid20_2026-01-09T07-29-01.344Z.txt,52,98,113,10,0,diffusart,painttorch,diffusart,painttorch,3461
20,userstudy_sid20_2026-01-09T07-29-01.344Z.txt,53,164,150,50,5,proposed,colordiffv2,proposed,colordiffv2,4260
20,userstudy_sid20_2026-01-09T07-29-01.344Z.txt,54,99,114,10,0,painttorch,diffusart,diffusart,painttorch,6489
20,userstudy_sid20_2026-01-09T07-29-01.344Z.txt,55,88,91,5,4,painttorch,proposed,proposed,painttorch,5219
20,userstudy_sid20_2026-01-09T07-29-01.344Z.txt,56,134,140,25,3,colordiffv2,painttorch,colordiffv2,painttorch,6027
20,userstudy_sid20_2026-01-09T07-29-01.344Z.txt,57,49,70,3,0,painttorch,diffusart,diffusart,painttorch,4927
20,userstudy_sid20_2026-01-09T07-29-01.344Z.txt,58,145,148,50,0,painttorch,diffusart,diffusart,painttorch,4096
20,userstudy_sid20_2026-01-09T07-29-01.344Z.txt,59,121,127,25,0,painttorch,diffusart,diffusart,painttorch,1514
20,userstudy_sid20_2026-01-09T07-29-01.344Z.txt,60,146,159,50,0,diffusart,painttorch,diffusart,painttorch,2749
20,userstudy_sid20_2026-01-09T07-29-01.344Z.txt,61,83,84,5,2,proposed,diffusart,diffusart,proposed,21149
20,userstudy_sid20_2026-01-09T07-29-01.344Z.txt,62,46,35,1,5,proposed,colordiffv2,colordiffv2,proposed,8353
20,userstudy_sid20_2026-01-09T07-29-01.344Z.txt,63,180,168,100,3,colordiffv2,painttorch,colordiffv2,painttorch,1461
20,userstudy_sid20_2026-01-09T07-29-01.344Z.txt,64,108,106,10,3,colordiffv2,painttorch,colordiffv2,painttorch,2239
20,userstudy_sid20_2026-01-09T07-29-01.344Z.txt,65,37,26,1,3,painttorch,colordiffv2,colordiffv2,painttorch,7180
20,userstudy_sid20_2026-01-09T07-29-01.344Z.txt,66,94,73,5,5,proposed,colordiffv2,proposed,colordiffv2,4542
20,userstudy_sid20_2026-01-09T07-29-01.344Z.txt,67,58,48,3,2,diffusart,proposed,proposed,diffusart,6524
20,userstudy_sid20_2026-01-09T07-29-01.344Z.txt,68,40,45,1,4,painttorch,proposed,proposed,painttorch,1702
20,userstudy_sid20_2026-01-09T07-29-01.344Z.txt,69,84,79,5,3,colordiffv2,painttorch,colordiffv2,painttorch,2353
20,userstudy_sid20_2026-01-09T07-29-01.344Z.txt,70,170,171,100,0,diffusart,painttorch,diffusart,painttorch,4914
20,userstudy_sid20_2026-01-09T07-29-01.344Z.txt,71,71,55,3,5,colordiffv2,proposed,proposed,colordiffv2,6675
20,userstudy_sid20_2026-01-09T07-29-01.344Z.txt,72,29,24,1,1,diffusart,colordiffv2,diffusart,colordiffv2,3399
20,userstudy_sid20_2026-01-09T07-29-01.344Z.txt,73,62,56,3,3,colordiffv2,painttorch,colordiffv2,painttorch,1457
20,userstudy_sid20_2026-01-09T07-29-01.344Z.txt,74,96,119,10,0,diffusart,painttorch,diffusart,painttorch,2584
20,userstudy_sid20_2026-01-09T07-29-01.344Z.txt,75,47,42,1,5,colordiffv2,proposed,proposed,colordiffv2,4623
20,userstudy_sid20_2026-01-09T07-29-01.344Z.txt,76,85,83,5,3,painttorch,colordiffv2,colordiffv2,painttorch,5650
20,userstudy_sid20_2026-01-09T07-29-01.344Z.txt,77,38,46,1,3,colordiffv2,painttorch,painttorch,colordiffv2,12691
20,userstudy_sid20_2026-01-09T07-29-01.344Z.txt,78,176,172,100,2,diffusart,proposed,proposed,diffusart,2798
20,userstudy_sid20_2026-01-09T07-29-01.344Z.txt,79,87,76,5,3,painttorch,colordiffv2,colordiffv2,painttorch,5956
20,userstudy_sid20_2026-01-09T07-29-01.344Z.txt,80,104,105,10,2,diffusart,proposed,proposed,diffusart,4289
20,userstudy_sid20_2026-01-09T07-29-01.344Z.txt,81,142,128,25,5,proposed,colordiffv2,proposed,colordiffv2,4935
20,userstudy_sid20_2026-01-09T07-29-01.344Z.txt,82,63,64,3,3,painttorch,colordiffv2,colordiffv2,painttorch,3610
20,userstudy_sid20_2026-01-09T07-29-01.344Z.txt,83,39,32,1,3,painttorch,colordiffv2,colordiffv2,painttorch,4874
20,userstudy_sid20_2026-01-09T07-29-01.344Z.txt,84,79,81,5,1,diffusart,colordiffv2,diffusart,colordiffv2,9127
20,userstudy_sid20_2026-01-09T07-29-01.344Z.txt,85,35,38,1,2,proposed,diffusart,proposed,diffusart,5106
20,userstudy_sid20_2026-01-09T07-29-01.344Z.txt,86,122,126,25,0,diffusart,painttorch,diffusart,painttorch,2784
20,userstudy_sid20_2026-01-09T07-29-01.344Z.txt,87,76,94,5,1,colordiffv2,diffusart,diffusart,colordiffv2,8190
20,userstudy_sid20_2026-01-09T07-29-01.344Z.txt,88,80,80,5,2,diffusart,proposed,proposed,diffusart,5510
20,userstudy_sid20_2026-01-09T07-29-01.344Z.txt,89,86,77,5,3,colordiffv2,painttorch,colordiffv2,painttorch,2628
20,userstudy_sid20_2026-01-09T07-29-01.344Z.txt,90,183,176,100,3,painttorch,colordiffv2,colordiffv2,painttorch,2205
20,userstudy_sid20_2026-01-09T07-29-01.344Z.txt,91,151,144,50,1,diffusart,colordiffv2,colordiffv2,diffusart,3280
20,userstudy_sid20_2026-01-09T07-29-01.344Z.txt,92,148,165,50,1,colordiffv2,diffusart,colordiffv2,diffusart,7580
20,userstudy_sid20_2026-01-09T07-29-01.344Z.txt,93,61,51,3,3,painttorch,colordiffv2,colordiffv2,painttorch,6508
20,userstudy_sid20_2026-01-09T07-29-01.344Z.txt,94,77,72,5,1,diffusart,colordiffv2,colordiffv2,diffusart,8671
20,userstudy_sid20_2026-01-09T07-29-01.344Z.txt,95,177,184,100,2,proposed,diffusart,proposed,diffusart,3859
20,userstudy_sid20_2026-01-09T07-29-01.344Z.txt,96,74,92,5,0,diffusart,painttorch,diffusart,painttorch,5637
20,userstudy_sid20_2026-01-09T07-29-01.344Z.txt,97,4,17,0,1,colordiffv2,diffusart,diffusart,colordiffv2,3053
20,userstudy_sid20_2026-01-09T07-29-01.344Z.txt,98,30,30,1,1,colordiffv2,diffusart,diffusart,colordiffv2,8033
20,userstudy_sid20_2026-01-09T07-29-01.344Z.txt,99,149,161,50,1,diffusart,colordiffv2,diffusart,colordiffv2,4308
20,userstudy_sid20_2026-01-09T07-29-01.344Z.txt,100,14,16,0,3,colordiffv2,painttorch,painttorch,colordiffv2,2261
20,userstudy_sid20_2026-01-09T07-29-01.344Z.txt,101,53,66,3,1,diffusart,colordiffv2,diffusart,colordiffv2,5241
20,userstudy_sid20_2026-01-09T07-29-01.344Z.txt,102,95,93,5,5,colordiffv2,proposed,proposed,colordiffv2,10273
20,userstudy_sid20_2026-01-09T07-29-01.344Z.txt,103,162,146,50,4,painttorch,proposed,proposed,painttorch,3624
20,userstudy_sid20_2026-01-09T07-29-01.344Z.txt,104,23,7,0,5,colordiffv2,proposed,proposed,colordiffv2,1408
20,userstudy_sid20_2026-01-09T07-29-01.344Z.txt,105,188,182,100,5,proposed,colordiffv2,proposed,colordiffv2,7617
20,userstudy_sid20_2026-01-09T07-29-01.344Z.txt,106,10,13,0,2,diffusart,proposed,diffusart,proposed,5055
20,userstudy_sid20_2026-01-09T07-29-01.344Z.txt,107,65,54,3,4,proposed,painttorch,proposed,painttorch,3396
20,userstudy_sid20_2026-01-09T07-29-01.344Z.txt,108,9,5,0,2,proposed,diffusart,diffusart,proposed,3335
20,userstudy_sid20_2026-01-09T07-29-01.344Z.txt,109,109,108,10,3,painttorch,colordiffv2,colordiffv2,painttorch,8018
20,userstudy_sid20_2026-01-09T07-29-01.344Z.txt,110,34,27,1,2,diffusart,proposed,diffusart,proposed,14037
20,userstudy_sid20_2026-01-09T07-29-01.344Z.txt,111,17,15,0,4,proposed,painttorch,proposed,painttorch,1790
20,userstudy_sid20_2026-01-09T07-29-01.344Z.txt,112,51,61,3,0,painttorch,diffusart,diffusart,painttorch,4828
20,userstudy_sid20_2026-01-09T07-29-01.344Z.txt,113,45,34,1,5,colordiffv2,proposed,colordiffv2,proposed,6655
20,userstudy_sid20_2026-01-09T07-29-01.344Z.txt,114,2,20,0,0,diffusart,painttorch,painttorch,diffusart,3868
20,userstudy_sid20_2026-01-09T07-29-01.344Z.txt,115,135,131,25,3,painttorch,colordiffv2,colordiffv2,painttorch,4929
20,userstudy_sid20_2026-01-09T07-29-01.344Z.txt,116,50,65,3,0,diffusart,painttorch,diffusart,painttorch,5230
20,userstudy_sid20_2026-01-09T07-29-01.344Z.txt,117,163,145,50,4,proposed,painttorch,proposed,painttorch,1587
20,userstudy_sid20_2026-01-09T07-29-01.344Z.txt,118,43,31,1,4,proposed,painttorch,proposed,painttorch,1621
20,userstudy_sid20_2026-01-09T07-29-01.344Z.txt,119,90,87,5,4,painttorch,proposed,proposed,painttorch,3090
20,userstudy_sid20_2026-01-09T07-29-01.344Z.txt,120,92,85,5,5,proposed,colordiffv2,proposed,colordiffv2,5613
20,userstudy_sid20_2026-01-09T07-29-01.344Z.txt,121,119,110,10,5,colordiffv2,proposed,proposed,colordiffv2,17029
20,userstudy_sid20_2026-01-09T07-29-01.344Z.txt,122,24,37,1,0,diffusart,painttorch,diffusart,painttorch,4590
20,userstudy_sid20_2026-01-09T07-29-01.344Z.txt,123,11,14,0,2,proposed,diffusart,proposed,diffusart,2559
20,userstudy_sid20_2026-01-09T07-29-01.344Z.txt,124,178,187,100,2,diffusart,proposed,proposed,diffusart,3142
20,userstudy_sid20_2026-01-09T07-29-01.344Z.txt,125,3,6,0,0,painttorch,diffusart,painttorch,diffusart,3026
20,userstudy_sid20_2026-01-09T07-29-01.344Z.txt,126,112,100,10,4,painttorch,proposed,proposed,painttorch,2122
20,userstudy_sid20_2026-01-09T07-29-01.344Z.txt,127,12,23,0,3,colordiffv2,painttorch,painttorch,colordiffv2,1760
20,userstudy_sid20_2026-01-09T07-29-01.344Z.txt,128,44,39,1,5,proposed,colordiffv2,colordiffv2,proposed,12543
20,userstudy_sid20_2026-01-09T07-29-01.344Z.txt,129,57,58,3,2,proposed,diffusart,proposed,diffusart,8640
20,userstudy_sid20_2026-01-09T07-29-01.344Z.txt,130,152,155,50,2,diffusart,proposed,proposed,diffusart,4412
20,userstudy_sid20_2026-01-09T07-29-01.344Z.txt,131,153,157,50,2,proposed,diffusart,proposed,diffusart,2937
20,userstudy_sid20_2026-01-09T07-29-01.344Z.txt,132,172,179,100,1,colordiffv2,diffusart,colordiffv2,diffusart,1479
20,userstudy_sid20_2026-01-09T07-29-01.344Z.txt,133,147,166,50,0,painttorch,diffusart,diffusart,painttorch,4819
20,userstudy_sid20_2026-01-09T07-29-01.344Z.txt,134,179,180,100,2,proposed,diffusart,proposed,diffusart,3068
20,userstudy_sid20_2026-01-09T07-29-01.344Z.txt,135,130,137,25,2,diffusart,proposed,proposed,diffusart,3578
20,userstudy_sid20_2026-01-09T07-29-01.344Z.txt,136,22,4,0,5,proposed,colordiffv2,proposed,colordiffv2,1318
20,userstudy_sid20_2026-01-09T07-29-01.344Z.txt,137,100,104,10,1,colordiffv2,diffusart,diffusart,colordiffv2,2825
20,userstudy_sid20_2026-01-09T07-29-01.344Z.txt,138,75,88,5,0,painttorch,diffusart,diffusart,painttorch,2732
20,userstudy_sid20_2026-01-09T07-29-01.344Z.txt,139,101,103,10,1,diffusart,colordiffv2,diffusart,colordiffv2,16031
20,userstudy_sid20_2026-01-09T07-29-01.344Z.txt,140,48,60,3,0,diffusart,painttorch,diffusart,painttorch,3657
20,userstudy_sid20_2026-01-09T07-29-01.344Z.txt,141,28,40,1,1,colordiffv2,diffusart,colordiffv2,diffusart,5423
20,userstudy_sid20_2026-01-09T07-29-01.344Z.txt,142,137,135,25,4,proposed,painttorch,proposed,painttorch,4538
20,userstudy_sid20_2026-01-09T07-29-01.344Z.txt,143,165,149,50,5,colordiffv2,proposed,proposed,colordiffv2,7684
20,userstudy_sid20_2026-01-09T07-29-01.344Z.txt,144,106,117,10,2,diffusart,proposed,diffusart,proposed,3500
20,userstudy_sid20_2026-01-09T07-29-01.344Z.txt,145,139,134,25,4,proposed,painttorch,proposed,painttorch,1754
20,userstudy_sid20_2026-01-09T07-29-01.344Z.txt,146,120,120,25,0,diffusart,painttorch,diffusart,painttorch,2074
20,userstudy_sid20_2026-01-09T07-29-01.344Z.txt,147,144,162,50,0,diffusart,painttorch,diffusart,painttorch,2166
20,userstudy_sid20_2026-01-09T07-29-01.344Z.txt,148,15,18,0,3,painttorch,colordiffv2,painttorch,colordiffv2,1409
20,userstudy_sid20_2026-01-09T07-29-01.344Z.txt,149,72,89,5,0,diffusart,painttorch,diffusart,painttorch,9406
20,userstudy_sid20_2026-01-09T07-29-01.344Z.txt,150,187,169,100,4,proposed,painttorch,proposed,painttorch,1786
20,userstudy_sid20_2026-01-09T07-29-01.344Z.txt,151,133,123,25,3,painttorch,colordiffv2,colordiffv2,painttorch,4651
20,userstudy_sid20_2026-01-09T07-29-01.344Z.txt,152,124,138,25,1,colordiffv2,diffusart,colordiffv2,diffusart,10639
20,userstudy_sid20_2026-01-09T07-29-01.344Z.txt,153,171,181,100,0,painttorch,diffusart,diffusart,painttorch,11720
20,userstudy_sid20_2026-01-09T07-29-01.344Z.txt,154,105,112,10,2,proposed,diffusart,proposed,diffusart,4565
20,userstudy_sid20_2026-01-09T07-29-01.344Z.txt,155,159,156,50,3,painttorch,colordiffv2,colordiffv2,painttorch,4771
20,userstudy_sid20_2026-01-09T07-29-01.344Z.txt,156,128,139,25,2,diffusart,proposed,proposed,diffusart,7966
20,userstudy_sid20_2026-01-09T07-29-01.344Z.txt,157,93,95,5,5,colordiffv2,proposed,proposed,colordiffv2,4149
20,userstudy_sid20_2026-01-09T07-29-01.344Z.txt,158,123,133,25,0,painttorch,diffusart,diffusart,painttorch,2960
20,userstudy_sid20_2026-01-09T07-29-01.344Z.txt,159,158,158,50,3,colordiffv2,painttorch,colordiffv2,painttorch,2233
20,userstudy_sid20_2026-01-09T07-29-01.344Z.txt,160,64,52,3,4,painttorch,proposed,proposed,painttorch,7466
20,userstudy_sid20_2026-01-09T07-29-01.344Z.txt,161,126,136,25,1,colordiffv2,diffusart,diffusart,colordiffv2,2235
20,userstudy_sid20_2026-01-09T07-29-01.344Z.txt,162,70,59,3,5,proposed,colordiffv2,proposed,colordiffv2,2402
20,userstudy_sid20_2026-01-09T07-29-01.344Z.txt,163,174,190,100,1,colordiffv2,diffusart,colordiffv2,diffusart,3959
20,userstudy_sid20_2026-01-09T07-29-01.344Z.txt,164,114,118,10,4,painttorch,proposed,proposed,painttorch,4146
20,userstudy_sid20_2026-01-09T07-29-01.344Z.txt,165,102,101,10,1,colordiffv2,diffusart,colordiffv2,diffusart,5462
20,userstudy_sid20_2026-01-09T07-29-01.344Z.txt,166,141,132,25,5,colordiffv2,proposed,colordiffv2,proposed,4264
20,userstudy_sid20_2026-01-09T07-29-01.344Z.txt,167,78,90,5,1,colordiffv2,diffusart,colordiffv2,diffusart,6098
20,userstudy_sid20_2026-01-09T07-29-01.344Z.txt,168,59,68,3,2,proposed,diffusart,diffusart,proposed,4427
20,userstudy_sid20_2026-01-09T07-29-01.344Z.txt,169,185,183,100,4,proposed,painttorch,proposed,painttorch,1748
20,userstudy_sid20_2026-01-09T07-29-01.344Z.txt,170,7,21,0,1,diffusart,colordiffv2,diffusart,colordiffv2,1688
20,userstudy_sid20_2026-01-09T07-29-01.344Z.txt,171,41,25,1,4,proposed,painttorch,proposed,painttorch,2016
20,userstudy_sid20_2026-01-09T07-29-01.344Z.txt,172,173,174,100,1,diffusart,colordiffv2,colordiffv2,diffusart,6019
20,userstudy_sid20_2026-01-09T07-29-01.344Z.txt,173,1,3,0,0,painttorch,diffusart,painttorch,diffusart,2437
20,userstudy_sid20_2026-01-09T07-29-01.344Z.txt,174,81,74,5,2,proposed,diffusart,proposed,diffusart,4450
20,userstudy_sid20_2026-01-09T07-29-01.344Z.txt,175,161,153,50,4,proposed,painttorch,proposed,painttorch,2254
20,userstudy_sid20_2026-01-09T07-29-01.344Z.txt,176,16,12,0,4,painttorch,proposed,painttorch,proposed,1902
20,userstudy_sid20_2026-01-09T07-29-01.344Z.txt,177,129,130,25,2,proposed,diffusart,proposed,diffusart,2121
20,userstudy_sid20_2026-01-09T07-29-01.344Z.txt,178,127,129,25,1,diffusart,colordiffv2,colordiffv2,diffusart,10255
20,userstudy_sid20_2026-01-09T07-29-01.344Z.txt,179,189,186,100,5,colordiffv2,proposed,proposed,colordiffv2,4075
20,userstudy_sid20_2026-01-09T07-29-01.344Z.txt,180,181,170,100,3,painttorch,colordiffv2,colordiffv2,painttorch,2795
20,userstudy_sid20_2026-01-09T07-29-01.344Z.txt,181,73,78,5,0,painttorch,diffusart,diffusart,painttorch,5506
20,userstudy_sid20_2026-01-09T07-29-01.344Z.txt,182,157,163,50,3,painttorch,colordiffv2,colordiffv2,painttorch,2341
20,userstudy_sid20_2026-01-09T07-29-01.344Z.txt,183,190,191,100,5,proposed,colordiffv2,proposed,colordiffv2,7277
20,userstudy_sid20_2026-01-09T07-29-01.344Z.txt,184,25,29,1,0,painttorch,diffusart,painttorch,diffusart,10657
20,userstudy_sid20_2026-01-09T07-29-01.344Z.txt,185,143,122,25,5,colordiffv2,proposed,proposed,colordiffv2,9300
20,userstudy_sid20_2026-01-09T07-29-01.344Z.txt,186,55,57,3,1,diffusart,colordiffv2,diffusart,colordiffv2,4851
20,userstudy_sid20_2026-01-09T07-29-01.344Z.txt,187,131,121,25,2,proposed,diffusart,proposed,diffusart,3021
20,userstudy_sid20_2026-01-09T07-29-01.344Z.txt,188,166,167,50,5,proposed,colordiffv2,proposed,colordiffv2,10445
20,userstudy_sid20_2026-01-09T07-29-01.344Z.txt,189,167,152,50,5,colordiffv2,proposed,proposed,colordiffv2,6021
20,userstudy_sid20_2026-01-09T07-29-01.344Z.txt,190,110,109,10,3,colordiffv2,painttorch,colordiffv2,painttorch,2642
20,userstudy_sid20_2026-01-09T07-29-01.344Z.txt,191,160,164,50,4,painttorch,proposed,proposed,painttorch,3204
21,userstudy_sid21_2026-01-12T06-27-13.997Z.txt,0,120,120,25,0,diffusart,painttorch,diffusart,painttorch,5367
21,userstudy_sid21_2026-01-12T06-27-13.997Z.txt,1,147,166,50,0,painttorch,diffusart,painttorch,diffusart,4171
21,userstudy_sid21_2026-01-12T06-27-13.997Z.txt,2,65,54,3,4,proposed,painttorch,proposed,painttorch,2256
21,userstudy_sid21_2026-01-12T06-27-13.997Z.txt,3,55,57,3,1,diffusart,colordiffv2,diffusart,colordiffv2,5250
21,userstudy_sid21_2026-01-12T06-27-13.997Z.txt,4,45,34,1,5,colordiffv2,proposed,colordiffv2,proposed,2265
21,userstudy_sid21_2026-01-12T06-27-13.997Z.txt,5,57,58,3,2,proposed,diffusart,proposed,diffusart,2497
21,userstudy_sid21_2026-01-12T06-27-13.997Z.txt,6,185,183,100,4,proposed,painttorch,proposed,painttorch,5675
21,userstudy_sid21_2026-01-12T06-27-13.997Z.txt,7,121,127,25,0,painttorch,diffusart,diffusart,painttorch,2132
21,userstudy_sid21_2026-01-12T06-27-13.997Z.txt,8,177,184,100,2,proposed,diffusart,proposed,diffusart,1662
21,userstudy_sid21_2026-01-12T06-27-13.997Z.txt,9,155,160,50,2,proposed,diffusart,proposed,diffusart,5734
21,userstudy_sid21_2026-01-12T06-27-13.997Z.txt,10,52,50,3,1,colordiffv2,diffusart,diffusart,colordiffv2,10481
21,userstudy_sid21_2026-01-12T06-27-13.997Z.txt,11,114,118,10,4,painttorch,proposed,proposed,painttorch,6064
21,userstudy_sid21_2026-01-12T06-27-13.997Z.txt,12,129,130,25,2,proposed,diffusart,proposed,diffusart,3302
21,userstudy_sid21_2026-01-12T06-27-13.997Z.txt,13,71,55,3,5,colordiffv2,proposed,proposed,colordiffv2,12096
21,userstudy_sid21_2026-01-12T06-27-13.997Z.txt,14,11,14,0,2,proposed,diffusart,diffusart,proposed,2348
21,userstudy_sid21_2026-01-12T06-27-13.997Z.txt,15,88,91,5,4,painttorch,proposed,proposed,painttorch,8816
21,userstudy_sid21_2026-01-12T06-27-13.997Z.txt,16,175,188,100,1,diffusart,colordiffv2,colordiffv2,diffusart,6962
21,userstudy_sid21_2026-01-12T06-27-13.997Z.txt,17,26,41,1,0,diffusart,painttorch,diffusart,painttorch,1801
21,userstudy_sid21_2026-01-12T06-27-13.997Z.txt,18,169,173,100,0,painttorch,diffusart,diffusart,painttorch,2039
21,userstudy_sid21_2026-01-12T06-27-13.997Z.txt,19,113,102,10,4,proposed,painttorch,proposed,painttorch,3488
21,userstudy_sid21_2026-01-12T06-27-13.997Z.txt,20,22,4,0,5,proposed,colordiffv2,colordiffv2,proposed,5593
21,userstudy_sid21_2026-01-12T06-27-13.997Z.txt,21,81,74,5,2,proposed,diffusart,proposed,diffusart,3508
21,userstudy_sid21_2026-01-12T06-27-13.997Z.txt,22,98,113,10,0,diffusart,painttorch,diffusart,painttorch,4934
21,userstudy_sid21_2026-01-12T06-27-13.997Z.txt,23,78,90,5,1,colordiffv2,diffusart,colordiffv2,diffusart,3996
21,userstudy_sid21_2026-01-12T06-27-13.997Z.txt,24,74,92,5,0,diffusart,painttorch,painttorch,diffusart,10407
21,userstudy_sid21_2026-01-12T06-27-13.997Z.txt,25,3,6,0,0,painttorch,diffusart,diffusart,painttorch,4886
21,userstudy_sid21_2026-01-12T06-27-13.997Z.txt,26,106,117,10,2,diffusart,proposed,proposed,diffusart,6983
21,userstudy_sid21_2026-01-12T06-27-13.997Z.txt,27,168,185,100,0,diffusart,painttorch,diffusart,painttorch,1783
21,userstudy_sid21_2026-01-12T06-27-13.997Z.txt,28,0,22,0,0,diffusart,painttorch,diffusart,painttorch,2617
21,userstudy_sid21_2026-01-12T06-27-13.997Z.txt,29,67,67,3,4,proposed,painttorch,proposed,painttorch,7212
21,userstudy_sid21_2026-01-12T06-27-13.997Z.txt,30,131,121,25,2,proposed,diffusart,proposed,diffusart,3854
21,userstudy_sid21_2026-01-12T06-27-13.997Z.txt,31,183,176,100,3,painttorch,colordiffv2,colordiffv2,painttorch,2045
21,userstudy_sid21_2026-01-12T06-27-13.997Z.txt,32,123,133,25,0,painttorch,diffusart,diffusart,painttorch,2371
21,userstudy_sid21_2026-01-12T06-27-13.997Z.txt,33,146,159,50,0,diffusart,painttorch,diffusart,painttorch,5965
21,userstudy_sid21_2026-01-12T06-27-13.997Z.txt,34,95,93,5,5,colordiffv2,proposed,colordiffv2,proposed,2941
21,userstudy_sid21_2026-01-12T06-27-13.997Z.txt,35,152,155,50,2,diffusart,proposed,proposed,diffusart,5548
21,userstudy_sid21_2026-01-12T06-27-13.997Z.txt,36,42,43,1,4,painttorch,proposed,proposed,painttorch,6137
21,userstudy_sid21_2026-01-12T06-27-13.997Z.txt,37,178,187,100,2,diffusart,proposed,proposed,diffusart,2347
21,userstudy_sid21_2026-01-12T06-27-13.997Z.txt,38,80,80,5,2,diffusart,proposed,proposed,diffusart,3726
21,userstudy_sid21_2026-01-12T06-27-13.997Z.txt,39,97,96,10,0,painttorch,diffusart,diffusart,painttorch,6839
21,userstudy_sid21_2026-01-12T06-27-13.997Z.txt,40,122,126,25,0,diffusart,painttorch,diffusart,painttorch,3043
21,userstudy_sid21_2026-01-12T06-27-13.997Z.txt,41,191,189,100,5,colordiffv2,proposed,proposed,colordiffv2,3299
21,userstudy_sid21_2026-01-12T06-27-13.997Z.txt,42,171,181,100,0,painttorch,diffusart,painttorch,diffusart,7539
21,userstudy_sid21_2026-01-12T06-27-13.997Z.txt,43,109,108,10,3,painttorch,colordiffv2,colordiffv2,painttorch,5923
21,userstudy_sid21_2026-01-12T06-27-13.997Z.txt,44,64,52,3,4,painttorch,proposed,proposed,painttorch,3649
21,userstudy_sid21_2026-01-12T06-27-13.997Z.txt,45,135,131,25,3,painttorch,colordiffv2,colordiffv2,painttorch,5424
21,userstudy_sid21_2026-01-12T06-27-13.997Z.txt,46,48,60,3,0,diffusart,painttorch,diffusart,painttorch,1829
21,userstudy_sid21_2026-01-12T06-27-13.997Z.txt,47,46,35,1,5,proposed,colordiffv2,colordiffv2,proposed,4833
21,userstudy_sid21_2026-01-12T06-27-13.997Z.txt,48,35,38,1,2,proposed,diffusart,diffusart,proposed,10427
21,userstudy_sid21_2026-01-12T06-27-13.997Z.txt,49,158,158,50,3,colordiffv2,painttorch,colordiffv2,painttorch,1786
21,userstudy_sid21_2026-01-12T06-27-13.997Z.txt,50,13,2,0,3,painttorch,colordiffv2,colordiffv2,painttorch,1523
21,userstudy_sid21_2026-01-12T06-27-13.997Z.txt,51,84,79,5,3,colordiffv2,painttorch,colordiffv2,painttorch,3897
21,userstudy_sid21_2026-01-12T06-27-13.997Z.txt,52,93,95,5,5,colordiffv2,proposed,proposed,colordiffv2,9251
21,userstudy_sid21_2026-01-12T06-27-13.997Z.txt,53,94,73,5,5,proposed,colordiffv2,proposed,colordiffv2,11821
21,userstudy_sid21_2026-01-12T06-27-13.997Z.txt,54,161,153,50,4,proposed,painttorch,proposed,painttorch,2088
21,userstudy_sid21_2026-01-12T06-27-13.997Z.txt,55,75,88,5,0,painttorch,diffusart,diffusart,painttorch,1896
21,userstudy_sid21_2026-01-12T06-27-13.997Z.txt,56,24,37,1,0,diffusart,painttorch,diffusart,painttorch,6943
21,userstudy_sid21_2026-01-12T06-27-13.997Z.txt,57,86,77,5,3,colordiffv2,painttorch,colordiffv2,painttorch,8131
21,userstudy_sid21_2026-01-12T06-27-13.997Z.txt,58,139,134,25,4,proposed,painttorch,proposed,painttorch,2334
21,userstudy_sid21_2026-01-12T06-27-13.997Z.txt,59,58,48,3,2,diffusart,proposed,diffusart,proposed,5414
21,userstudy_sid21_2026-01-12T06-27-13.997Z.txt,60,47,42,1,5,colordiffv2,proposed,proposed,colordiffv2,4339
21,userstudy_sid21_2026-01-12T06-27-13.997Z.txt,61,172,179,100,1,colordiffv2,diffusart,colordiffv2,diffusart,2790
21,userstudy_sid21_2026-01-12T06-27-13.997Z.txt,62,127,129,25,1,diffusart,colordiffv2,colordiffv2,diffusart,6272
21,userstudy_sid21_2026-01-12T06-27-13.997Z.txt,63,119,110,10,5,colordiffv2,proposed,proposed,colordiffv2,3232
21,userstudy_sid21_2026-01-12T06-27-13.997Z.txt,64,99,114,10,0,painttorch,diffusart,diffusart,painttorch,6339
21,userstudy_sid21_2026-01-12T06-27-13.997Z.txt,65,110,109,10,3,colordiffv2,painttorch,colordiffv2,painttorch,1463
21,userstudy_sid21_2026-01-12T06-27-13.997Z.txt,66,140,142,25,5,proposed,colordiffv2,proposed,colordiffv2,4717
21,userstudy_sid21_2026-01-12T06-27-13.997Z.txt,67,76,94,5,1,colordiffv2,diffusart,colordiffv2,diffusart,3032
21,userstudy_sid21_2026-01-12T06-27-13.997Z.txt,68,163,145,50,4,proposed,painttorch,proposed,painttorch,1963
21,userstudy_sid21_2026-01-12T06-27-13.997Z.txt,69,37,26,1,3,painttorch,colordiffv2,colordiffv2,painttorch,8145
21,userstudy_sid21_2026-01-12T06-27-13.997Z.txt,70,87,76,5,3,painttorch,colordiffv2,colordiffv2,painttorch,9681
21,userstudy_sid21_2026-01-12T06-27-13.997Z.txt,71,104,105,10,2,diffusart,proposed,proposed,diffusart,5584
21,userstudy_sid21_2026-01-12T06-27-13.997Z.txt,72,179,180,100,2,proposed,diffusart,proposed,diffusart,3291
21,userstudy_sid21_2026-01-12T06-27-13.997Z.txt,73,126,136,25,1,colordiffv2,diffusart,diffusart,colordiffv2,2483
21,userstudy_sid21_2026-01-12T06-27-13.997Z.txt,74,8,19,0,2,diffusart,proposed,diffusart,proposed,3478
21,userstudy_sid21_2026-01-12T06-27-13.997Z.txt,75,89,75,5,4,proposed,painttorch,painttorch,proposed,4984
21,userstudy_sid21_2026-01-12T06-27-13.997Z.txt,76,34,27,1,2,diffusart,proposed,diffusart,proposed,8197
21,userstudy_sid21_2026-01-12T06-27-13.997Z.txt,77,68,69,3,5,proposed,colordiffv2,colordiffv2,proposed,6020
21,userstudy_sid21_2026-01-12T06-27-13.997Z.txt,78,16,12,0,4,painttorch,proposed,painttorch,proposed,2711
21,userstudy_sid21_2026-01-12T06-27-13.997Z.txt,79,14,16,0,3,colordiffv2,painttorch,colordiffv2,painttorch,2980
21,userstudy_sid21_2026-01-12T06-27-13.997Z.txt,80,173,174,100,1,diffusart,colordiffv2,colordiffv2,diffusart,6722
21,userstudy_sid21_2026-01-12T06-27-13.997Z.txt,81,149,161,50,1,diffusart,colordiffv2,colordiffv2,diffusart,7167
21,userstudy_sid21_2026-01-12T06-27-13.997Z.txt,82,15,18,0,3,painttorch,colordiffv2,colordiffv2,painttorch,1382
21,userstudy_sid21_2026-01-12T06-27-13.997Z.txt,83,39,32,1,3,painttorch,colordiffv2,colordiffv2,painttorch,2693
21,userstudy_sid21_2026-01-12T06-27-13.997Z.txt,84,6,8,0,1,colordiffv2,diffusart,colordiffv2,diffusart,4031
21,userstudy_sid21_2026-01-12T06-27-13.997Z.txt,85,181,170,100,3,painttorch,colordiffv2,colordiffv2,painttorch,8219
21,userstudy_sid21_2026-01-12T06-27-13.997Z.txt,86,20,1,0,5,proposed,colordiffv2,colordiffv2,proposed,1415
21,userstudy_sid21_2026-01-12T06-27-13.997Z.txt,87,103,99,10,1,diffusart,colordiffv2,diffusart,colordiffv2,5753
21,userstudy_sid21_2026-01-12T06-27-13.997Z.txt,88,38,46,1,3,colordiffv2,painttorch,colordiffv2,painttorch,5768
21,userstudy_sid21_2026-01-12T06-27-13.997Z.txt,89,116,98,10,5,proposed,colordiffv2,proposed,colordiffv2,9489
21,userstudy_sid21_2026-01-12T06-27-13.997Z.txt,90,72,89,5,0,diffusart,painttorch,diffusart,painttorch,5377
21,userstudy_sid21_2026-01-12T06-27-13.997Z.txt,91,186,175,100,4,painttorch,proposed,proposed,painttorch,2666
21,userstudy_sid21_2026-01-12T06-27-13.997Z.txt,92,90,87,5,4,painttorch,proposed,proposed,painttorch,1835
21,userstudy_sid21_2026-01-12T06-27-13.997Z.txt,93,17,15,0,4,proposed,painttorch,painttorch,proposed,1933
21,userstudy_sid21_2026-01-12T06-27-13.997Z.txt,94,31,44,1,1,diffusart,colordiffv2,diffusart,colordiffv2,10722
21,userstudy_sid21_2026-01-12T06-27-13.997Z.txt,95,144,162,50,0,diffusart,painttorch,diffusart,painttorch,1969
21,userstudy_sid21_2026-01-12T06-27-13.997Z.txt,96,83,84,5,2,proposed,diffusart,proposed,diffusart,3760
21,userstudy_sid21_2026-01-12T06-27-13.997Z.txt,97,153,157,50,2,proposed,diffusart,proposed,diffusart,4829
21,userstudy_sid21_2026-01-12T06-27-13.997Z.txt,98,108,106,10,3,colordiffv2,painttorch,colordiffv2,painttorch,2441
21,userstudy_sid21_2026-01-12T06-27-13.997Z.txt,99,33,47,1,2,proposed,diffusart,diffusart,proposed,7337
21,userstudy_sid21_2026-01-12T06-27-13.997Z.txt,100,32,28,1,2,diffusart,proposed,proposed,diffusart,12298
21,userstudy_sid21_2026-01-12T06-27-13.997Z.txt,101,117,111,10,5,colordiffv2,proposed,proposed,colordiffv2,9904
21,userstudy_sid21_2026-01-12T06-27-13.997Z.txt,102,49,70,3,0,painttorch,diffusart,diffusart,painttorch,1424
21,userstudy_sid21_2026-01-12T06-27-13.997Z.txt,103,107,116,10,2,proposed,diffusart,proposed,diffusart,8241
21,userstudy_sid21_2026-01-12T06-27-13.997Z.txt,104,30,30,1,1,colordiffv2,diffusart,diffusart,colordiffv2,7095
21,userstudy_sid21_2026-01-12T06-27-13.997Z.txt,105,29,24,1,1,diffusart,colordiffv2,diffusart,colordiffv2,5362
21,userstudy_sid21_2026-01-12T06-27-13.997Z.txt,106,162,146,50,4,painttorch,proposed,proposed,painttorch,3515
21,userstudy_sid21_2026-01-12T06-27-13.997Z.txt,107,112,100,10,4,painttorch,proposed,proposed,painttorch,4348
21,userstudy_sid21_2026-01-12T06-27-13.997Z.txt,108,1,3,0,0,painttorch,diffusart,diffusart,painttorch,2746
21,userstudy_sid21_2026-01-12T06-27-13.997Z.txt,109,28,40,1,1,colordiffv2,diffusart,colordiffv2,diffusart,6034
21,userstudy_sid21_2026-01-12T06-27-13.997Z.txt,110,180,168,100,3,colordiffv2,painttorch,colordiffv2,painttorch,2936
21,userstudy_sid21_2026-01-12T06-27-13.997Z.txt,111,130,137,25,2,diffusart,proposed,diffusart,proposed,9298
21,userstudy_sid21_2026-01-12T06-27-13.997Z.txt,112,145,148,50,0,painttorch,diffusart,diffusart,painttorch,4049
21,userstudy_sid21_2026-01-12T06-27-13.997Z.txt,113,133,123,25,3,painttorch,colordiffv2,colordiffv2,painttorch,1430
21,userstudy_sid21_2026-01-12T06-27-13.997Z.txt,114,170,171,100,0,diffusart,painttorch,diffusart,painttorch,8270
21,userstudy_sid21_2026-01-12T06-27-13.997Z.txt,115,43,31,1,4,proposed,painttorch,proposed,painttorch,5320
21,userstudy_sid21_2026-01-12T06-27-13.997Z.txt,116,150,154,50,1,colordiffv2,diffusart,colordiffv2,diffusart,2939
21,userstudy_sid21_2026-01-12T06-27-13.997Z.txt,117,56,53,3,2,diffusart,proposed,proposed,diffusart,6093
21,userstudy_sid21_2026-01-12T06-27-13.997Z.txt,118,102,101,10,1,colordiffv2,diffusart,diffusart,colordiffv2,7309
21,userstudy_sid21_2026-01-12T06-27-13.997Z.txt,119,176,172,100,2,diffusart,proposed,proposed,diffusart,2078
21,userstudy_sid21_2026-01-12T06-27-13.997Z.txt,120,136,125,25,4,painttorch,proposed,proposed,painttorch,8380
21,userstudy_sid21_2026-01-12T06-27-13.997Z.txt,121,184,178,100,4,painttorch,proposed,proposed,painttorch,3622
21,userstudy_sid21_2026-01-12T06-27-13.997Z.txt,122,160,164,50,4,painttorch,proposed,proposed,painttorch,2560
21,userstudy_sid21_2026-01-12T06-27-13.997Z.txt,123,115,107,10,4,proposed,painttorch,proposed,painttorch,2115
21,userstudy_sid21_2026-01-12T06-27-13.997Z.txt,124,5,0,0,1,diffusart,colordiffv2,colordiffv2,diffusart,5327
21,userstudy_sid21_2026-01-12T06-27-13.997Z.txt,125,148,165,50,1,colordiffv2,diffusart,colordiffv2,diffusart,7196
21,userstudy_sid21_2026-01-12T06-27-13.997Z.txt,126,19,10,0,4,proposed,painttorch,proposed,painttorch,5196
21,userstudy_sid21_2026-01-12T06-27-13.997Z.txt,127,2,20,0,0,diffusart,painttorch,diffusart,painttorch,1845
21,userstudy_sid21_2026-01-12T06-27-13.997Z.txt,128,25,29,1,0,painttorch,diffusart,painttorch,diffusart,3743
21,userstudy_sid21_2026-01-12T06-27-13.997Z.txt,129,36,36,1,3,colordiffv2,painttorch,colordiffv2,painttorch,2396
21,userstudy_sid21_2026-01-12T06-27-13.997Z.txt,130,138,141,25,4,painttorch,proposed,proposed,painttorch,6127
21,userstudy_sid21_2026-01-12T06-27-13.997Z.txt,131,27,33,1,0,painttorch,diffusart,diffusart,painttorch,3603
21,userstudy_sid21_2026-01-12T06-27-13.997Z.txt,132,63,64,3,3,painttorch,colordiffv2,colordiffv2,painttorch,6595
21,userstudy_sid21_2026-01-12T06-27-13.997Z.txt,133,92,85,5,5,proposed,colordiffv2,proposed,colordiffv2,10719
21,userstudy_sid21_2026-01-12T06-27-13.997Z.txt,134,73,78,5,0,painttorch,diffusart,diffusart,painttorch,3551
21,userstudy_sid21_2026-01-12T06-27-13.997Z.txt,135,40,45,1,4,painttorch,proposed,proposed,painttorch,4028
21,userstudy_sid21_2026-01-12T06-27-13.997Z.txt,136,59,68,3,2,proposed,diffusart,proposed,diffusart,2851
21,userstudy_sid21_2026-01-12T06-27-13.997Z.txt,137,100,104,10,1,colordiffv2,diffusart,colordiffv2,diffusart,6859
21,userstudy_sid21_2026-01-12T06-27-13.997Z.txt,138,21,11,0,5,colordiffv2,proposed,colordiffv2,proposed,1335
21,userstudy_sid21_2026-01-12T06-27-13.997Z.txt,139,154,147,50,2,diffusart,proposed,proposed,diffusart,17241
21,userstudy_sid21_2026-01-12T06-27-13.997Z.txt,140,182,177,100,3,colordiffv2,painttorch,colordiffv2,painttorch,4033
21,userstudy_sid21_2026-01-12T06-27-13.997Z.txt,141,128,139,25,2,diffusart,proposed,proposed,diffusart,10228
21,userstudy_sid21_2026-01-12T06-27-13.997Z.txt,142,167,152,50,5,colordiffv2,proposed,colordiffv2,proposed,2713
21,userstudy_sid21_2026-01-12T06-27-13.997Z.txt,143,141,132,25,5,colordiffv2,proposed,colordiffv2,proposed,3946
21,userstudy_sid21_2026-01-12T06-27-13.997Z.txt,144,187,169,100,4,proposed,painttorch,proposed,painttorch,11228
21,userstudy_sid21_2026-01-12T06-27-13.997Z.txt,145,159,156,50,3,painttorch,colordiffv2,painttorch,colordiffv2,3124
21,userstudy_sid21_2026-01-12T06-27-13.997Z.txt,146,7,21,0,1,diffusart,colordiffv2,colordiffv2,diffusart,2348
21,userstudy_sid21_2026-01-12T06-27-13.997Z.txt,147,69,62,3,5,colordiffv2,proposed,colordiffv2,proposed,9293
21,userstudy_sid21_2026-01-12T06-27-13.997Z.txt,148,82,82,5,2,diffusart,proposed,diffusart,proposed,4847
21,userstudy_sid21_2026-01-12T06-27-13.997Z.txt,149,151,144,50,1,diffusart,colordiffv2,diffusart,colordiffv2,7475
21,userstudy_sid21_2026-01-12T06-27-13.997Z.txt,150,118,115,10,5,proposed,colordiffv2,proposed,colordiffv2,5256
21,userstudy_sid21_2026-01-12T06-27-13.997Z.txt,151,44,39,1,5,proposed,colordiffv2,colordiffv2,proposed,2835
21,userstudy_sid21_2026-01-12T06-27-13.997Z.txt,152,9,5,0,2,proposed,diffusart,diffusart,proposed,3270
21,userstudy_sid21_2026-01-12T06-27-13.997Z.txt,153,134,140,25,3,colordiffv2,painttorch,colordiffv2,painttorch,2455
21,userstudy_sid21_2026-01-12T06-27-13.997Z.txt,154,53,66,3,1,diffusart,colordiffv2,diffusart,colordiffv2,9349
21,userstudy_sid21_2026-01-12T06-27-13.997Z.txt,155,10,13,0,2,diffusart,proposed,diffusart,proposed,1961
21,userstudy_sid21_2026-01-12T06-27-13.997Z.txt,156,156,151,50,3,colordiffv2,painttorch,colordiffv2,painttorch,5876
21,userstudy_sid21_2026-01-12T06-27-13.997Z.txt,157,188,182,100,5,proposed,colordiffv2,proposed,colordiffv2,11528
21,userstudy_sid21_2026-01-12T06-27-13.997Z.txt,158,165,149,50,5,colordiffv2,proposed,proposed,colordiffv2,9462
21,userstudy_sid21_2026-01-12T06-27-13.997Z.txt,159,50,65,3,0,diffusart,painttorch,diffusart,painttorch,2189
21,userstudy_sid21_2026-01-12T06-27-13.997Z.txt,160,96,119,10,0,diffusart,painttorch,diffusart,painttorch,2236
21,userstudy_sid21_2026-01-12T06-27-13.997Z.txt,161,4,17,0,1,colordiffv2,diffusart,colordiffv2,diffusart,1377
21,userstudy_sid21_2026-01-12T06-27-13.997Z.txt,162,70,59,3,5,proposed,colordiffv2,proposed,colordiffv2,1731
21,userstudy_sid21_2026-01-12T06-27-13.997Z.txt,163,18,9,0,4,painttorch,proposed,proposed,painttorch,6849
21,userstudy_sid21_2026-01-12T06-27-13.997Z.txt,164,124,138,25,1,colordiffv2,diffusart,colordiffv2,diffusart,7941
21,userstudy_sid21_2026-01-12T06-27-13.997Z.txt,165,132,143,25,3,colordiffv2,painttorch,colordiffv2,painttorch,5560
21,userstudy_sid21_2026-01-12T06-27-13.997Z.txt,166,125,124,25,1,diffusart,colordiffv2,diffusart,colordiffv2,2624
21,userstudy_sid21_2026-01-12T06-27-13.997Z.txt,167,137,135,25,4,proposed,painttorch,proposed,painttorch,2036
21,userstudy_sid21_2026-01-12T06-27-13.997Z.txt,168,157,163,50,3,painttorch,colordiffv2,painttorch,colordiffv2,4900
21,userstudy_sid21_2026-01-12T06-27-13.997Z.txt,169,85,83,5,3,painttorch,colordiffv2,colordiffv2,painttorch,11654
21,userstudy_sid21_2026-01-12T06-27-13.997Z.txt,170,12,23,0,3,colordiffv2,painttorch,colordiffv2,painttorch,1056
21,userstudy_sid21_2026-01-12T06-27-13.997Z.txt,171,189,186,100,5,colordiffv2,proposed,colordiffv2,proposed,8047
21,userstudy_sid21_2026-01-12T06-27-13.997Z.txt,172,174,190,100,1,colordiffv2,diffusart,colordiffv2,diffusart,1727
21,userstudy_sid21_2026-01-12T06-27-13.997Z.txt,173,77,72,5,1,diffusart,colordiffv2,diffusart,colordiffv2,2210
21,userstudy_sid21_2026-01-12T06-27-13.997Z.txt,174,51,61,3,0,painttorch,diffusart,diffusart,painttorch,3906
21,userstudy_sid21_2026-01-12T06-27-13.997Z.txt,175,66,49,3,4,painttorch,proposed,proposed,painttorch,2471
21,userstudy_sid21_2026-01-12T06-27-13.997Z.txt,176,166,167,50,5,proposed,colordiffv2,proposed,colordiffv2,3166
21,userstudy_sid21_2026-01-12T06-27-13.997Z.txt,177,190,191,100,5,proposed,colordiffv2,proposed,colordiffv2,5033
21,userstudy_sid21_2026-01-12T06-27-13.997Z.txt,178,60,71,3,3,colordiffv2,painttorch,colordiffv2,painttorch,8617
21,userstudy_sid21_2026-01-12T06-27-13.997Z.txt,179,142,128,25,5,proposed,colordiffv2,proposed,colordiffv2,5166
21,userstudy_sid21_2026-01-12T06-27-13.997Z.txt,180,62,56,3,3,colordiffv2,painttorch,colordiffv2,painttorch,3505
21,userstudy_sid21_2026-01-12T06-27-13.997Z.txt,181,79,81,5,1,diffusart,colordiffv2,diffusart,colordiffv2,6725
21,userstudy_sid21_2026-01-12T06-27-13.997Z.txt,182,105,112,10,2,proposed,diffusart,proposed,diffusart,2253
21,userstudy_sid21_2026-01-12T06-27-13.997Z.txt,183,54,63,3,1,colordiffv2,diffusart,diffusart,colordiffv2,16275
21,userstudy_sid21_2026-01-12T06-27-13.997Z.txt,184,23,7,0,5,colordiffv2,proposed,colordiffv2,proposed,1122
21,userstudy_sid21_2026-01-12T06-27-13.997Z.txt,185,41,25,1,4,proposed,painttorch,proposed,painttorch,3109
21,userstudy_sid21_2026-01-12T06-27-13.997Z.txt,186,91,86,5,4,proposed,painttorch,proposed,painttorch,4789
21,userstudy_sid21_2026-01-12T06-27-13.997Z.txt,187,101,103,10,1,diffusart,colordiffv2,colordiffv2,diffusart,7463
21,userstudy_sid21_2026-01-12T06-27-13.997Z.txt,188,143,122,25,5,colordiffv2,proposed,proposed,colordiffv2,9762
21,userstudy_sid21_2026-01-12T06-27-13.997Z.txt,189,164,150,50,5,proposed,colordiffv2,proposed,colordiffv2,2527
21,userstudy_sid21_2026-01-12T06-27-13.997Z.txt,190,61,51,3,3,painttorch,colordiffv2,painttorch,colordiffv2,5333
21,userstudy_sid21_2026-01-12T06-27-13.997Z.txt,191,111,97,10,3,painttorch,colordiffv2,colordiffv2,painttorch,3481
22,userstudy_sid22_2026-01-13T04-20-23.158Z.txt,0,190,191,100,5,proposed,colordiffv2,proposed,colordiffv2,6894
22,userstudy_sid22_2026-01-13T04-20-23.158Z.txt,1,109,108,10,3,painttorch,colordiffv2,painttorch,colordiffv2,7306
22,userstudy_sid22_2026-01-13T04-20-23.158Z.txt,2,162,146,50,4,painttorch,proposed,proposed,painttorch,5160
22,userstudy_sid22_2026-01-13T04-20-23.158Z.txt,3,60,71,3,3,colordiffv2,painttorch,colordiffv2,painttorch,3508
22,userstudy_sid22_2026-01-13T04-20-23.158Z.txt,4,24,37,1,0,diffusart,painttorch,diffusart,painttorch,5564
22,userstudy_sid22_2026-01-13T04-20-23.158Z.txt,5,182,177,100,3,colordiffv2,painttorch,colordiffv2,painttorch,3293
22,userstudy_sid22_2026-01-13T04-20-23.158Z.txt,6,26,41,1,0,diffusart,painttorch,diffusart,painttorch,4035
22,userstudy_sid22_2026-01-13T04-20-23.158Z.txt,7,87,76,5,3,painttorch,colordiffv2,colordiffv2,painttorch,4785
22,userstudy_sid22_2026-01-13T04-20-23.158Z.txt,8,42,43,1,4,painttorch,proposed,proposed,painttorch,7401
22,userstudy_sid22_2026-01-13T04-20-23.158Z.txt,9,43,31,1,4,proposed,painttorch,proposed,painttorch,5437
22,userstudy_sid22_2026-01-13T04-20-23.158Z.txt,10,104,105,10,2,diffusart,proposed,proposed,diffusart,5267
22,userstudy_sid22_2026-01-13T04-20-23.158Z.txt,11,159,156,50,3,painttorch,colordiffv2,colordiffv2,painttorch,4253
22,userstudy_sid22_2026-01-13T04-20-23.158Z.txt,12,94,73,5,5,proposed,colordiffv2,proposed,colordiffv2,7795
22,userstudy_sid22_2026-01-13T04-20-23.158Z.txt,13,166,167,50,5,proposed,colordiffv2,proposed,colordiffv2,3816
22,userstudy_sid22_2026-01-13T04-20-23.158Z.txt,14,171,181,100,0,painttorch,diffusart,diffusart,painttorch,6028
22,userstudy_sid22_2026-01-13T04-20-23.158Z.txt,15,54,63,3,1,colordiffv2,diffusart,colordiffv2,diffusart,9072
22,userstudy_sid22_2026-01-13T04-20-23.158Z.txt,16,99,114,10,0,painttorch,diffusart,painttorch,diffusart,3477
22,userstudy_sid22_2026-01-13T04-20-23.158Z.txt,17,90,87,5,4,painttorch,proposed,proposed,painttorch,2157
22,userstudy_sid22_2026-01-13T04-20-23.158Z.txt,18,68,69,3,5,proposed,colordiffv2,proposed,colordiffv2,7634
22,userstudy_sid22_2026-01-13T04-20-23.158Z.txt,19,49,70,3,0,painttorch,diffusart,diffusart,painttorch,3232
22,userstudy_sid22_2026-01-13T04-20-23.158Z.txt,20,6,8,0,1,colordiffv2,diffusart,colordiffv2,diffusart,3088
22,userstudy_sid22_2026-01-13T04-20-23.158Z.txt,21,7,21,0,1,diffusart,colordiffv2,colordiffv2,diffusart,4935
22,userstudy_sid22_2026-01-13T04-20-23.158Z.txt,22,1,3,0,0,painttorch,diffusart,painttorch,diffusart,4788
22,userstudy_sid22_2026-01-13T04-20-23.158Z.txt,23,22,4,0,5,proposed,colordiffv2,colordiffv2,proposed,2032
22,userstudy_sid22_2026-01-13T04-20-23.158Z.txt,24,27,33,1,0,painttorch,diffusart,diffusart,painttorch,6938
22,userstudy_sid22_2026-01-13T04-20-23.158Z.txt,25,5,0,0,1,diffusart,colordiffv2,colordiffv2,diffusart,1645
22,userstudy_sid22_2026-01-13T04-20-23.158Z.txt,26,108,106,10,3,colordiffv2,painttorch,colordiffv2,painttorch,2665
22,userstudy_sid22_2026-01-13T04-20-23.158Z.txt,27,40,45,1,4,painttorch,proposed,proposed,painttorch,4426
22,userstudy_sid22_2026-01-13T04-20-23.158Z.txt,28,16,12,0,4,painttorch,proposed,painttorch,proposed,10406
22,userstudy_sid22_2026-01-13T04-20-23.158Z.txt,29,168,185,100,0,diffusart,painttorch,diffusart,painttorch,3842
22,userstudy_sid22_2026-01-13T04-20-23.158Z.txt,30,135,131,25,3,painttorch,colordiffv2,colordiffv2,painttorch,3411
22,userstudy_sid22_2026-01-13T04-20-23.158Z.txt,31,142,128,25,5,proposed,colordiffv2,proposed,colordiffv2,5638
22,userstudy_sid22_2026-01-13T04-20-23.158Z.txt,32,172,179,100,1,colordiffv2,diffusart,colordiffv2,diffusart,3253
22,userstudy_sid22_2026-01-13T04-20-23.158Z.txt,33,177,184,100,2,proposed,diffusart,proposed,diffusart,2144
22,userstudy_sid22_2026-01-13T04-20-23.158Z.txt,34,165,149,50,5,colordiffv2,proposed,proposed,colordiffv2,3599
22,userstudy_sid22_2026-01-13T04-20-23.158Z.txt,35,151,144,50,1,diffusart,colordiffv2,colordiffv2,diffusart,2745
22,userstudy_sid22_2026-01-13T04-20-23.158Z.txt,36,63,64,3,3,painttorch,colordiffv2,colordiffv2,painttorch,7323
22,userstudy_sid22_2026-01-13T04-20-23.158Z.txt,37,163,145,50,4,proposed,painttorch,proposed,painttorch,3001
22,userstudy_sid22_2026-01-13T04-20-23.158Z.txt,38,25,29,1,0,painttorch,diffusart,painttorch,diffusart,10856
22,userstudy_sid22_2026-01-13T04-20-23.158Z.txt,39,21,11,0,5,colordiffv2,proposed,colordiffv2,proposed,1399
22,userstudy_sid22_2026-01-13T04-20-23.158Z.txt,40,122,126,25,0,diffusart,painttorch,diffusart,painttorch,1776
22,userstudy_sid22_2026-01-13T04-20-23.158Z.txt,41,52,50,3,1,colordiffv2,diffusart,diffusart,colordiffv2,10508
22,userstudy_sid22_2026-01-13T04-20-23.158Z.txt,42,100,104,10,1,colordiffv2,diffusart,diffusart,colordiffv2,2731
22,userstudy_sid22_2026-01-13T04-20-23.158Z.txt,43,34,27,1,2,diffusart,proposed,proposed,diffusart,3618
22,userstudy_sid22_2026-01-13T04-20-23.158Z.txt,44,8,19,0,2,diffusart,proposed,proposed,diffusart,8728
22,userstudy_sid22_2026-01-13T04-20-23.158Z.txt,45,41,25,1,4,proposed,painttorch,proposed,painttorch,4304
22,userstudy_sid22_2026-01-13T04-20-23.158Z.txt,46,3,6,0,0,painttorch,diffusart,painttorch,diffusart,5362
22,userstudy_sid22_2026-01-13T04-20-23.158Z.txt,47,57,58,3,2,proposed,diffusart,proposed,diffusart,8477
22,userstudy_sid22_2026-01-13T04-20-23.158Z.txt,48,111,97,10,3,painttorch,colordiffv2,colordiffv2,painttorch,2327
22,userstudy_sid22_2026-01-13T04-20-23.158Z.txt,49,36,36,1,3,colordiffv2,painttorch,colordiffv2,painttorch,4394
22,userstudy_sid22_2026-01-13T04-20-23.158Z.txt,50,44,39,1,5,proposed,colordiffv2,colordiffv2,proposed,6406
22,userstudy_sid22_2026-01-13T04-20-23.158Z.txt,51,150,154,50,1,colordiffv2,diffusart,colordiffv2,diffusart,2149
22,userstudy_sid22_2026-01-13T04-20-23.158Z.txt,52,73,78,5,0,painttorch,diffusart,diffusart,painttorch,2260
22,userstudy_sid22_2026-01-13T04-20-23.158Z.txt,53,143,122,25,5,colordiffv2,proposed,colordiffv2,proposed,3144
22,userstudy_sid22_2026-01-13T04-20-23.158Z.txt,54,28,40,1,1,colordiffv2,diffusart,colordiffv2,diffusart,1988
22,userstudy_sid22_2026-01-13T04-20-23.158Z.txt,55,178,187,100,2,diffusart,proposed,proposed,diffusart,2948
22,userstudy_sid22_2026-01-13T04-20-23.158Z.txt,56,187,169,100,4,proposed,painttorch,proposed,painttorch,2833
22,userstudy_sid22_2026-01-13T04-20-23.158Z.txt,57,183,176,100,3,painttorch,colordiffv2,colordiffv2,painttorch,2101
22,userstudy_sid22_2026-01-13T04-20-23.158Z.txt,58,17,15,0,4,proposed,painttorch,painttorch,proposed,1867
22,userstudy_sid22_2026-01-13T04-20-23.158Z.txt,59,39,32,1,3,painttorch,colordiffv2,painttorch,colordiffv2,6039
22,userstudy_sid22_2026-01-13T04-20-23.158Z.txt,60,149,161,50,1,diffusart,colordiffv2,diffusart,colordiffv2,6461
22,userstudy_sid22_2026-01-13T04-20-23.158Z.txt,61,117,111,10,5,colordiffv2,proposed,colordiffv2,proposed,10337
22,userstudy_sid22_2026-01-13T04-20-23.158Z.txt,62,137,135,25,4,proposed,painttorch,proposed,painttorch,1649
22,userstudy_sid22_2026-01-13T04-20-23.158Z.txt,63,10,13,0,2,diffusart,proposed,diffusart,proposed,1736
22,userstudy_sid22_2026-01-13T04-20-23.158Z.txt,64,23,7,0,5,colordiffv2,proposed,colordiffv2,proposed,1382
22,userstudy_sid22_2026-01-13T04-20-23.158Z.txt,65,124,138,25,1,colordiffv2,diffusart,colordiffv2,diffusart,4375
22,userstudy_sid22_2026-01-13T04-20-23.158Z.txt,66,46,35,1,5,proposed,colordiffv2,proposed,colordiffv2,2920
22,userstudy_sid22_2026-01-13T04-20-23.158Z.txt,67,71,55,3,5,colordiffv2,proposed,proposed,colordiffv2,5603
22,userstudy_sid22_2026-01-13T04-20-23.158Z.txt,68,13,2,0,3,painttorch,colordiffv2,colordiffv2,painttorch,1275
22,userstudy_sid22_2026-01-13T04-20-23.158Z.txt,69,103,99,10,1,diffusart,colordiffv2,diffusart,colordiffv2,2766
22,userstudy_sid22_2026-01-13T04-20-23.158Z.txt,70,15,18,0,3,painttorch,colordiffv2,colordiffv2,painttorch,1635
22,userstudy_sid22_2026-01-13T04-20-23.158Z.txt,71,126,136,25,1,colordiffv2,diffusart,colordiffv2,diffusart,2440
22,userstudy_sid22_2026-01-13T04-20-23.158Z.txt,72,127,129,25,1,diffusart,colordiffv2,colordiffv2,diffusart,2987
22,userstudy_sid22_2026-01-13T04-20-23.158Z.txt,73,78,90,5,1,colordiffv2,diffusart,diffusart,colordiffv2,4878
22,userstudy_sid22_2026-01-13T04-20-23.158Z.txt,74,61,51,3,3,painttorch,colordiffv2,colordiffv2,painttorch,3715
22,userstudy_sid22_2026-01-13T04-20-23.158Z.txt,75,129,130,25,2,proposed,diffusart,proposed,diffusart,4652
22,userstudy_sid22_2026-01-13T04-20-23.158Z.txt,76,125,124,25,1,diffusart,colordiffv2,diffusart,colordiffv2,7014
22,userstudy_sid22_2026-01-13T04-20-23.158Z.txt,77,169,173,100,0,painttorch,diffusart,diffusart,painttorch,2056
22,userstudy_sid22_2026-01-13T04-20-23.158Z.txt,78,38,46,1,3,colordiffv2,painttorch,painttorch,colordiffv2,3495
22,userstudy_sid22_2026-01-13T04-20-23.158Z.txt,79,189,186,100,5,colordiffv2,proposed,proposed,colordiffv2,2378
22,userstudy_sid22_2026-01-13T04-20-23.158Z.txt,80,133,123,25,3,painttorch,colordiffv2,colordiffv2,painttorch,3700
22,userstudy_sid22_2026-01-13T04-20-23.158Z.txt,81,170,171,100,0,diffusart,painttorch,diffusart,painttorch,5406
22,userstudy_sid22_2026-01-13T04-20-23.158Z.txt,82,154,147,50,2,diffusart,proposed,diffusart,proposed,7556
22,userstudy_sid22_2026-01-13T04-20-23.158Z.txt,83,105,112,10,2,proposed,diffusart,proposed,diffusart,5744
22,userstudy_sid22_2026-01-13T04-20-23.158Z.txt,84,80,80,5,2,diffusart,proposed,proposed,diffusart,7225
22,userstudy_sid22_2026-01-13T04-20-23.158Z.txt,85,84,79,5,3,colordiffv2,painttorch,colordiffv2,painttorch,3876
22,userstudy_sid22_2026-01-13T04-20-23.158Z.txt,86,179,180,100,2,proposed,diffusart,proposed,diffusart,1602
22,userstudy_sid22_2026-01-13T04-20-23.158Z.txt,87,83,84,5,2,proposed,diffusart,proposed,diffusart,3707
22,userstudy_sid22_2026-01-13T04-20-23.158Z.txt,88,18,9,0,4,painttorch,proposed,painttorch,proposed,5425
22,userstudy_sid22_2026-01-13T04-20-23.158Z.txt,89,62,56,3,3,colordiffv2,painttorch,colordiffv2,painttorch,9597
22,userstudy_sid22_2026-01-13T04-20-23.158Z.txt,90,155,160,50,2,proposed,diffusart,proposed,diffusart,2790
22,userstudy_sid22_2026-01-13T04-20-23.158Z.txt,91,9,5,0,2,proposed,diffusart,diffusart,proposed,2954
22,userstudy_sid22_2026-01-13T04-20-23.158Z.txt,92,32,28,1,2,diffusart,proposed,proposed,diffusart,7663
22,userstudy_sid22_2026-01-13T04-20-23.158Z.txt,93,72,89,5,0,diffusart,painttorch,painttorch,diffusart,4796
22,userstudy_sid22_2026-01-13T04-20-23.158Z.txt,94,88,91,5,4,painttorch,proposed,proposed,painttorch,2010
22,userstudy_sid22_2026-01-13T04-20-23.158Z.txt,95,102,101,10,1,colordiffv2,diffusart,colordiffv2,diffusart,5610
22,userstudy_sid22_2026-01-13T04-20-23.158Z.txt,96,131,121,25,2,proposed,diffusart,proposed,diffusart,5764
22,userstudy_sid22_2026-01-13T04-20-23.158Z.txt,97,14,16,0,3,colordiffv2,painttorch,colordiffv2,painttorch,1691
22,userstudy_sid22_2026-01-13T04-20-23.158Z.txt,98,175,188,100,1,diffusart,colordiffv2,colordiffv2,diffusart,3295
22,userstudy_sid22_2026-01-13T04-20-23.158Z.txt,99,31,44,1,1,diffusart,colordiffv2,colordiffv2,diffusart,4952
22,userstudy_sid22_2026-01-13T04-20-23.158Z.txt,100,79,81,5,1,diffusart,colordiffv2,diffusart,colordiffv2,2258
22,userstudy_sid22_2026-01-13T04-20-23.158Z.txt,101,158,158,50,3,colordiffv2,painttorch,colordiffv2,painttorch,4163
22,userstudy_sid22_2026-01-13T04-20-23.158Z.txt,102,176,172,100,2,diffusart,proposed,proposed,diffusart,3870
22,userstudy_sid22_2026-01-13T04-20-23.158Z.txt,103,29,24,1,1,diffusart,colordiffv2,diffusart,colordiffv2,8121
22,userstudy_sid22_2026-01-13T04-20-23.158Z.txt,104,2,20,0,0,diffusart,painttorch,painttorch,diffusart,12558
22,userstudy_sid22_2026-01-13T04-20-23.158Z.txt,105,67,67,3,4,proposed,painttorch,proposed,painttorch,2497
22,userstudy_sid22_2026-01-13T04-20-23.158Z.txt,106,128,139,25,2,diffusart,proposed,proposed,diffusart,7448
22,userstudy_sid22_2026-01-13T04-20-23.158Z.txt,107,35,38,1,2,proposed,diffusart,proposed,diffusart,2946
22,userstudy_sid22_2026-01-13T04-20-23.158Z.txt,108,153,157,50,2,proposed,diffusart,proposed,diffusart,3862
22,userstudy_sid22_2026-01-13T04-20-23.158Z.txt,109,191,189,100,5,colordiffv2,proposed,proposed,colordiffv2,5094
22,userstudy_sid22_2026-01-13T04-20-23.158Z.txt,110,56,53,3,2,diffusart,proposed,proposed,diffusart,7636
22,userstudy_sid22_2026-01-13T04-20-23.158Z.txt,111,130,137,25,2,diffusart,proposed,proposed,diffusart,4194
22,userstudy_sid22_2026-01-13T04-20-23.158Z.txt,112,98,113,10,0,diffusart,painttorch,diffusart,painttorch,3812
22,userstudy_sid22_2026-01-13T04-20-23.158Z.txt,113,45,34,1,5,colordiffv2,proposed,colordiffv2,proposed,3817
22,userstudy_sid22_2026-01-13T04-20-23.158Z.txt,114,0,22,0,0,diffusart,painttorch,painttorch,diffusart,6986
22,userstudy_sid22_2026-01-13T04-20-23.158Z.txt,115,148,165,50,1,colordiffv2,diffusart,colordiffv2,diffusart,3857
22,userstudy_sid22_2026-01-13T04-20-23.158Z.txt,116,140,142,25,5,proposed,colordiffv2,proposed,colordiffv2,5296
22,userstudy_sid22_2026-01-13T04-20-23.158Z.txt,117,180,168,100,3,colordiffv2,painttorch,colordiffv2,painttorch,6688
22,userstudy_sid22_2026-01-13T04-20-23.158Z.txt,118,4,17,0,1,colordiffv2,diffusart,colordiffv2,diffusart,1810
22,userstudy_sid22_2026-01-13T04-20-23.158Z.txt,119,174,190,100,1,colordiffv2,diffusart,colordiffv2,diffusart,3941
22,userstudy_sid22_2026-01-13T04-20-23.158Z.txt,120,64,52,3,4,painttorch,proposed,proposed,painttorch,3256
22,userstudy_sid22_2026-01-13T04-20-23.158Z.txt,121,157,163,50,3,painttorch,colordiffv2,colordiffv2,painttorch,5893
22,userstudy_sid22_2026-01-13T04-20-23.158Z.txt,122,164,150,50,5,proposed,colordiffv2,proposed,colordiffv2,5362
22,userstudy_sid22_2026-01-13T04-20-23.158Z.txt,123,58,48,3,2,diffusart,proposed,proposed,diffusart,8103
22,userstudy_sid22_2026-01-13T04-20-23.158Z.txt,124,146,159,50,0,diffusart,painttorch,painttorch,diffusart,2031
22,userstudy_sid22_2026-01-13T04-20-23.158Z.txt,125,112,100,10,4,painttorch,proposed,proposed,painttorch,7022
22,userstudy_sid22_2026-01-13T04-20-23.158Z.txt,126,30,30,1,1,colordiffv2,diffusart,diffusart,colordiffv2,2176
22,userstudy_sid22_2026-01-13T04-20-23.158Z.txt,127,77,72,5,1,diffusart,colordiffv2,colordiffv2,diffusart,5407
22,userstudy_sid22_2026-01-13T04-20-23.158Z.txt,128,121,127,25,0,painttorch,diffusart,diffusart,painttorch,1711
22,userstudy_sid22_2026-01-13T04-20-23.158Z.txt,129,181,170,100,3,painttorch,colordiffv2,colordiffv2,painttorch,2729
22,userstudy_sid22_2026-01-13T04-20-23.158Z.txt,130,86,77,5,3,colordiffv2,painttorch,colordiffv2,painttorch,4828
22,userstudy_sid22_2026-01-13T04-20-23.158Z.txt,131,173,174,100,1,diffusart,colordiffv2,colordiffv2,diffusart,11189
22,userstudy_sid22_2026-01-13T04-20-23.158Z.txt,132,74,92,5,0,diffusart,painttorch,diffusart,painttorch,2604
22,userstudy_sid22_2026-01-13T04-20-23.158Z.txt,133,47,42,1,5,colordiffv2,proposed,proposed,colordiffv2,2522
22,userstudy_sid22_2026-01-13T04-20-23.158Z.txt,134,141,132,25,5,colordiffv2,proposed,colordiffv2,proposed,10863
22,userstudy_sid22_2026-01-13T04-20-23.158Z.txt,135,48,60,3,0,diffusart,painttorch,diffusart,painttorch,3474
22,userstudy_sid22_2026-01-13T04-20-23.158Z.txt,136,97,96,10,0,painttorch,diffusart,diffusart,painttorch,5317
22,userstudy_sid22_2026-01-13T04-20-23.158Z.txt,137,123,133,25,0,painttorch,diffusart,diffusart,painttorch,2420
22,userstudy_sid22_2026-01-13T04-20-23.158Z.txt,138,85,83,5,3,painttorch,colordiffv2,colordiffv2,painttorch,8569
22,userstudy_sid22_2026-01-13T04-20-23.158Z.txt,139,119,110,10,5,colordiffv2,proposed,proposed,colordiffv2,8049
22,userstudy_sid22_2026-01-13T04-20-23.158Z.txt,140,92,85,5,5,proposed,colordiffv2,proposed,colordiffv2,5300
22,userstudy_sid22_2026-01-13T04-20-23.158Z.txt,141,115,107,10,4,proposed,painttorch,proposed,painttorch,2195
22,userstudy_sid22_2026-01-13T04-20-23.158Z.txt,142,152,155,50,2,diffusart,proposed,proposed,diffusart,8331
22,userstudy_sid22_2026-01-13T04-20-23.158Z.txt,143,70,59,3,5,proposed,colordiffv2,proposed,colordiffv2,2393
22,userstudy_sid22_2026-01-13T04-20-23.158Z.txt,144,82,82,5,2,diffusart,proposed,proposed,diffusart,7445
22,userstudy_sid22_2026-01-13T04-20-23.158Z.txt,145,37,26,1,3,painttorch,colordiffv2,painttorch,colordiffv2,6661
22,userstudy_sid22_2026-01-13T04-20-23.158Z.txt,146,138,141,25,4,painttorch,proposed,proposed,painttorch,2149
22,userstudy_sid22_2026-01-13T04-20-23.158Z.txt,147,101,103,10,1,diffusart,colordiffv2,colordiffv2,diffusart,6807
22,userstudy_sid22_2026-01-13T04-20-23.158Z.txt,148,65,54,3,4,proposed,painttorch,proposed,painttorch,3360
22,userstudy_sid22_2026-01-13T04-20-23.158Z.txt,149,69,62,3,5,colordiffv2,proposed,proposed,colordiffv2,5299
22,userstudy_sid22_2026-01-13T04-20-23.158Z.txt,150,96,119,10,0,diffusart,painttorch,diffusart,painttorch,3020
22,userstudy_sid22_2026-01-13T04-20-23.158Z.txt,151,188,182,100,5,proposed,colordiffv2,proposed,colordiffv2,1764
22,userstudy_sid22_2026-01-13T04-20-23.158Z.txt,152,120,120,25,0,diffusart,painttorch,diffusart,painttorch,2367
22,userstudy_sid22_2026-01-13T04-20-23.158Z.txt,153,20,1,0,5,proposed,colordiffv2,colordiffv2,proposed,2084
22,userstudy_sid22_2026-01-13T04-20-23.158Z.txt,154,161,153,50,4,proposed,painttorch,proposed,painttorch,1820
22,userstudy_sid22_2026-01-13T04-20-23.158Z.txt,155,59,68,3,2,proposed,diffusart,diffusart,proposed,7275
22,userstudy_sid22_2026-01-13T04-20-23.158Z.txt,156,95,93,5,5,colordiffv2,proposed,colordiffv2,proposed,7076
22,userstudy_sid22_2026-01-13T04-20-23.158Z.txt,157,81,74,5,2,proposed,diffusart,proposed,diffusart,2181
22,userstudy_sid22_2026-01-13T04-20-23.158Z.txt,158,55,57,3,1,diffusart,colordiffv2,diffusart,colordiffv2,7492
22,userstudy_sid22_2026-01-13T04-20-23.158Z.txt,159,89,75,5,4,proposed,painttorch,proposed,painttorch,5588
22,userstudy_sid22_2026-01-13T04-20-23.158Z.txt,160,184,178,100,4,painttorch,proposed,proposed,painttorch,3113
22,userstudy_sid22_2026-01-13T04-20-23.158Z.txt,161,147,166,50,0,painttorch,diffusart,diffusart,painttorch,7353
22,userstudy_sid22_2026-01-13T04-20-23.158Z.txt,162,110,109,10,3,colordiffv2,painttorch,colordiffv2,painttorch,2093
22,userstudy_sid22_2026-01-13T04-20-23.158Z.txt,163,132,143,25,3,colordiffv2,painttorch,colordiffv2,painttorch,2504
22,userstudy_sid22_2026-01-13T04-20-23.158Z.txt,164,66,49,3,4,painttorch,proposed,proposed,painttorch,3645
22,userstudy_sid22_2026-01-13T04-20-23.158Z.txt,165,53,66,3,1,diffusart,colordiffv2,colordiffv2,diffusart,10445
22,userstudy_sid22_2026-01-13T04-20-23.158Z.txt,166,118,115,10,5,proposed,colordiffv2,proposed,colordiffv2,4179
22,userstudy_sid22_2026-01-13T04-20-23.158Z.txt,167,160,164,50,4,painttorch,proposed,proposed,painttorch,4631
22,userstudy_sid22_2026-01-13T04-20-23.158Z.txt,168,156,151,50,3,colordiffv2,painttorch,colordiffv2,painttorch,2127
22,userstudy_sid22_2026-01-13T04-20-23.158Z.txt,169,186,175,100,4,painttorch,proposed,proposed,painttorch,1828
22,userstudy_sid22_2026-01-13T04-20-23.158Z.txt,170,145,148,50,0,painttorch,diffusart,diffusart,painttorch,2073
22,userstudy_sid22_2026-01-13T04-20-23.158Z.txt,171,113,102,10,4,proposed,painttorch,proposed,painttorch,2645
22,userstudy_sid22_2026-01-13T04-20-23.158Z.txt,172,19,10,0,4,proposed,painttorch,painttorch,proposed,3115
22,userstudy_sid22_2026-01-13T04-20-23.158Z.txt,173,91,86,5,4,proposed,painttorch,proposed,painttorch,6681
22,userstudy_sid22_2026-01-13T04-20-23.158Z.txt,174,136,125,25,4,painttorch,proposed,proposed,painttorch,4345
22,userstudy_sid22_2026-01-13T04-20-23.158Z.txt,175,12,23,0,3,colordiffv2,painttorch,colordiffv2,painttorch,1796
22,userstudy_sid22_2026-01-13T04-20-23.158Z.txt,176,139,134,25,4,proposed,painttorch,painttorch,proposed,8869
22,userstudy_sid22_2026-01-13T04-20-23.158Z.txt,177,107,116,10,2,proposed,diffusart,proposed,diffusart,3910
22,userstudy_sid22_2026-01-13T04-20-23.158Z.txt,178,167,152,50,5,colordiffv2,proposed,proposed,colordiffv2,5295
22,userstudy_sid22_2026-01-13T04-20-23.158Z.txt,179,106,117,10,2,diffusart,proposed,diffusart,proposed,5010
22,userstudy_sid22_2026-01-13T04-20-23.158Z.txt,180,134,140,25,3,colordiffv2,painttorch,colordiffv2,painttorch,5027
22,userstudy_sid22_2026-01-13T04-20-23.158Z.txt,181,75,88,5,0,painttorch,diffusart,diffusart,painttorch,2368
22,userstudy_sid22_2026-01-13T04-20-23.158Z.txt,182,185,183,100,4,proposed,painttorch,proposed,painttorch,2013
22,userstudy_sid22_2026-01-13T04-20-23.158Z.txt,183,114,118,10,4,painttorch,proposed,proposed,painttorch,1940
22,userstudy_sid22_2026-01-13T04-20-23.158Z.txt,184,76,94,5,1,colordiffv2,diffusart,colordiffv2,diffusart,3045
22,userstudy_sid22_2026-01-13T04-20-23.158Z.txt,185,93,95,5,5,colordiffv2,proposed,proposed,colordiffv2,4755
22,userstudy_sid22_2026-01-13T04-20-23.158Z.txt,186,11,14,0,2,proposed,diffusart,diffusart,proposed,4104
22,userstudy_sid22_2026-01-13T04-20-23.158Z.txt,187,33,47,1,2,proposed,diffusart,diffusart,proposed,6803
22,userstudy_sid22_2026-01-13T04-20-23.158Z.txt,188,51,61,3,0,painttorch,diffusart,diffusart,painttorch,1800
22,userstudy_sid22_2026-01-13T04-20-23.158Z.txt,189,144,162,50,0,diffusart,painttorch,diffusart,painttorch,3164
22,userstudy_sid22_2026-01-13T04-20-23.158Z.txt,190,116,98,10,5,proposed,colordiffv2,proposed,colordiffv2,8058
22,userstudy_sid22_2026-01-13T04-20-23.158Z.txt,191,50,65,3,0,diffusart,painttorch,diffusart,painttorch,3187
23,userstudy_sid23_2026-01-13T04-52-12.933Z.txt,0,153,157,50,2,proposed,diffusart,proposed,diffusart,5441
23,userstudy_sid23_2026-01-13T04-52-12.933Z.txt,1,116,98,10,5,proposed,colordiffv2,colordiffv2,proposed,9684
23,userstudy_sid23_2026-01-13T04-52-12.933Z.txt,2,183,176,100,3,painttorch,colordiffv2,colordiffv2,painttorch,6191
23,userstudy_sid23_2026-01-13T04-52-12.933Z.txt,3,90,87,5,4,painttorch,proposed,painttorch,proposed,16110
23,userstudy_sid23_2026-01-13T04-52-12.933Z.txt,4,190,191,100,5,proposed,colordiffv2,proposed,colordiffv2,18561
23,userstudy_sid23_2026-01-13T04-52-12.933Z.txt,5,5,0,0,1,diffusart,colordiffv2,diffusart,colordiffv2,2003
23,userstudy_sid23_2026-01-13T04-52-12.933Z.txt,6,34,27,1,2,diffusart,proposed,diffusart,proposed,9851
23,userstudy_sid23_2026-01-13T04-52-12.933Z.txt,7,12,23,0,3,colordiffv2,painttorch,painttorch,colordiffv2,2241
23,userstudy_sid23_2026-01-13T04-52-12.933Z.txt,8,103,99,10,1,diffusart,colordiffv2,colordiffv2,diffusart,16948
23,userstudy_sid23_2026-01-13T04-52-12.933Z.txt,9,96,119,10,0,diffusart,painttorch,diffusart,painttorch,19859
23,userstudy_sid23_2026-01-13T04-52-12.933Z.txt,10,37,26,1,3,painttorch,colordiffv2,colordiffv2,painttorch,22923
23,userstudy_sid23_2026-01-13T04-52-12.933Z.txt,11,106,117,10,2,diffusart,proposed,diffusart,proposed,36352
23,userstudy_sid23_2026-01-13T04-52-12.933Z.txt,12,188,182,100,5,proposed,colordiffv2,colordiffv2,proposed,18200
23,userstudy_sid23_2026-01-13T04-52-12.933Z.txt,13,70,59,3,5,proposed,colordiffv2,proposed,colordiffv2,15241
23,userstudy_sid23_2026-01-13T04-52-12.933Z.txt,14,42,43,1,4,painttorch,proposed,proposed,painttorch,15908
23,userstudy_sid23_2026-01-13T04-52-12.933Z.txt,15,172,179,100,1,colordiffv2,diffusart,diffusart,colordiffv2,11841
23,userstudy_sid23_2026-01-13T04-52-12.933Z.txt,16,22,4,0,5,proposed,colordiffv2,proposed,colordiffv2,2395
23,userstudy_sid23_2026-01-13T04-52-12.933Z.txt,17,68,69,3,5,proposed,colordiffv2,colordiffv2,proposed,29626
23,userstudy_sid23_2026-01-13T04-52-12.933Z.txt,18,122,126,25,0,diffusart,painttorch,diffusart,painttorch,7046
23,userstudy_sid23_2026-01-13T04-52-12.933Z.txt,19,91,86,5,4,proposed,painttorch,proposed,painttorch,6390
23,userstudy_sid23_2026-01-13T04-52-12.933Z.txt,20,127,129,25,1,diffusart,colordiffv2,colordiffv2,diffusart,14288
23,userstudy_sid23_2026-01-13T04-52-12.933Z.txt,21,99,114,10,0,painttorch,diffusart,diffusart,painttorch,9013
23,userstudy_sid23_2026-01-13T04-52-12.933Z.txt,22,119,110,10,5,colordiffv2,proposed,proposed,colordiffv2,17389
23,userstudy_sid23_2026-01-13T04-52-12.933Z.txt,23,71,55,3,5,colordiffv2,proposed,colordiffv2,proposed,30751
23,userstudy_sid23_2026-01-13T04-52-12.933Z.txt,24,36,36,1,3,colordiffv2,painttorch,colordiffv2,painttorch,11254
23,userstudy_sid23_2026-01-13T04-52-12.933Z.txt,25,80,80,5,2,diffusart,proposed,proposed,diffusart,10722
23,userstudy_sid23_2026-01-13T04-52-12.933Z.txt,26,144,162,50,0,diffusart,painttorch,diffusart,painttorch,16445
23,userstudy_sid23_2026-01-13T04-52-12.933Z.txt,27,180,168,100,3,colordiffv2,painttorch,colordiffv2,painttorch,5165
23,userstudy_sid23_2026-01-13T04-52-12.933Z.txt,28,35,38,1,2,proposed,diffusart,proposed,diffusart,15161
23,userstudy_sid23_2026-01-13T04-52-12.933Z.txt,29,110,109,10,3,colordiffv2,painttorch,colordiffv2,painttorch,25473
23,userstudy_sid23_2026-01-13T04-52-12.933Z.txt,30,151,144,50,1,diffusart,colordiffv2,colordiffv2,diffusart,7652
23,userstudy_sid23_2026-01-13T04-52-12.933Z.txt,31,23,7,0,5,colordiffv2,proposed,proposed,colordiffv2,3797
23,userstudy_sid23_2026-01-13T04-52-12.933Z.txt,32,182,177,100,3,colordiffv2,painttorch,colordiffv2,painttorch,12842
23,userstudy_sid23_2026-01-13T04-52-12.933Z.txt,33,166,167,50,5,proposed,colordiffv2,proposed,colordiffv2,21802
23,userstudy_sid23_2026-01-13T04-52-12.933Z.txt,34,25,29,1,0,painttorch,diffusart,painttorch,diffusart,15954
23,userstudy_sid23_2026-01-13T04-52-12.933Z.txt,35,98,113,10,0,diffusart,painttorch,diffusart,painttorch,11109
23,userstudy_sid23_2026-01-13T04-52-12.933Z.txt,36,75,88,5,0,painttorch,diffusart,diffusart,painttorch,11656
23,userstudy_sid23_2026-01-13T04-52-12.933Z.txt,37,15,18,0,3,painttorch,colordiffv2,painttorch,colordiffv2,2706
23,userstudy_sid23_2026-01-13T04-52-12.933Z.txt,38,168,185,100,0,diffusart,painttorch,diffusart,painttorch,3621
23,userstudy_sid23_2026-01-13T04-52-12.933Z.txt,39,6,8,0,1,colordiffv2,diffusart,diffusart,colordiffv2,2432
23,userstudy_sid23_2026-01-13T04-52-12.933Z.txt,40,158,158,50,3,colordiffv2,painttorch,colordiffv2,painttorch,7177
23,userstudy_sid23_2026-01-13T04-52-12.933Z.txt,41,29,24,1,1,diffusart,colordiffv2,diffusart,colordiffv2,7919
23,userstudy_sid23_2026-01-13T04-52-12.933Z.txt,42,104,105,10,2,diffusart,proposed,proposed,diffusart,20565
23,userstudy_sid23_2026-01-13T04-52-12.933Z.txt,43,141,132,25,5,colordiffv2,proposed,colordiffv2,proposed,10710
23,userstudy_sid23_2026-01-13T04-52-12.933Z.txt,44,11,14,0,2,proposed,diffusart,diffusart,proposed,8433
23,userstudy_sid23_2026-01-13T04-52-12.933Z.txt,45,26,41,1,0,diffusart,painttorch,diffusart,painttorch,8445
23,userstudy_sid23_2026-01-13T04-52-12.933Z.txt,46,55,57,3,1,diffusart,colordiffv2,diffusart,colordiffv2,10186
23,userstudy_sid23_2026-01-13T04-52-12.933Z.txt,47,181,170,100,3,painttorch,colordiffv2,painttorch,colordiffv2,14386
23,userstudy_sid23_2026-01-13T04-52-12.933Z.txt,48,52,50,3,1,colordiffv2,diffusart,colordiffv2,diffusart,20108
23,userstudy_sid23_2026-01-13T04-52-12.933Z.txt,49,126,136,25,1,colordiffv2,diffusart,colordiffv2,diffusart,16927
23,userstudy_sid23_2026-01-13T04-52-12.933Z.txt,50,2,20,0,0,diffusart,painttorch,diffusart,painttorch,4943
23,userstudy_sid23_2026-01-13T04-52-12.933Z.txt,51,67,67,3,4,proposed,painttorch,proposed,painttorch,2988
23,userstudy_sid23_2026-01-13T04-52-12.933Z.txt,52,178,187,100,2,diffusart,proposed,proposed,diffusart,4177
23,userstudy_sid23_2026-01-13T04-52-12.933Z.txt,53,147,166,50,0,painttorch,diffusart,diffusart,painttorch,9614
23,userstudy_sid23_2026-01-13T04-52-12.933Z.txt,54,54,63,3,1,colordiffv2,diffusart,diffusart,colordiffv2,20952
23,userstudy_sid23_2026-01-13T04-52-12.933Z.txt,55,102,101,10,1,colordiffv2,diffusart,colordiffv2,diffusart,5266
23,userstudy_sid23_2026-01-13T04-52-12.933Z.txt,56,170,171,100,0,diffusart,painttorch,diffusart,painttorch,8472
23,userstudy_sid23_2026-01-13T04-52-12.933Z.txt,57,113,102,10,4,proposed,painttorch,proposed,painttorch,3813
23,userstudy_sid23_2026-01-13T04-52-12.933Z.txt,58,100,104,10,1,colordiffv2,diffusart,diffusart,colordiffv2,5383
23,userstudy_sid23_2026-01-13T04-52-12.933Z.txt,59,159,156,50,3,painttorch,colordiffv2,colordiffv2,painttorch,11737
23,userstudy_sid23_2026-01-13T04-52-12.933Z.txt,60,109,108,10,3,painttorch,colordiffv2,painttorch,colordiffv2,17221
23,userstudy_sid23_2026-01-13T04-52-12.933Z.txt,61,115,107,10,4,proposed,painttorch,proposed,painttorch,4598
23,userstudy_sid23_2026-01-13T04-52-12.933Z.txt,62,30,30,1,1,colordiffv2,diffusart,diffusart,colordiffv2,8682
23,userstudy_sid23_2026-01-13T04-52-12.933Z.txt,63,27,33,1,0,painttorch,diffusart,diffusart,painttorch,35612
23,userstudy_sid23_2026-01-13T04-52-12.933Z.txt,64,61,51,3,3,painttorch,colordiffv2,colordiffv2,painttorch,6728
23,userstudy_sid23_2026-01-13T04-52-12.933Z.txt,65,32,28,1,2,diffusart,proposed,diffusart,proposed,27740
23,userstudy_sid23_2026-01-13T04-52-12.933Z.txt,66,44,39,1,5,proposed,colordiffv2,colordiffv2,proposed,8816
23,userstudy_sid23_2026-01-13T04-52-12.933Z.txt,67,84,79,5,3,colordiffv2,painttorch,colordiffv2,painttorch,13604
23,userstudy_sid23_2026-01-13T04-52-12.933Z.txt,68,9,5,0,2,proposed,diffusart,diffusart,proposed,9830
23,userstudy_sid23_2026-01-13T04-52-12.933Z.txt,69,86,77,5,3,colordiffv2,painttorch,colordiffv2,painttorch,3408
23,userstudy_sid23_2026-01-13T04-52-12.933Z.txt,70,150,154,50,1,colordiffv2,diffusart,colordiffv2,diffusart,3616
23,userstudy_sid23_2026-01-13T04-52-12.933Z.txt,71,56,53,3,2,diffusart,proposed,proposed,diffusart,13691
23,userstudy_sid23_2026-01-13T04-52-12.933Z.txt,72,45,34,1,5,colordiffv2,proposed,proposed,colordiffv2,11865
23,userstudy_sid23_2026-01-13T04-52-12.933Z.txt,73,130,137,25,2,diffusart,proposed,proposed,diffusart,14458
23,userstudy_sid23_2026-01-13T04-52-12.933Z.txt,74,156,151,50,3,colordiffv2,painttorch,colordiffv2,painttorch,13471
23,userstudy_sid23_2026-01-13T04-52-12.933Z.txt,75,121,127,25,0,painttorch,diffusart,diffusart,painttorch,6444
23,userstudy_sid23_2026-01-13T04-52-12.933Z.txt,76,169,173,100,0,painttorch,diffusart,diffusart,painttorch,4217
23,userstudy_sid23_2026-01-13T04-52-12.933Z.txt,77,60,71,3,3,colordiffv2,painttorch,painttorch,colordiffv2,16976
23,userstudy_sid23_2026-01-13T04-52-12.933Z.txt,78,124,138,25,1,colordiffv2,diffusart,colordiffv2,diffusart,43236
23,userstudy_sid23_2026-01-13T04-52-12.933Z.txt,79,139,134,25,4,proposed,painttorch,proposed,painttorch,4749
23,userstudy_sid23_2026-01-13T04-52-12.933Z.txt,80,82,82,5,2,diffusart,proposed,proposed,diffusart,33134
23,userstudy_sid23_2026-01-13T04-52-12.933Z.txt,81,89,75,5,4,proposed,painttorch,proposed,painttorch,17631
23,userstudy_sid23_2026-01-13T04-52-12.933Z.txt,82,40,45,1,4,painttorch,proposed,proposed,painttorch,5336
23,userstudy_sid23_2026-01-13T04-52-12.933Z.txt,83,50,65,3,0,diffusart,painttorch,diffusart,painttorch,4845
23,userstudy_sid23_2026-01-13T04-52-12.933Z.txt,84,125,124,25,1,diffusart,colordiffv2,diffusart,colordiffv2,13634
23,userstudy_sid23_2026-01-13T04-52-12.933Z.txt,85,112,100,10,4,painttorch,proposed,proposed,painttorch,5512
23,userstudy_sid23_2026-01-13T04-52-12.933Z.txt,86,171,181,100,0,painttorch,diffusart,diffusart,painttorch,21701
23,userstudy_sid23_2026-01-13T04-52-12.933Z.txt,87,8,19,0,2,diffusart,proposed,diffusart,proposed,14274
23,userstudy_sid23_2026-01-13T04-52-12.933Z.txt,88,163,145,50,4,proposed,painttorch,proposed,painttorch,13654
23,userstudy_sid23_2026-01-13T04-52-12.933Z.txt,89,88,91,5,4,painttorch,proposed,proposed,painttorch,9817
23,userstudy_sid23_2026-01-13T04-52-12.933Z.txt,90,128,139,25,2,diffusart,proposed,proposed,diffusart,12694
23,userstudy_sid23_2026-01-13T04-52-12.933Z.txt,91,28,40,1,1,colordiffv2,diffusart,diffusart,colordiffv2,13410
23,userstudy_sid23_2026-01-13T04-52-12.933Z.txt,92,129,130,25,2,proposed,diffusart,proposed,diffusart,14872
23,userstudy_sid23_2026-01-13T04-52-12.933Z.txt,93,155,160,50,2,proposed,diffusart,proposed,diffusart,20945
23,userstudy_sid23_2026-01-13T04-52-12.933Z.txt,94,177,184,100,2,proposed,diffusart,proposed,diffusart,3484
23,userstudy_sid23_2026-01-13T04-52-12.933Z.txt,95,53,66,3,1,diffusart,colordiffv2,diffusart,colordiffv2,4980
23,userstudy_sid23_2026-01-13T04-52-12.933Z.txt,96,85,83,5,3,painttorch,colordiffv2,colordiffv2,painttorch,9893
23,userstudy_sid23_2026-01-13T04-52-12.933Z.txt,97,33,47,1,2,proposed,diffusart,diffusart,proposed,6110
23,userstudy_sid23_2026-01-13T04-52-12.933Z.txt,98,63,64,3,3,painttorch,colordiffv2,painttorch,colordiffv2,33728
23,userstudy_sid23_2026-01-13T04-52-12.933Z.txt,99,39,32,1,3,painttorch,colordiffv2,painttorch,colordiffv2,14378
23,userstudy_sid23_2026-01-13T04-52-12.933Z.txt,100,123,133,25,0,painttorch,diffusart,diffusart,painttorch,6780
23,userstudy_sid23_2026-01-13T04-52-12.933Z.txt,101,4,17,0,1,colordiffv2,diffusart,diffusart,colordiffv2,3176
23,userstudy_sid23_2026-01-13T04-52-12.933Z.txt,102,57,58,3,2,proposed,diffusart,proposed,diffusart,18483
23,userstudy_sid23_2026-01-13T04-52-12.933Z.txt,103,137,135,25,4,proposed,painttorch,proposed,painttorch,3837
23,userstudy_sid23_2026-01-13T04-52-12.933Z.txt,104,160,164,50,4,painttorch,proposed,proposed,painttorch,3197
23,userstudy_sid23_2026-01-13T04-52-12.933Z.txt,105,186,175,100,4,painttorch,proposed,proposed,painttorch,3594
23,userstudy_sid23_2026-01-13T04-52-12.933Z.txt,106,157,163,50,3,painttorch,colordiffv2,colordiffv2,painttorch,8960
23,userstudy_sid23_2026-01-13T04-52-12.933Z.txt,107,16,12,0,4,painttorch,proposed,painttorch,proposed,6327
23,userstudy_sid23_2026-01-13T04-52-12.933Z.txt,108,134,140,25,3,colordiffv2,painttorch,colordiffv2,painttorch,6662
23,userstudy_sid23_2026-01-13T04-52-12.933Z.txt,109,69,62,3,5,colordiffv2,proposed,colordiffv2,proposed,28038
23,userstudy_sid23_2026-01-13T04-52-12.933Z.txt,110,154,147,50,2,diffusart,proposed,proposed,diffusart,23809
23,userstudy_sid23_2026-01-13T04-52-12.933Z.txt,111,83,84,5,2,proposed,diffusart,proposed,diffusart,27935
23,userstudy_sid23_2026-01-13T04-52-12.933Z.txt,112,92,85,5,5,proposed,colordiffv2,proposed,colordiffv2,19972
23,userstudy_sid23_2026-01-13T04-52-12.933Z.txt,113,179,180,100,2,proposed,diffusart,proposed,diffusart,7789
23,userstudy_sid23_2026-01-13T04-52-12.933Z.txt,114,43,31,1,4,proposed,painttorch,proposed,painttorch,9877
23,userstudy_sid23_2026-01-13T04-52-12.933Z.txt,115,1,3,0,0,painttorch,diffusart,painttorch,diffusart,6686
23,userstudy_sid23_2026-01-13T04-52-12.933Z.txt,116,78,90,5,1,colordiffv2,diffusart,colordiffv2,diffusart,25113
23,userstudy_sid23_2026-01-13T04-52-12.933Z.txt,117,81,74,5,2,proposed,diffusart,proposed,diffusart,4608
23,userstudy_sid23_2026-01-13T04-52-12.933Z.txt,118,19,10,0,4,proposed,painttorch,proposed,painttorch,4970
23,userstudy_sid23_2026-01-13T04-52-12.933Z.txt,119,114,118,10,4,painttorch,proposed,proposed,painttorch,4906
23,userstudy_sid23_2026-01-13T04-52-12.933Z.txt,120,117,111,10,5,colordiffv2,proposed,colordiffv2,proposed,10415
23,userstudy_sid23_2026-01-13T04-52-12.933Z.txt,121,17,15,0,4,proposed,painttorch,proposed,painttorch,36238
23,userstudy_sid23_2026-01-13T04-52-12.933Z.txt,122,174,190,100,1,colordiffv2,diffusart,colordiffv2,diffusart,19602
23,userstudy_sid23_2026-01-13T04-52-12.933Z.txt,123,49,70,3,0,painttorch,diffusart,diffusart,painttorch,14882
23,userstudy_sid23_2026-01-13T04-52-12.933Z.txt,124,72,89,5,0,diffusart,painttorch,diffusart,painttorch,7631
23,userstudy_sid23_2026-01-13T04-52-12.933Z.txt,125,105,112,10,2,proposed,diffusart,proposed,diffusart,5320
23,userstudy_sid23_2026-01-13T04-52-12.933Z.txt,126,48,60,3,0,diffusart,painttorch,diffusart,painttorch,3776
23,userstudy_sid23_2026-01-13T04-52-12.933Z.txt,127,66,49,3,4,painttorch,proposed,painttorch,proposed,14724
23,userstudy_sid23_2026-01-13T04-52-12.933Z.txt,128,175,188,100,1,diffusart,colordiffv2,colordiffv2,diffusart,9211
23,userstudy_sid23_2026-01-13T04-52-12.933Z.txt,129,131,121,25,2,proposed,diffusart,proposed,diffusart,7372
23,userstudy_sid23_2026-01-13T04-52-12.933Z.txt,130,76,94,5,1,colordiffv2,diffusart,diffusart,colordiffv2,14958
23,userstudy_sid23_2026-01-13T04-52-12.933Z.txt,131,118,115,10,5,proposed,colordiffv2,colordiffv2,proposed,18908
23,userstudy_sid23_2026-01-13T04-52-12.933Z.txt,132,62,56,3,3,colordiffv2,painttorch,painttorch,colordiffv2,4624
23,userstudy_sid23_2026-01-13T04-52-12.933Z.txt,133,93,95,5,5,colordiffv2,proposed,proposed,colordiffv2,11567
23,userstudy_sid23_2026-01-13T04-52-12.933Z.txt,134,58,48,3,2,diffusart,proposed,diffusart,proposed,7831
23,userstudy_sid23_2026-01-13T04-52-12.933Z.txt,135,187,169,100,4,proposed,painttorch,proposed,painttorch,18665
23,userstudy_sid23_2026-01-13T04-52-12.933Z.txt,136,164,150,50,5,proposed,colordiffv2,proposed,colordiffv2,7393
23,userstudy_sid23_2026-01-13T04-52-12.933Z.txt,137,165,149,50,5,colordiffv2,proposed,proposed,colordiffv2,6561
23,userstudy_sid23_2026-01-13T04-52-12.933Z.txt,138,97,96,10,0,painttorch,diffusart,diffusart,painttorch,10881
23,userstudy_sid23_2026-01-13T04-52-12.933Z.txt,139,13,2,0,3,painttorch,colordiffv2,painttorch,colordiffv2,1725
23,userstudy_sid23_2026-01-13T04-52-12.933Z.txt,140,120,120,25,0,diffusart,painttorch,diffusart,painttorch,4079
23,userstudy_sid23_2026-01-13T04-52-12.933Z.txt,141,167,152,50,5,colordiffv2,proposed,proposed,colordiffv2,15761
23,userstudy_sid23_2026-01-13T04-52-12.933Z.txt,142,59,68,3,2,proposed,diffusart,proposed,diffusart,21481
23,userstudy_sid23_2026-01-13T04-52-12.933Z.txt,143,152,155,50,2,diffusart,proposed,proposed,diffusart,7729
23,userstudy_sid23_2026-01-13T04-52-12.933Z.txt,144,87,76,5,3,painttorch,colordiffv2,painttorch,colordiffv2,27082
23,userstudy_sid23_2026-01-13T04-52-12.933Z.txt,145,191,189,100,5,colordiffv2,proposed,colordiffv2,proposed,5533
23,userstudy_sid23_2026-01-13T04-52-12.933Z.txt,146,149,161,50,1,diffusart,colordiffv2,diffusart,colordiffv2,10281
23,userstudy_sid23_2026-01-13T04-52-12.933Z.txt,147,31,44,1,1,diffusart,colordiffv2,diffusart,colordiffv2,17546
23,userstudy_sid23_2026-01-13T04-52-12.933Z.txt,148,14,16,0,3,colordiffv2,painttorch,painttorch,colordiffv2,2347
23,userstudy_sid23_2026-01-13T04-52-12.933Z.txt,149,132,143,25,3,colordiffv2,painttorch,colordiffv2,painttorch,14333
23,userstudy_sid23_2026-01-13T04-52-12.933Z.txt,150,136,125,25,4,painttorch,proposed,proposed,painttorch,7070
23,userstudy_sid23_2026-01-13T04-52-12.933Z.txt,151,111,97,10,3,painttorch,colordiffv2,colordiffv2,painttorch,9855
23,userstudy_sid23_2026-01-13T04-52-12.933Z.txt,152,20,1,0,5,proposed,colordiffv2,proposed,colordiffv2,4137
23,userstudy_sid23_2026-01-13T04-52-12.933Z.txt,153,3,6,0,0,painttorch,diffusart,painttorch,diffusart,6121
23,userstudy_sid23_2026-01-13T04-52-12.933Z.txt,154,107,116,10,2,proposed,diffusart,proposed,diffusart,6117
23,userstudy_sid23_2026-01-13T04-52-12.933Z.txt,155,184,178,100,4,painttorch,proposed,proposed,painttorch,8991
23,userstudy_sid23_2026-01-13T04-52-12.933Z.txt,156,176,172,100,2,diffusart,proposed,proposed,diffusart,9990
23,userstudy_sid23_2026-01-13T04-52-12.933Z.txt,157,73,78,5,0,painttorch,diffusart,diffusart,painttorch,26746
23,userstudy_sid23_2026-01-13T04-52-12.933Z.txt,158,161,153,50,4,proposed,painttorch,proposed,painttorch,2635
23,userstudy_sid23_2026-01-13T04-52-12.933Z.txt,159,94,73,5,5,proposed,colordiffv2,proposed,colordiffv2,28033
23,userstudy_sid23_2026-01-13T04-52-12.933Z.txt,160,95,93,5,5,colordiffv2,proposed,colordiffv2,proposed,49497
23,userstudy_sid23_2026-01-13T04-52-12.933Z.txt,161,21,11,0,5,colordiffv2,proposed,proposed,colordiffv2,1765
23,userstudy_sid23_2026-01-13T04-52-12.933Z.txt,162,146,159,50,0,diffusart,painttorch,diffusart,painttorch,3133
23,userstudy_sid23_2026-01-13T04-52-12.933Z.txt,163,24,37,1,0,diffusart,painttorch,diffusart,painttorch,8467
23,userstudy_sid23_2026-01-13T04-52-12.933Z.txt,164,140,142,25,5,proposed,colordiffv2,proposed,colordiffv2,5540
23,userstudy_sid23_2026-01-13T04-52-12.933Z.txt,165,10,13,0,2,diffusart,proposed,diffusart,proposed,19672
23,userstudy_sid23_2026-01-13T04-52-12.933Z.txt,166,0,22,0,0,diffusart,painttorch,diffusart,painttorch,6025
23,userstudy_sid23_2026-01-13T04-52-12.933Z.txt,167,47,42,1,5,colordiffv2,proposed,proposed,colordiffv2,6332
23,userstudy_sid23_2026-01-13T04-52-12.933Z.txt,168,41,25,1,4,proposed,painttorch,proposed,painttorch,3148
23,userstudy_sid23_2026-01-13T04-52-12.933Z.txt,169,74,92,5,0,diffusart,painttorch,diffusart,painttorch,2396
23,userstudy_sid23_2026-01-13T04-52-12.933Z.txt,170,133,123,25,3,painttorch,colordiffv2,colordiffv2,painttorch,5296
23,userstudy_sid23_2026-01-13T04-52-12.933Z.txt,171,162,146,50,4,painttorch,proposed,proposed,painttorch,6630
23,userstudy_sid23_2026-01-13T04-52-12.933Z.txt,172,189,186,100,5,colordiffv2,proposed,proposed,colordiffv2,8608
23,userstudy_sid23_2026-01-13T04-52-12.933Z.txt,173,65,54,3,4,proposed,painttorch,proposed,painttorch,8945
23,userstudy_sid23_2026-01-13T04-52-12.933Z.txt,174,64,52,3,4,painttorch,proposed,proposed,painttorch,18561
23,userstudy_sid23_2026-01-13T04-52-12.933Z.txt,175,135,131,25,3,painttorch,colordiffv2,painttorch,colordiffv2,9047
23,userstudy_sid23_2026-01-13T04-52-12.933Z.txt,176,46,35,1,5,proposed,colordiffv2,proposed,colordiffv2,11367
23,userstudy_sid23_2026-01-13T04-52-12.933Z.txt,177,7,21,0,1,diffusart,colordiffv2,diffusart,colordiffv2,2065
23,userstudy_sid23_2026-01-13T04-52-12.933Z.txt,178,101,103,10,1,diffusart,colordiffv2,colordiffv2,diffusart,19226
23,userstudy_sid23_2026-01-13T04-52-12.933Z.txt,179,185,183,100,4,proposed,painttorch,proposed,painttorch,10388
23,userstudy_sid23_2026-01-13T04-52-12.933Z.txt,180,18,9,0,4,painttorch,proposed,painttorch,proposed,13716
23,userstudy_sid23_2026-01-13T04-52-12.933Z.txt,181,38,46,1,3,colordiffv2,painttorch,painttorch,colordiffv2,4766
23,userstudy_sid23_2026-01-13T04-52-12.933Z.txt,182,173,174,100,1,diffusart,colordiffv2,diffusart,colordiffv2,19547
23,userstudy_sid23_2026-01-13T04-52-12.933Z.txt,183,108,106,10,3,colordiffv2,painttorch,colordiffv2,painttorch,17450
23,userstudy_sid23_2026-01-13T04-52-12.933Z.txt,184,79,81,5,1,diffusart,colordiffv2,diffusart,colordiffv2,25444
23,userstudy_sid23_2026-01-13T04-52-12.933Z.txt,185,138,141,25,4,painttorch,proposed,proposed,painttorch,3628
23,userstudy_sid23_2026-01-13T04-52-12.933Z.txt,186,143,122,25,5,colordiffv2,proposed,proposed,colordiffv2,11198
23,userstudy_sid23_2026-01-13T04-52-12.933Z.txt,187,51,61,3,0,painttorch,diffusart,diffusart,painttorch,2698
23,userstudy_sid23_2026-01-13T04-52-12.933Z.txt,188,142,128,25,5,proposed,colordiffv2,proposed,colordiffv2,13549
23,userstudy_sid23_2026-01-13T04-52-12.933Z.txt,189,145,148,50,0,painttorch,diffusart,diffusart,painttorch,7444
23,userstudy_sid23_2026-01-13T04-52-12.933Z.txt,190,77,72,5,1,diffusart,colordiffv2,colordiffv2,diffusart,7605
23,userstudy_sid23_2026-01-13T04-52-12.933Z.txt,191,148,165,50,1,colordiffv2,diffusart,colordiffv2,diffusart,6051
24,userstudy_sid24_2026-01-14T02-21-10.923Z.txt,0,181,170,100,3,painttorch,colordiffv2,colordiffv2,painttorch,7312
24,userstudy_sid24_2026-01-14T02-21-10.923Z.txt,1,11,14,0,2,proposed,diffusart,proposed,diffusart,4950
24,userstudy_sid24_2026-01-14T02-21-10.923Z.txt,2,154,147,50,2,diffusart,proposed,proposed,diffusart,2666
24,userstudy_sid24_2026-01-14T02-21-10.923Z.txt,3,130,137,25,2,diffusart,proposed,proposed,diffusart,10000
24,userstudy_sid24_2026-01-14T02-21-10.923Z.txt,4,96,119,10,0,diffusart,painttorch,diffusart,painttorch,6589
24,userstudy_sid24_2026-01-14T02-21-10.923Z.txt,5,75,88,5,0,painttorch,diffusart,diffusart,painttorch,3661
24,userstudy_sid24_2026-01-14T02-21-10.923Z.txt,6,111,97,10,3,painttorch,colordiffv2,colordiffv2,painttorch,5668
24,userstudy_sid24_2026-01-14T02-21-10.923Z.txt,7,87,76,5,3,painttorch,colordiffv2,colordiffv2,painttorch,7553
24,userstudy_sid24_2026-01-14T02-21-10.923Z.txt,8,102,101,10,1,colordiffv2,diffusart,colordiffv2,diffusart,3532
24,userstudy_sid24_2026-01-14T02-21-10.923Z.txt,9,114,118,10,4,painttorch,proposed,proposed,painttorch,3517
24,userstudy_sid24_2026-01-14T02-21-10.923Z.txt,10,45,34,1,5,colordiffv2,proposed,proposed,colordiffv2,6202
24,userstudy_sid24_2026-01-14T02-21-10.923Z.txt,11,72,89,5,0,diffusart,painttorch,painttorch,diffusart,6444
24,userstudy_sid24_2026-01-14T02-21-10.923Z.txt,12,148,165,50,1,colordiffv2,diffusart,colordiffv2,diffusart,1961
24,userstudy_sid24_2026-01-14T02-21-10.923Z.txt,13,126,136,25,1,colordiffv2,diffusart,diffusart,colordiffv2,3269
24,userstudy_sid24_2026-01-14T02-21-10.923Z.txt,14,103,99,10,1,diffusart,colordiffv2,colordiffv2,diffusart,2935
24,userstudy_sid24_2026-01-14T02-21-10.923Z.txt,15,151,144,50,1,diffusart,colordiffv2,colordiffv2,diffusart,2161
24,userstudy_sid24_2026-01-14T02-21-10.923Z.txt,16,185,183,100,4,proposed,painttorch,proposed,painttorch,2775
24,userstudy_sid24_2026-01-14T02-21-10.923Z.txt,17,39,32,1,3,painttorch,colordiffv2,colordiffv2,painttorch,6383
24,userstudy_sid24_2026-01-14T02-21-10.923Z.txt,18,21,11,0,5,colordiffv2,proposed,proposed,colordiffv2,2489
24,userstudy_sid24_2026-01-14T02-21-10.923Z.txt,19,123,133,25,0,painttorch,diffusart,diffusart,painttorch,3353
24,userstudy_sid24_2026-01-14T02-21-10.923Z.txt,20,27,33,1,0,painttorch,diffusart,painttorch,diffusart,5378
24,userstudy_sid24_2026-01-14T02-21-10.923Z.txt,21,49,70,3,0,painttorch,diffusart,diffusart,painttorch,4190
24,userstudy_sid24_2026-01-14T02-21-10.923Z.txt,22,167,152,50,5,colordiffv2,proposed,proposed,colordiffv2,5422
24,userstudy_sid24_2026-01-14T02-21-10.923Z.txt,23,73,78,5,0,painttorch,diffusart,diffusart,painttorch,1906
24,userstudy_sid24_2026-01-14T02-21-10.923Z.txt,24,184,178,100,4,painttorch,proposed,proposed,painttorch,3474
24,userstudy_sid24_2026-01-14T02-21-10.923Z.txt,25,174,190,100,1,colordiffv2,diffusart,colordiffv2,diffusart,3763
24,userstudy_sid24_2026-01-14T02-21-10.923Z.txt,26,10,13,0,2,diffusart,proposed,proposed,diffusart,5711
24,userstudy_sid24_2026-01-14T02-21-10.923Z.txt,27,127,129,25,1,diffusart,colordiffv2,colordiffv2,diffusart,8388
24,userstudy_sid24_2026-01-14T02-21-10.923Z.txt,28,160,164,50,4,painttorch,proposed,proposed,painttorch,3613
24,userstudy_sid24_2026-01-14T02-21-10.923Z.txt,29,22,4,0,5,proposed,colordiffv2,proposed,colordiffv2,2066
24,userstudy_sid24_2026-01-14T02-21-10.923Z.txt,30,121,127,25,0,painttorch,diffusart,painttorch,diffusart,3084
24,userstudy_sid24_2026-01-14T02-21-10.923Z.txt,31,105,112,10,2,proposed,diffusart,proposed,diffusart,7000
24,userstudy_sid24_2026-01-14T02-21-10.923Z.txt,32,84,79,5,3,colordiffv2,painttorch,colordiffv2,painttorch,4259
24,userstudy_sid24_2026-01-14T02-21-10.923Z.txt,33,136,125,25,4,painttorch,proposed,proposed,painttorch,1631
24,userstudy_sid24_2026-01-14T02-21-10.923Z.txt,34,80,80,5,2,diffusart,proposed,proposed,diffusart,3295
24,userstudy_sid24_2026-01-14T02-21-10.923Z.txt,35,135,131,25,3,painttorch,colordiffv2,colordiffv2,painttorch,2153
24,userstudy_sid24_2026-01-14T02-21-10.923Z.txt,36,106,117,10,2,diffusart,proposed,proposed,diffusart,8683
24,userstudy_sid24_2026-01-14T02-21-10.923Z.txt,37,66,49,3,4,painttorch,proposed,proposed,painttorch,5945
24,userstudy_sid24_2026-01-14T02-21-10.923Z.txt,38,163,145,50,4,proposed,painttorch,proposed,painttorch,2736
24,userstudy_sid24_2026-01-14T02-21-10.923Z.txt,39,143,122,25,5,colordiffv2,proposed,proposed,colordiffv2,5534
24,userstudy_sid24_2026-01-14T02-21-10.923Z.txt,40,7,21,0,1,diffusart,colordiffv2,diffusart,colordiffv2,3665
24,userstudy_sid24_2026-01-14T02-21-10.923Z.txt,41,28,40,1,1,colordiffv2,diffusart,colordiffv2,diffusart,4535
24,userstudy_sid24_2026-01-14T02-21-10.923Z.txt,42,98,113,10,0,diffusart,painttorch,diffusart,painttorch,5075
24,userstudy_sid24_2026-01-14T02-21-10.923Z.txt,43,120,120,25,0,diffusart,painttorch,diffusart,painttorch,2982
24,userstudy_sid24_2026-01-14T02-21-10.923Z.txt,44,133,123,25,3,painttorch,colordiffv2,colordiffv2,painttorch,3198
24,userstudy_sid24_2026-01-14T02-21-10.923Z.txt,45,44,39,1,5,proposed,colordiffv2,colordiffv2,proposed,6595
24,userstudy_sid24_2026-01-14T02-21-10.923Z.txt,46,140,142,25,5,proposed,colordiffv2,proposed,colordiffv2,10306
24,userstudy_sid24_2026-01-14T02-21-10.923Z.txt,47,46,35,1,5,proposed,colordiffv2,proposed,colordiffv2,7265
24,userstudy_sid24_2026-01-14T02-21-10.923Z.txt,48,19,10,0,4,proposed,painttorch,painttorch,proposed,4097
24,userstudy_sid24_2026-01-14T02-21-10.923Z.txt,49,62,56,3,3,colordiffv2,painttorch,painttorch,colordiffv2,4484
24,userstudy_sid24_2026-01-14T02-21-10.923Z.txt,50,82,82,5,2,diffusart,proposed,diffusart,proposed,9466
24,userstudy_sid24_2026-01-14T02-21-10.923Z.txt,51,125,124,25,1,diffusart,colordiffv2,colordiffv2,diffusart,5707
24,userstudy_sid24_2026-01-14T02-21-10.923Z.txt,52,107,116,10,2,proposed,diffusart,proposed,diffusart,5196
24,userstudy_sid24_2026-01-14T02-21-10.923Z.txt,53,54,63,3,1,colordiffv2,diffusart,diffusart,colordiffv2,5385
24,userstudy_sid24_2026-01-14T02-21-10.923Z.txt,54,33,47,1,2,proposed,diffusart,diffusart,proposed,5830
24,userstudy_sid24_2026-01-14T02-21-10.923Z.txt,55,109,108,10,3,painttorch,colordiffv2,colordiffv2,painttorch,5549
24,userstudy_sid24_2026-01-14T02-21-10.923Z.txt,56,77,72,5,1,diffusart,colordiffv2,colordiffv2,diffusart,8947
24,userstudy_sid24_2026-01-14T02-21-10.923Z.txt,57,90,87,5,4,painttorch,proposed,proposed,painttorch,4041
24,userstudy_sid24_2026-01-14T02-21-10.923Z.txt,58,20,1,0,5,proposed,colordiffv2,proposed,colordiffv2,2220
24,userstudy_sid24_2026-01-14T02-21-10.923Z.txt,59,55,57,3,1,diffusart,colordiffv2,diffusart,colordiffv2,7822
24,userstudy_sid24_2026-01-14T02-21-10.923Z.txt,60,40,45,1,4,painttorch,proposed,proposed,painttorch,6334
24,userstudy_sid24_2026-01-14T02-21-10.923Z.txt,61,147,166,50,0,painttorch,diffusart,diffusart,painttorch,3941
24,userstudy_sid24_2026-01-14T02-21-10.923Z.txt,62,71,55,3,5,colordiffv2,proposed,colordiffv2,proposed,9170
24,userstudy_sid24_2026-01-14T02-21-10.923Z.txt,63,13,2,0,3,painttorch,colordiffv2,painttorch,colordiffv2,16949
24,userstudy_sid24_2026-01-14T02-21-10.923Z.txt,64,162,146,50,4,painttorch,proposed,proposed,painttorch,3753
24,userstudy_sid24_2026-01-14T02-21-10.923Z.txt,65,95,93,5,5,colordiffv2,proposed,colordiffv2,proposed,5790
24,userstudy_sid24_2026-01-14T02-21-10.923Z.txt,66,24,37,1,0,diffusart,painttorch,diffusart,painttorch,7999
24,userstudy_sid24_2026-01-14T02-21-10.923Z.txt,67,187,169,100,4,proposed,painttorch,proposed,painttorch,3591
24,userstudy_sid24_2026-01-14T02-21-10.923Z.txt,68,161,153,50,4,proposed,painttorch,proposed,painttorch,4226
24,userstudy_sid24_2026-01-14T02-21-10.923Z.txt,69,179,180,100,2,proposed,diffusart,proposed,diffusart,3293
24,userstudy_sid24_2026-01-14T02-21-10.923Z.txt,70,51,61,3,0,painttorch,diffusart,diffusart,painttorch,3889
24,userstudy_sid24_2026-01-14T02-21-10.923Z.txt,71,124,138,25,1,colordiffv2,diffusart,colordiffv2,diffusart,3447
24,userstudy_sid24_2026-01-14T02-21-10.923Z.txt,72,48,60,3,0,diffusart,painttorch,diffusart,painttorch,6397
24,userstudy_sid24_2026-01-14T02-21-10.923Z.txt,73,189,186,100,5,colordiffv2,proposed,proposed,colordiffv2,6687
24,userstudy_sid24_2026-01-14T02-21-10.923Z.txt,74,134,140,25,3,colordiffv2,painttorch,colordiffv2,painttorch,3388
24,userstudy_sid24_2026-01-14T02-21-10.923Z.txt,75,173,174,100,1,diffusart,colordiffv2,colordiffv2,diffusart,5366
24,userstudy_sid24_2026-01-14T02-21-10.923Z.txt,76,115,107,10,4,proposed,painttorch,proposed,painttorch,4561
24,userstudy_sid24_2026-01-14T02-21-10.923Z.txt,77,178,187,100,2,diffusart,proposed,diffusart,proposed,3852
24,userstudy_sid24_2026-01-14T02-21-10.923Z.txt,78,128,139,25,2,diffusart,proposed,proposed,diffusart,4603
24,userstudy_sid24_2026-01-14T02-21-10.923Z.txt,79,67,67,3,4,proposed,painttorch,proposed,painttorch,3411
24,userstudy_sid24_2026-01-14T02-21-10.923Z.txt,80,25,29,1,0,painttorch,diffusart,diffusart,painttorch,6731
24,userstudy_sid24_2026-01-14T02-21-10.923Z.txt,81,32,28,1,2,diffusart,proposed,diffusart,proposed,4951
24,userstudy_sid24_2026-01-14T02-21-10.923Z.txt,82,129,130,25,2,proposed,diffusart,proposed,diffusart,2224
24,userstudy_sid24_2026-01-14T02-21-10.923Z.txt,83,15,18,0,3,painttorch,colordiffv2,painttorch,colordiffv2,1710
24,userstudy_sid24_2026-01-14T02-21-10.923Z.txt,84,29,24,1,1,diffusart,colordiffv2,diffusart,colordiffv2,2476
24,userstudy_sid24_2026-01-14T02-21-10.923Z.txt,85,79,81,5,1,diffusart,colordiffv2,diffusart,colordiffv2,7300
24,userstudy_sid24_2026-01-14T02-21-10.923Z.txt,86,152,155,50,2,diffusart,proposed,proposed,diffusart,6610
24,userstudy_sid24_2026-01-14T02-21-10.923Z.txt,87,6,8,0,1,colordiffv2,diffusart,diffusart,colordiffv2,3565
24,userstudy_sid24_2026-01-14T02-21-10.923Z.txt,88,99,114,10,0,painttorch,diffusart,painttorch,diffusart,7005
24,userstudy_sid24_2026-01-14T02-21-10.923Z.txt,89,117,111,10,5,colordiffv2,proposed,colordiffv2,proposed,9122
24,userstudy_sid24_2026-01-14T02-21-10.923Z.txt,90,47,42,1,5,colordiffv2,proposed,proposed,colordiffv2,3288
24,userstudy_sid24_2026-01-14T02-21-10.923Z.txt,91,116,98,10,5,proposed,colordiffv2,colordiffv2,proposed,6577
24,userstudy_sid24_2026-01-14T02-21-10.923Z.txt,92,83,84,5,2,proposed,diffusart,proposed,diffusart,3469
24,userstudy_sid24_2026-01-14T02-21-10.923Z.txt,93,59,68,3,2,proposed,diffusart,diffusart,proposed,3701
24,userstudy_sid24_2026-01-14T02-21-10.923Z.txt,94,70,59,3,5,proposed,colordiffv2,proposed,colordiffv2,9298
24,userstudy_sid24_2026-01-14T02-21-10.923Z.txt,95,34,27,1,2,diffusart,proposed,proposed,diffusart,5930
24,userstudy_sid24_2026-01-14T02-21-10.923Z.txt,96,93,95,5,5,colordiffv2,proposed,proposed,colordiffv2,5779
24,userstudy_sid24_2026-01-14T02-21-10.923Z.txt,97,191,189,100,5,colordiffv2,proposed,colordiffv2,proposed,4367
24,userstudy_sid24_2026-01-14T02-21-10.923Z.txt,98,12,23,0,3,colordiffv2,painttorch,painttorch,colordiffv2,2072
24,userstudy_sid24_2026-01-14T02-21-10.923Z.txt,99,110,109,10,3,colordiffv2,painttorch,colordiffv2,painttorch,3329
24,userstudy_sid24_2026-01-14T02-21-10.923Z.txt,100,177,184,100,2,proposed,diffusart,proposed,diffusart,2981
24,userstudy_sid24_2026-01-14T02-21-10.923Z.txt,101,159,156,50,3,painttorch,colordiffv2,colordiffv2,painttorch,3230
24,userstudy_sid24_2026-01-14T02-21-10.923Z.txt,102,118,115,10,5,proposed,colordiffv2,colordiffv2,proposed,9432
24,userstudy_sid24_2026-01-14T02-21-10.923Z.txt,103,180,168,100,3,colordiffv2,painttorch,colordiffv2,painttorch,7680
24,userstudy_sid24_2026-01-14T02-21-10.923Z.txt,104,23,7,0,5,colordiffv2,proposed,proposed,colordiffv2,2172
24,userstudy_sid24_2026-01-14T02-21-10.923Z.txt,105,63,64,3,3,painttorch,colordiffv2,colordiffv2,painttorch,5429
24,userstudy_sid24_2026-01-14T02-21-10.923Z.txt,106,139,134,25,4,proposed,painttorch,painttorch,proposed,3760
24,userstudy_sid24_2026-01-14T02-21-10.923Z.txt,107,137,135,25,4,proposed,painttorch,proposed,painttorch,3502
24,userstudy_sid24_2026-01-14T02-21-10.923Z.txt,108,35,38,1,2,proposed,diffusart,proposed,diffusart,6660
24,userstudy_sid24_2026-01-14T02-21-10.923Z.txt,109,94,73,5,5,proposed,colordiffv2,proposed,colordiffv2,6819
24,userstudy_sid24_2026-01-14T02-21-10.923Z.txt,110,144,162,50,0,diffusart,painttorch,diffusart,painttorch,1698
24,userstudy_sid24_2026-01-14T02-21-10.923Z.txt,111,86,77,5,3,colordiffv2,painttorch,colordiffv2,painttorch,3579
24,userstudy_sid24_2026-01-14T02-21-10.923Z.txt,112,53,66,3,1,diffusart,colordiffv2,diffusart,colordiffv2,8989
24,userstudy_sid24_2026-01-14T02-21-10.923Z.txt,113,9,5,0,2,proposed,diffusart,diffusart,proposed,3981
24,userstudy_sid24_2026-01-14T02-21-10.923Z.txt,114,100,104,10,1,colordiffv2,diffusart,diffusart,colordiffv2,5092
24,userstudy_sid24_2026-01-14T02-21-10.923Z.txt,115,78,90,5,1,colordiffv2,diffusart,colordiffv2,diffusart,5560
24,userstudy_sid24_2026-01-14T02-21-10.923Z.txt,116,182,177,100,3,colordiffv2,painttorch,colordiffv2,painttorch,9437
24,userstudy_sid24_2026-01-14T02-21-10.923Z.txt,117,170,171,100,0,diffusart,painttorch,diffusart,painttorch,2065
24,userstudy_sid24_2026-01-14T02-21-10.923Z.txt,118,92,85,5,5,proposed,colordiffv2,proposed,colordiffv2,3333
24,userstudy_sid24_2026-01-14T02-21-10.923Z.txt,119,97,96,10,0,painttorch,diffusart,diffusart,painttorch,4655
24,userstudy_sid24_2026-01-14T02-21-10.923Z.txt,120,145,148,50,0,painttorch,diffusart,diffusart,painttorch,3974
24,userstudy_sid24_2026-01-14T02-21-10.923Z.txt,121,18,9,0,4,painttorch,proposed,painttorch,proposed,4791
24,userstudy_sid24_2026-01-14T02-21-10.923Z.txt,122,43,31,1,4,proposed,painttorch,proposed,painttorch,3104
24,userstudy_sid24_2026-01-14T02-21-10.923Z.txt,123,108,106,10,3,colordiffv2,painttorch,colordiffv2,painttorch,2220
24,userstudy_sid24_2026-01-14T02-21-10.923Z.txt,124,169,173,100,0,painttorch,diffusart,diffusart,painttorch,3697
24,userstudy_sid24_2026-01-14T02-21-10.923Z.txt,125,138,141,25,4,painttorch,proposed,proposed,painttorch,8613
24,userstudy_sid24_2026-01-14T02-21-10.923Z.txt,126,61,51,3,3,painttorch,colordiffv2,painttorch,colordiffv2,5493
24,userstudy_sid24_2026-01-14T02-21-10.923Z.txt,127,190,191,100,5,proposed,colordiffv2,proposed,colordiffv2,2754
24,userstudy_sid24_2026-01-14T02-21-10.923Z.txt,128,175,188,100,1,diffusart,colordiffv2,colordiffv2,diffusart,4302
24,userstudy_sid24_2026-01-14T02-21-10.923Z.txt,129,85,83,5,3,painttorch,colordiffv2,colordiffv2,painttorch,7505
24,userstudy_sid24_2026-01-14T02-21-10.923Z.txt,130,132,143,25,3,colordiffv2,painttorch,colordiffv2,painttorch,6617
24,userstudy_sid24_2026-01-14T02-21-10.923Z.txt,131,36,36,1,3,colordiffv2,painttorch,colordiffv2,painttorch,3610
24,userstudy_sid24_2026-01-14T02-21-10.923Z.txt,132,146,159,50,0,diffusart,painttorch,diffusart,painttorch,4471
24,userstudy_sid24_2026-01-14T02-21-10.923Z.txt,133,172,179,100,1,colordiffv2,diffusart,colordiffv2,diffusart,6914
24,userstudy_sid24_2026-01-14T02-21-10.923Z.txt,134,153,157,50,2,proposed,diffusart,proposed,diffusart,3085
24,userstudy_sid24_2026-01-14T02-21-10.923Z.txt,135,26,41,1,0,diffusart,painttorch,diffusart,painttorch,1532
24,userstudy_sid24_2026-01-14T02-21-10.923Z.txt,136,81,74,5,2,proposed,diffusart,proposed,diffusart,2723
24,userstudy_sid24_2026-01-14T02-21-10.923Z.txt,137,112,100,10,4,painttorch,proposed,proposed,painttorch,4021
24,userstudy_sid24_2026-01-14T02-21-10.923Z.txt,138,64,52,3,4,painttorch,proposed,proposed,painttorch,4932
24,userstudy_sid24_2026-01-14T02-21-10.923Z.txt,139,57,58,3,2,proposed,diffusart,proposed,diffusart,12043
24,userstudy_sid24_2026-01-14T02-21-10.923Z.txt,140,88,91,5,4,painttorch,proposed,proposed,painttorch,2793
24,userstudy_sid24_2026-01-14T02-21-10.923Z.txt,141,50,65,3,0,diffusart,painttorch,diffusart,painttorch,2979
24,userstudy_sid24_2026-01-14T02-21-10.923Z.txt,142,166,167,50,5,proposed,colordiffv2,proposed,colordiffv2,5697
24,userstudy_sid24_2026-01-14T02-21-10.923Z.txt,143,122,126,25,0,diffusart,painttorch,diffusart,painttorch,3604
24,userstudy_sid24_2026-01-14T02-21-10.923Z.txt,144,131,121,25,2,proposed,diffusart,diffusart,proposed,5758
24,userstudy_sid24_2026-01-14T02-21-10.923Z.txt,145,56,53,3,2,diffusart,proposed,proposed,diffusart,7294
24,userstudy_sid24_2026-01-14T02-21-10.923Z.txt,146,168,185,100,0,diffusart,painttorch,diffusart,painttorch,1998
24,userstudy_sid24_2026-01-14T02-21-10.923Z.txt,147,2,20,0,0,diffusart,painttorch,painttorch,diffusart,4765
24,userstudy_sid24_2026-01-14T02-21-10.923Z.txt,148,164,150,50,5,proposed,colordiffv2,proposed,colordiffv2,4712
24,userstudy_sid24_2026-01-14T02-21-10.923Z.txt,149,68,69,3,5,proposed,colordiffv2,colordiffv2,proposed,8853
24,userstudy_sid24_2026-01-14T02-21-10.923Z.txt,150,30,30,1,1,colordiffv2,diffusart,colordiffv2,diffusart,3469
24,userstudy_sid24_2026-01-14T02-21-10.923Z.txt,151,157,163,50,3,painttorch,colordiffv2,colordiffv2,painttorch,3751
24,userstudy_sid24_2026-01-14T02-21-10.923Z.txt,152,104,105,10,2,diffusart,proposed,proposed,diffusart,10266
24,userstudy_sid24_2026-01-14T02-21-10.923Z.txt,153,176,172,100,2,diffusart,proposed,proposed,diffusart,4412
24,userstudy_sid24_2026-01-14T02-21-10.923Z.txt,154,0,22,0,0,diffusart,painttorch,diffusart,painttorch,3984
24,userstudy_sid24_2026-01-14T02-21-10.923Z.txt,155,38,46,1,3,colordiffv2,painttorch,colordiffv2,painttorch,3026
24,userstudy_sid24_2026-01-14T02-21-10.923Z.txt,156,89,75,5,4,proposed,painttorch,painttorch,proposed,8216
24,userstudy_sid24_2026-01-14T02-21-10.923Z.txt,157,186,175,100,4,painttorch,proposed,proposed,painttorch,2184
24,userstudy_sid24_2026-01-14T02-21-10.923Z.txt,158,149,161,50,1,diffusart,colordiffv2,colordiffv2,diffusart,6517
24,userstudy_sid24_2026-01-14T02-21-10.923Z.txt,159,42,43,1,4,painttorch,proposed,painttorch,proposed,5343
24,userstudy_sid24_2026-01-14T02-21-10.923Z.txt,160,113,102,10,4,proposed,painttorch,proposed,painttorch,2177
24,userstudy_sid24_2026-01-14T02-21-10.923Z.txt,161,156,151,50,3,colordiffv2,painttorch,colordiffv2,painttorch,2722
24,userstudy_sid24_2026-01-14T02-21-10.923Z.txt,162,16,12,0,4,painttorch,proposed,painttorch,proposed,2771
24,userstudy_sid24_2026-01-14T02-21-10.923Z.txt,163,74,92,5,0,diffusart,painttorch,painttorch,diffusart,3397
24,userstudy_sid24_2026-01-14T02-21-10.923Z.txt,164,91,86,5,4,proposed,painttorch,proposed,painttorch,2878
24,userstudy_sid24_2026-01-14T02-21-10.923Z.txt,165,52,50,3,1,colordiffv2,diffusart,diffusart,colordiffv2,7993
24,userstudy_sid24_2026-01-14T02-21-10.923Z.txt,166,150,154,50,1,colordiffv2,diffusart,colordiffv2,diffusart,2274
24,userstudy_sid24_2026-01-14T02-21-10.923Z.txt,167,101,103,10,1,diffusart,colordiffv2,colordiffv2,diffusart,4383
24,userstudy_sid24_2026-01-14T02-21-10.923Z.txt,168,142,128,25,5,proposed,colordiffv2,proposed,colordiffv2,4944
24,userstudy_sid24_2026-01-14T02-21-10.923Z.txt,169,60,71,3,3,colordiffv2,painttorch,colordiffv2,painttorch,2244
24,userstudy_sid24_2026-01-14T02-21-10.923Z.txt,170,65,54,3,4,proposed,painttorch,proposed,painttorch,2612
24,userstudy_sid24_2026-01-14T02-21-10.923Z.txt,171,119,110,10,5,colordiffv2,proposed,proposed,colordiffv2,4553
24,userstudy_sid24_2026-01-14T02-21-10.923Z.txt,172,188,182,100,5,proposed,colordiffv2,colordiffv2,proposed,6172
24,userstudy_sid24_2026-01-14T02-21-10.923Z.txt,173,31,44,1,1,diffusart,colordiffv2,diffusart,colordiffv2,4230
24,userstudy_sid24_2026-01-14T02-21-10.923Z.txt,174,158,158,50,3,colordiffv2,painttorch,colordiffv2,painttorch,2001
24,userstudy_sid24_2026-01-14T02-21-10.923Z.txt,175,171,181,100,0,painttorch,diffusart,painttorch,diffusart,8527
24,userstudy_sid24_2026-01-14T02-21-10.923Z.txt,176,1,3,0,0,painttorch,diffusart,painttorch,diffusart,5593
24,userstudy_sid24_2026-01-14T02-21-10.923Z.txt,177,5,0,0,1,diffusart,colordiffv2,diffusart,colordiffv2,1854
24,userstudy_sid24_2026-01-14T02-21-10.923Z.txt,178,8,19,0,2,diffusart,proposed,proposed,diffusart,6222
24,userstudy_sid24_2026-01-14T02-21-10.923Z.txt,179,165,149,50,5,colordiffv2,proposed,proposed,colordiffv2,4191
24,userstudy_sid24_2026-01-14T02-21-10.923Z.txt,180,76,94,5,1,colordiffv2,diffusart,colordiffv2,diffusart,5175
24,userstudy_sid24_2026-01-14T02-21-10.923Z.txt,181,141,132,25,5,colordiffv2,proposed,colordiffv2,proposed,4174
24,userstudy_sid24_2026-01-14T02-21-10.923Z.txt,182,69,62,3,5,colordiffv2,proposed,proposed,colordiffv2,5569
24,userstudy_sid24_2026-01-14T02-21-10.923Z.txt,183,183,176,100,3,painttorch,colordiffv2,colordiffv2,painttorch,6363
24,userstudy_sid24_2026-01-14T02-21-10.923Z.txt,184,17,15,0,4,proposed,painttorch,painttorch,proposed,2850
24,userstudy_sid24_2026-01-14T02-21-10.923Z.txt,185,37,26,1,3,painttorch,colordiffv2,painttorch,colordiffv2,8997
24,userstudy_sid24_2026-01-14T02-21-10.923Z.txt,186,3,6,0,0,painttorch,diffusart,painttorch,diffusart,2748
24,userstudy_sid24_2026-01-14T02-21-10.923Z.txt,187,14,16,0,3,colordiffv2,painttorch,painttorch,colordiffv2,2358
24,userstudy_sid24_2026-01-14T02-21-10.923Z.txt,188,41,25,1,4,proposed,painttorch,proposed,painttorch,3728
24,userstudy_sid24_2026-01-14T02-21-10.923Z.txt,189,4,17,0,1,colordiffv2,diffusart,diffusart,colordiffv2,2249
24,userstudy_sid24_2026-01-14T02-21-10.923Z.txt,190,58,48,3,2,diffusart,proposed,diffusart,proposed,13118
24,userstudy_sid24_2026-01-14T02-21-10.923Z.txt,191,155,160,50,2,proposed,diffusart,proposed,diffusart,8909
25,userstudy_sid25_2026-01-14T03-00-10.710Z.txt,0,121,127,25,0,painttorch,diffusart,diffusart,painttorch,4072
25,userstudy_sid25_2026-01-14T03-00-10.710Z.txt,1,38,46,1,3,colordiffv2,painttorch,colordiffv2,painttorch,13396
25,userstudy_sid25_2026-01-14T03-00-10.710Z.txt,2,65,54,3,4,proposed,painttorch,proposed,painttorch,2672
25,userstudy_sid25_2026-01-14T03-00-10.710Z.txt,3,130,137,25,2,diffusart,proposed,proposed,diffusart,22259
25,userstudy_sid25_2026-01-14T03-00-10.710Z.txt,4,3,6,0,0,painttorch,diffusart,painttorch,diffusart,3682
25,userstudy_sid25_2026-01-14T03-00-10.710Z.txt,5,153,157,50,2,proposed,diffusart,proposed,diffusart,11026
25,userstudy_sid25_2026-01-14T03-00-10.710Z.txt,6,143,122,25,5,colordiffv2,proposed,proposed,colordiffv2,9222
25,userstudy_sid25_2026-01-14T03-00-10.710Z.txt,7,134,140,25,3,colordiffv2,painttorch,colordiffv2,painttorch,8050
25,userstudy_sid25_2026-01-14T03-00-10.710Z.txt,8,172,179,100,1,colordiffv2,diffusart,colordiffv2,diffusart,7656
25,userstudy_sid25_2026-01-14T03-00-10.710Z.txt,9,78,90,5,1,colordiffv2,diffusart,diffusart,colordiffv2,12193
25,userstudy_sid25_2026-01-14T03-00-10.710Z.txt,10,73,78,5,0,painttorch,diffusart,diffusart,painttorch,5169
25,userstudy_sid25_2026-01-14T03-00-10.710Z.txt,11,189,186,100,5,colordiffv2,proposed,proposed,colordiffv2,16420
25,userstudy_sid25_2026-01-14T03-00-10.710Z.txt,12,103,99,10,1,diffusart,colordiffv2,colordiffv2,diffusart,23593
25,userstudy_sid25_2026-01-14T03-00-10.710Z.txt,13,4,17,0,1,colordiffv2,diffusart,colordiffv2,diffusart,4959
25,userstudy_sid25_2026-01-14T03-00-10.710Z.txt,14,138,141,25,4,painttorch,proposed,proposed,painttorch,5968
25,userstudy_sid25_2026-01-14T03-00-10.710Z.txt,15,120,120,25,0,diffusart,painttorch,diffusart,painttorch,3540
25,userstudy_sid25_2026-01-14T03-00-10.710Z.txt,16,59,68,3,2,proposed,diffusart,proposed,diffusart,34554
25,userstudy_sid25_2026-01-14T03-00-10.710Z.txt,17,80,80,5,2,diffusart,proposed,proposed,diffusart,16241
25,userstudy_sid25_2026-01-14T03-00-10.710Z.txt,18,23,7,0,5,colordiffv2,proposed,colordiffv2,proposed,16930
25,userstudy_sid25_2026-01-14T03-00-10.710Z.txt,19,151,144,50,1,diffusart,colordiffv2,colordiffv2,diffusart,13396
25,userstudy_sid25_2026-01-14T03-00-10.710Z.txt,20,158,158,50,3,colordiffv2,painttorch,colordiffv2,painttorch,6542
25,userstudy_sid25_2026-01-14T03-00-10.710Z.txt,21,144,162,50,0,diffusart,painttorch,diffusart,painttorch,4297
25,userstudy_sid25_2026-01-14T03-00-10.710Z.txt,22,45,34,1,5,colordiffv2,proposed,colordiffv2,proposed,13576
25,userstudy_sid25_2026-01-14T03-00-10.710Z.txt,23,110,109,10,3,colordiffv2,painttorch,colordiffv2,painttorch,21508
25,userstudy_sid25_2026-01-14T03-00-10.710Z.txt,24,104,105,10,2,diffusart,proposed,proposed,diffusart,14536
25,userstudy_sid25_2026-01-14T03-00-10.710Z.txt,25,33,47,1,2,proposed,diffusart,proposed,diffusart,22334
25,userstudy_sid25_2026-01-14T03-00-10.710Z.txt,26,137,135,25,4,proposed,painttorch,proposed,painttorch,7999
25,userstudy_sid25_2026-01-14T03-00-10.710Z.txt,27,112,100,10,4,painttorch,proposed,proposed,painttorch,23350
25,userstudy_sid25_2026-01-14T03-00-10.710Z.txt,28,34,27,1,2,diffusart,proposed,proposed,diffusart,9057
25,userstudy_sid25_2026-01-14T03-00-10.710Z.txt,29,171,181,100,0,painttorch,diffusart,painttorch,diffusart,22134
25,userstudy_sid25_2026-01-14T03-00-10.710Z.txt,30,39,32,1,3,painttorch,colordiffv2,colordiffv2,painttorch,23218
25,userstudy_sid25_2026-01-14T03-00-10.710Z.txt,31,6,8,0,1,colordiffv2,diffusart,diffusart,colordiffv2,25176
25,userstudy_sid25_2026-01-14T03-00-10.710Z.txt,32,178,187,100,2,diffusart,proposed,diffusart,proposed,17777
25,userstudy_sid25_2026-01-14T03-00-10.710Z.txt,33,117,111,10,5,colordiffv2,proposed,proposed,colordiffv2,21092
25,userstudy_sid25_2026-01-14T03-00-10.710Z.txt,34,187,169,100,4,proposed,painttorch,proposed,painttorch,6712
25,userstudy_sid25_2026-01-14T03-00-10.710Z.txt,35,52,50,3,1,colordiffv2,diffusart,diffusart,colordiffv2,8394
25,userstudy_sid25_2026-01-14T03-00-10.710Z.txt,36,101,103,10,1,diffusart,colordiffv2,colordiffv2,diffusart,25042
25,userstudy_sid25_2026-01-14T03-00-10.710Z.txt,37,161,153,50,4,proposed,painttorch,proposed,painttorch,21989
25,userstudy_sid25_2026-01-14T03-00-10.710Z.txt,38,76,94,5,1,colordiffv2,diffusart,diffusart,colordiffv2,4899
25,userstudy_sid25_2026-01-14T03-00-10.710Z.txt,39,132,143,25,3,colordiffv2,painttorch,colordiffv2,painttorch,10501
25,userstudy_sid25_2026-01-14T03-00-10.710Z.txt,40,13,2,0,3,painttorch,colordiffv2,colordiffv2,painttorch,2921
25,userstudy_sid25_2026-01-14T03-00-10.710Z.txt,41,162,146,50,4,painttorch,proposed,proposed,painttorch,21703
25,userstudy_sid25_2026-01-14T03-00-10.710Z.txt,42,141,132,25,5,colordiffv2,proposed,colordiffv2,proposed,24177
25,userstudy_sid25_2026-01-14T03-00-10.710Z.txt,43,128,139,25,2,diffusart,proposed,proposed,diffusart,5985
25,userstudy_sid25_2026-01-14T03-00-10.710Z.txt,44,48,60,3,0,diffusart,painttorch,diffusart,painttorch,19987
25,userstudy_sid25_2026-01-14T03-00-10.710Z.txt,45,63,64,3,3,painttorch,colordiffv2,colordiffv2,painttorch,15540
25,userstudy_sid25_2026-01-14T03-00-10.710Z.txt,46,72,89,5,0,diffusart,painttorch,painttorch,diffusart,4952
25,userstudy_sid25_2026-01-14T03-00-10.710Z.txt,47,68,69,3,5,proposed,colordiffv2,proposed,colordiffv2,12446
25,userstudy_sid25_2026-01-14T03-00-10.710Z.txt,48,142,128,25,5,proposed,colordiffv2,proposed,colordiffv2,28192
25,userstudy_sid25_2026-01-14T03-00-10.710Z.txt,49,108,106,10,3,colordiffv2,painttorch,colordiffv2,painttorch,24420
25,userstudy_sid25_2026-01-14T03-00-10.710Z.txt,50,70,59,3,5,proposed,colordiffv2,proposed,colordiffv2,22587
25,userstudy_sid25_2026-01-14T03-00-10.710Z.txt,51,82,82,5,2,diffusart,proposed,diffusart,proposed,4886
25,userstudy_sid25_2026-01-14T03-00-10.710Z.txt,52,46,35,1,5,proposed,colordiffv2,colordiffv2,proposed,15341
25,userstudy_sid25_2026-01-14T03-00-10.710Z.txt,53,146,159,50,0,diffusart,painttorch,diffusart,painttorch,19121
25,userstudy_sid25_2026-01-14T03-00-10.710Z.txt,54,131,121,25,2,proposed,diffusart,proposed,diffusart,11029
25,userstudy_sid25_2026-01-14T03-00-10.710Z.txt,55,167,152,50,5,colordiffv2,proposed,proposed,colordiffv2,12011
25,userstudy_sid25_2026-01-14T03-00-10.710Z.txt,56,83,84,5,2,proposed,diffusart,diffusart,proposed,7839
25,userstudy_sid25_2026-01-14T03-00-10.710Z.txt,57,75,88,5,0,painttorch,diffusart,diffusart,painttorch,5789
25,userstudy_sid25_2026-01-14T03-00-10.710Z.txt,58,92,85,5,5,proposed,colordiffv2,colordiffv2,proposed,19754
25,userstudy_sid25_2026-01-14T03-00-10.710Z.txt,59,99,114,10,0,painttorch,diffusart,diffusart,painttorch,19258
25,userstudy_sid25_2026-01-14T03-00-10.710Z.txt,60,17,15,0,4,proposed,painttorch,proposed,painttorch,13869
25,userstudy_sid25_2026-01-14T03-00-10.710Z.txt,61,1,3,0,0,painttorch,diffusart,diffusart,painttorch,8547
25,userstudy_sid25_2026-01-14T03-00-10.710Z.txt,62,21,11,0,5,colordiffv2,proposed,colordiffv2,proposed,11701
25,userstudy_sid25_2026-01-14T03-00-10.710Z.txt,63,12,23,0,3,colordiffv2,painttorch,colordiffv2,painttorch,11607
25,userstudy_sid25_2026-01-14T03-00-10.710Z.txt,64,115,107,10,4,proposed,painttorch,painttorch,proposed,6906
25,userstudy_sid25_2026-01-14T03-00-10.710Z.txt,65,147,166,50,0,painttorch,diffusart,diffusart,painttorch,6916
25,userstudy_sid25_2026-01-14T03-00-10.710Z.txt,66,60,71,3,3,colordiffv2,painttorch,colordiffv2,painttorch,12308
25,userstudy_sid25_2026-01-14T03-00-10.710Z.txt,67,25,29,1,0,painttorch,diffusart,painttorch,diffusart,13018
25,userstudy_sid25_2026-01-14T03-00-10.710Z.txt,68,123,133,25,0,painttorch,diffusart,diffusart,painttorch,6356
25,userstudy_sid25_2026-01-14T03-00-10.710Z.txt,69,173,174,100,1,diffusart,colordiffv2,diffusart,colordiffv2,3826
25,userstudy_sid25_2026-01-14T03-00-10.710Z.txt,70,140,142,25,5,proposed,colordiffv2,proposed,colordiffv2,13954
25,userstudy_sid25_2026-01-14T03-00-10.710Z.txt,71,133,123,25,3,painttorch,colordiffv2,colordiffv2,painttorch,11056
25,userstudy_sid25_2026-01-14T03-00-10.710Z.txt,72,183,176,100,3,painttorch,colordiffv2,colordiffv2,painttorch,8136
25,userstudy_sid25_2026-01-14T03-00-10.710Z.txt,73,163,145,50,4,proposed,painttorch,proposed,painttorch,11330
25,userstudy_sid25_2026-01-14T03-00-10.710Z.txt,74,119,110,10,5,colordiffv2,proposed,proposed,colordiffv2,18148
25,userstudy_sid25_2026-01-14T03-00-10.710Z.txt,75,148,165,50,1,colordiffv2,diffusart,colordiffv2,diffusart,10865
25,userstudy_sid25_2026-01-14T03-00-10.710Z.txt,76,164,150,50,5,proposed,colordiffv2,proposed,colordiffv2,6492
25,userstudy_sid25_2026-01-14T03-00-10.710Z.txt,77,166,167,50,5,proposed,colordiffv2,proposed,colordiffv2,4428
25,userstudy_sid25_2026-01-14T03-00-10.710Z.txt,78,36,36,1,3,colordiffv2,painttorch,colordiffv2,painttorch,5011
25,userstudy_sid25_2026-01-14T03-00-10.710Z.txt,79,67,67,3,4,proposed,painttorch,proposed,painttorch,11948
25,userstudy_sid25_2026-01-14T03-00-10.710Z.txt,80,155,160,50,2,proposed,diffusart,proposed,diffusart,9877
25,userstudy_sid25_2026-01-14T03-00-10.710Z.txt,81,96,119,10,0,diffusart,painttorch,diffusart,painttorch,4100
25,userstudy_sid25_2026-01-14T03-00-10.710Z.txt,82,116,98,10,5,proposed,colordiffv2,proposed,colordiffv2,8928
25,userstudy_sid25_2026-01-14T03-00-10.710Z.txt,83,174,190,100,1,colordiffv2,diffusart,diffusart,colordiffv2,13909
25,userstudy_sid25_2026-01-14T03-00-10.710Z.txt,84,19,10,0,4,proposed,painttorch,painttorch,proposed,14206
25,userstudy_sid25_2026-01-14T03-00-10.710Z.txt,85,184,178,100,4,painttorch,proposed,proposed,painttorch,7287
25,userstudy_sid25_2026-01-14T03-00-10.710Z.txt,86,50,65,3,0,diffusart,painttorch,diffusart,painttorch,4085
25,userstudy_sid25_2026-01-14T03-00-10.710Z.txt,87,47,42,1,5,colordiffv2,proposed,proposed,colordiffv2,19480
25,userstudy_sid25_2026-01-14T03-00-10.710Z.txt,88,126,136,25,1,colordiffv2,diffusart,colordiffv2,diffusart,6097
25,userstudy_sid25_2026-01-14T03-00-10.710Z.txt,89,154,147,50,2,diffusart,proposed,proposed,diffusart,3314
25,userstudy_sid25_2026-01-14T03-00-10.710Z.txt,90,105,112,10,2,proposed,diffusart,proposed,diffusart,5308
25,userstudy_sid25_2026-01-14T03-00-10.710Z.txt,91,90,87,5,4,painttorch,proposed,proposed,painttorch,2668
25,userstudy_sid25_2026-01-14T03-00-10.710Z.txt,92,27,33,1,0,painttorch,diffusart,painttorch,diffusart,19825
25,userstudy_sid25_2026-01-14T03-00-10.710Z.txt,93,66,49,3,4,painttorch,proposed,proposed,painttorch,21348
25,userstudy_sid25_2026-01-14T03-00-10.710Z.txt,94,43,31,1,4,proposed,painttorch,proposed,painttorch,14191
25,userstudy_sid25_2026-01-14T03-00-10.710Z.txt,95,136,125,25,4,painttorch,proposed,proposed,painttorch,4338
25,userstudy_sid25_2026-01-14T03-00-10.710Z.txt,96,179,180,100,2,proposed,diffusart,proposed,diffusart,7981
25,userstudy_sid25_2026-01-14T03-00-10.710Z.txt,97,61,51,3,3,painttorch,colordiffv2,colordiffv2,painttorch,16411
25,userstudy_sid25_2026-01-14T03-00-10.710Z.txt,98,53,66,3,1,diffusart,colordiffv2,diffusart,colordiffv2,24112
25,userstudy_sid25_2026-01-14T03-00-10.710Z.txt,99,44,39,1,5,proposed,colordiffv2,colordiffv2,proposed,5557
25,userstudy_sid25_2026-01-14T03-00-10.710Z.txt,100,69,62,3,5,colordiffv2,proposed,proposed,colordiffv2,6946
25,userstudy_sid25_2026-01-14T03-00-10.710Z.txt,101,97,96,10,0,painttorch,diffusart,diffusart,painttorch,6413
25,userstudy_sid25_2026-01-14T03-00-10.710Z.txt,102,11,14,0,2,proposed,diffusart,diffusart,proposed,3679
25,userstudy_sid25_2026-01-14T03-00-10.710Z.txt,103,32,28,1,2,diffusart,proposed,proposed,diffusart,7944
25,userstudy_sid25_2026-01-14T03-00-10.710Z.txt,104,107,116,10,2,proposed,diffusart,proposed,diffusart,5635
25,userstudy_sid25_2026-01-14T03-00-10.710Z.txt,105,109,108,10,3,painttorch,colordiffv2,colordiffv2,painttorch,12448
25,userstudy_sid25_2026-01-14T03-00-10.710Z.txt,106,35,38,1,2,proposed,diffusart,diffusart,proposed,24059
25,userstudy_sid25_2026-01-14T03-00-10.710Z.txt,107,139,134,25,4,proposed,painttorch,proposed,painttorch,6341
25,userstudy_sid25_2026-01-14T03-00-10.710Z.txt,108,71,55,3,5,colordiffv2,proposed,colordiffv2,proposed,7992
25,userstudy_sid25_2026-01-14T03-00-10.710Z.txt,109,145,148,50,0,painttorch,diffusart,diffusart,painttorch,14893
25,userstudy_sid25_2026-01-14T03-00-10.710Z.txt,110,111,97,10,3,painttorch,colordiffv2,colordiffv2,painttorch,7438
25,userstudy_sid25_2026-01-14T03-00-10.710Z.txt,111,176,172,100,2,diffusart,proposed,proposed,diffusart,5449
25,userstudy_sid25_2026-01-14T03-00-10.710Z.txt,112,9,5,0,2,proposed,diffusart,diffusart,proposed,3223
25,userstudy_sid25_2026-01-14T03-00-10.710Z.txt,113,79,81,5,1,diffusart,colordiffv2,colordiffv2,diffusart,19944
25,userstudy_sid25_2026-01-14T03-00-10.710Z.txt,114,51,61,3,0,painttorch,diffusart,diffusart,painttorch,7282
25,userstudy_sid25_2026-01-14T03-00-10.710Z.txt,115,165,149,50,5,colordiffv2,proposed,proposed,colordiffv2,7820
25,userstudy_sid25_2026-01-14T03-00-10.710Z.txt,116,57,58,3,2,proposed,diffusart,proposed,diffusart,15581
25,userstudy_sid25_2026-01-14T03-00-10.710Z.txt,117,88,91,5,4,painttorch,proposed,proposed,painttorch,6191
25,userstudy_sid25_2026-01-14T03-00-10.710Z.txt,118,77,72,5,1,diffusart,colordiffv2,colordiffv2,diffusart,14564
25,userstudy_sid25_2026-01-14T03-00-10.710Z.txt,119,56,53,3,2,diffusart,proposed,proposed,diffusart,19284
25,userstudy_sid25_2026-01-14T03-00-10.710Z.txt,120,22,4,0,5,proposed,colordiffv2,colordiffv2,proposed,7724
25,userstudy_sid25_2026-01-14T03-00-10.710Z.txt,121,175,188,100,1,diffusart,colordiffv2,diffusart,colordiffv2,16908
25,userstudy_sid25_2026-01-14T03-00-10.710Z.txt,122,157,163,50,3,painttorch,colordiffv2,painttorch,colordiffv2,6969
25,userstudy_sid25_2026-01-14T03-00-10.710Z.txt,123,16,12,0,4,painttorch,proposed,painttorch,proposed,5626
25,userstudy_sid25_2026-01-14T03-00-10.710Z.txt,124,100,104,10,1,colordiffv2,diffusart,diffusart,colordiffv2,13516
25,userstudy_sid25_2026-01-14T03-00-10.710Z.txt,125,81,74,5,2,proposed,diffusart,proposed,diffusart,18029
25,userstudy_sid25_2026-01-14T03-00-10.710Z.txt,126,49,70,3,0,painttorch,diffusart,diffusart,painttorch,6701
25,userstudy_sid25_2026-01-14T03-00-10.710Z.txt,127,84,79,5,3,colordiffv2,painttorch,colordiffv2,painttorch,7071
25,userstudy_sid25_2026-01-14T03-00-10.710Z.txt,128,55,57,3,1,diffusart,colordiffv2,diffusart,colordiffv2,8985
25,userstudy_sid25_2026-01-14T03-00-10.710Z.txt,129,159,156,50,3,painttorch,colordiffv2,colordiffv2,painttorch,3816
25,userstudy_sid25_2026-01-14T03-00-10.710Z.txt,130,42,43,1,4,painttorch,proposed,proposed,painttorch,4319
25,userstudy_sid25_2026-01-14T03-00-10.710Z.txt,131,177,184,100,2,proposed,diffusart,proposed,diffusart,9756
25,userstudy_sid25_2026-01-14T03-00-10.710Z.txt,132,0,22,0,0,diffusart,painttorch,painttorch,diffusart,4600
25,userstudy_sid25_2026-01-14T03-00-10.710Z.txt,133,180,168,100,3,colordiffv2,painttorch,colordiffv2,painttorch,6412
25,userstudy_sid25_2026-01-14T03-00-10.710Z.txt,134,106,117,10,2,diffusart,proposed,proposed,diffusart,16992
25,userstudy_sid25_2026-01-14T03-00-10.710Z.txt,135,58,48,3,2,diffusart,proposed,proposed,diffusart,21255
25,userstudy_sid25_2026-01-14T03-00-10.710Z.txt,136,20,1,0,5,proposed,colordiffv2,colordiffv2,proposed,7222
25,userstudy_sid25_2026-01-14T03-00-10.710Z.txt,137,129,130,25,2,proposed,diffusart,proposed,diffusart,17169
25,userstudy_sid25_2026-01-14T03-00-10.710Z.txt,138,28,40,1,1,colordiffv2,diffusart,colordiffv2,diffusart,5314
25,userstudy_sid25_2026-01-14T03-00-10.710Z.txt,139,188,182,100,5,proposed,colordiffv2,proposed,colordiffv2,3524
25,userstudy_sid25_2026-01-14T03-00-10.710Z.txt,140,102,101,10,1,colordiffv2,diffusart,colordiffv2,diffusart,9127
25,userstudy_sid25_2026-01-14T03-00-10.710Z.txt,141,85,83,5,3,painttorch,colordiffv2,colordiffv2,painttorch,6860
25,userstudy_sid25_2026-01-14T03-00-10.710Z.txt,142,118,115,10,5,proposed,colordiffv2,proposed,colordiffv2,5879
25,userstudy_sid25_2026-01-14T03-00-10.710Z.txt,143,7,21,0,1,diffusart,colordiffv2,colordiffv2,diffusart,3244
25,userstudy_sid25_2026-01-14T03-00-10.710Z.txt,144,124,138,25,1,colordiffv2,diffusart,diffusart,colordiffv2,9305
25,userstudy_sid25_2026-01-14T03-00-10.710Z.txt,145,14,16,0,3,colordiffv2,painttorch,colordiffv2,painttorch,2692
25,userstudy_sid25_2026-01-14T03-00-10.710Z.txt,146,125,124,25,1,diffusart,colordiffv2,diffusart,colordiffv2,13641
25,userstudy_sid25_2026-01-14T03-00-10.710Z.txt,147,152,155,50,2,diffusart,proposed,proposed,diffusart,11336
25,userstudy_sid25_2026-01-14T03-00-10.710Z.txt,148,127,129,25,1,diffusart,colordiffv2,diffusart,colordiffv2,4995
25,userstudy_sid25_2026-01-14T03-00-10.710Z.txt,149,10,13,0,2,diffusart,proposed,diffusart,proposed,11480
25,userstudy_sid25_2026-01-14T03-00-10.710Z.txt,150,185,183,100,4,proposed,painttorch,proposed,painttorch,2346
25,userstudy_sid25_2026-01-14T03-00-10.710Z.txt,151,98,113,10,0,diffusart,painttorch,diffusart,painttorch,3448
25,userstudy_sid25_2026-01-14T03-00-10.710Z.txt,152,93,95,5,5,colordiffv2,proposed,colordiffv2,proposed,8344
25,userstudy_sid25_2026-01-14T03-00-10.710Z.txt,153,31,44,1,1,diffusart,colordiffv2,diffusart,colordiffv2,10504
25,userstudy_sid25_2026-01-14T03-00-10.710Z.txt,154,168,185,100,0,diffusart,painttorch,diffusart,painttorch,2402
25,userstudy_sid25_2026-01-14T03-00-10.710Z.txt,155,64,52,3,4,painttorch,proposed,proposed,painttorch,13518
25,userstudy_sid25_2026-01-14T03-00-10.710Z.txt,156,190,191,100,5,proposed,colordiffv2,proposed,colordiffv2,2073
25,userstudy_sid25_2026-01-14T03-00-10.710Z.txt,157,40,45,1,4,painttorch,proposed,proposed,painttorch,32334
25,userstudy_sid25_2026-01-14T03-00-10.710Z.txt,158,135,131,25,3,painttorch,colordiffv2,colordiffv2,painttorch,6303
25,userstudy_sid25_2026-01-14T03-00-10.710Z.txt,159,8,19,0,2,diffusart,proposed,diffusart,proposed,6593
25,userstudy_sid25_2026-01-14T03-00-10.710Z.txt,160,62,56,3,3,colordiffv2,painttorch,colordiffv2,painttorch,5243
25,userstudy_sid25_2026-01-14T03-00-10.710Z.txt,161,54,63,3,1,colordiffv2,diffusart,diffusart,colordiffv2,11211
25,userstudy_sid25_2026-01-14T03-00-10.710Z.txt,162,15,18,0,3,painttorch,colordiffv2,colordiffv2,painttorch,1663
25,userstudy_sid25_2026-01-14T03-00-10.710Z.txt,163,29,24,1,1,diffusart,colordiffv2,diffusart,colordiffv2,26049
25,userstudy_sid25_2026-01-14T03-00-10.710Z.txt,164,95,93,5,5,colordiffv2,proposed,proposed,colordiffv2,23963
25,userstudy_sid25_2026-01-14T03-00-10.710Z.txt,165,2,20,0,0,diffusart,painttorch,diffusart,painttorch,19204
25,userstudy_sid25_2026-01-14T03-00-10.710Z.txt,166,24,37,1,0,diffusart,painttorch,diffusart,painttorch,10613
25,userstudy_sid25_2026-01-14T03-00-10.710Z.txt,167,170,171,100,0,diffusart,painttorch,painttorch,diffusart,10265
25,userstudy_sid25_2026-01-14T03-00-10.710Z.txt,168,86,77,5,3,colordiffv2,painttorch,colordiffv2,painttorch,6723
25,userstudy_sid25_2026-01-14T03-00-10.710Z.txt,169,156,151,50,3,colordiffv2,painttorch,colordiffv2,painttorch,2321
25,userstudy_sid25_2026-01-14T03-00-10.710Z.txt,170,160,164,50,4,painttorch,proposed,proposed,painttorch,2772
25,userstudy_sid25_2026-01-14T03-00-10.710Z.txt,171,114,118,10,4,painttorch,proposed,proposed,painttorch,4437
25,userstudy_sid25_2026-01-14T03-00-10.710Z.txt,172,182,177,100,3,colordiffv2,painttorch,colordiffv2,painttorch,3143
25,userstudy_sid25_2026-01-14T03-00-10.710Z.txt,173,41,25,1,4,proposed,painttorch,proposed,painttorch,3044
25,userstudy_sid25_2026-01-14T03-00-10.710Z.txt,174,149,161,50,1,diffusart,colordiffv2,diffusart,colordiffv2,2389
25,userstudy_sid25_2026-01-14T03-00-10.710Z.txt,175,150,154,50,1,colordiffv2,diffusart,colordiffv2,diffusart,1934
25,userstudy_sid25_2026-01-14T03-00-10.710Z.txt,176,186,175,100,4,painttorch,proposed,proposed,painttorch,2843
25,userstudy_sid25_2026-01-14T03-00-10.710Z.txt,177,37,26,1,3,painttorch,colordiffv2,colordiffv2,painttorch,3494
25,userstudy_sid25_2026-01-14T03-00-10.710Z.txt,178,87,76,5,3,painttorch,colordiffv2,colordiffv2,painttorch,2660
25,userstudy_sid25_2026-01-14T03-00-10.710Z.txt,179,113,102,10,4,proposed,painttorch,proposed,painttorch,3317
25,userstudy_sid25_2026-01-14T03-00-10.710Z.txt,180,122,126,25,0,diffusart,painttorch,diffusart,painttorch,2825
25,userstudy_sid25_2026-01-14T03-00-10.710Z.txt,181,30,30,1,1,colordiffv2,diffusart,diffusart,colordiffv2,2423
25,userstudy_sid25_2026-01-14T03-00-10.710Z.txt,182,74,92,5,0,diffusart,painttorch,diffusart,painttorch,5519
25,userstudy_sid25_2026-01-14T03-00-10.710Z.txt,183,191,189,100,5,colordiffv2,proposed,proposed,colordiffv2,9933
25,userstudy_sid25_2026-01-14T03-00-10.710Z.txt,184,169,173,100,0,painttorch,diffusart,diffusart,painttorch,2869
25,userstudy_sid25_2026-01-14T03-00-10.710Z.txt,185,18,9,0,4,painttorch,proposed,painttorch,proposed,6323
25,userstudy_sid25_2026-01-14T03-00-10.710Z.txt,186,181,170,100,3,painttorch,colordiffv2,colordiffv2,painttorch,2764
25,userstudy_sid25_2026-01-14T03-00-10.710Z.txt,187,94,73,5,5,proposed,colordiffv2,proposed,colordiffv2,8082
25,userstudy_sid25_2026-01-14T03-00-10.710Z.txt,188,5,0,0,1,diffusart,colordiffv2,colordiffv2,diffusart,2411
25,userstudy_sid25_2026-01-14T03-00-10.710Z.txt,189,26,41,1,0,diffusart,painttorch,diffusart,painttorch,5690
25,userstudy_sid25_2026-01-14T03-00-10.710Z.txt,190,89,75,5,4,proposed,painttorch,proposed,painttorch,3831
25,userstudy_sid25_2026-01-14T03-00-10.710Z.txt,191,91,86,5,4,proposed,painttorch,proposed,painttorch,2716
26,userstudy_sid26_2026-01-14T03-32-35.258Z.txt,0,96,119,10,0,diffusart,painttorch,diffusart,painttorch,6658
26,userstudy_sid26_2026-01-14T03-32-35.258Z.txt,1,160,164,50,4,painttorch,proposed,proposed,painttorch,3630
26,userstudy_sid26_2026-01-14T03-32-35.258Z.txt,2,48,60,3,0,diffusart,painttorch,diffusart,painttorch,4345
26,userstudy_sid26_2026-01-14T03-32-35.258Z.txt,3,33,47,1,2,proposed,diffusart,proposed,diffusart,8147
26,userstudy_sid26_2026-01-14T03-32-35.258Z.txt,4,182,177,100,3,colordiffv2,painttorch,colordiffv2,painttorch,3035
26,userstudy_sid26_2026-01-14T03-32-35.258Z.txt,5,82,82,5,2,diffusart,proposed,diffusart,proposed,9546
26,userstudy_sid26_2026-01-14T03-32-35.258Z.txt,6,0,22,0,0,diffusart,painttorch,painttorch,diffusart,7775
26,userstudy_sid26_2026-01-14T03-32-35.258Z.txt,7,101,103,10,1,diffusart,colordiffv2,colordiffv2,diffusart,17627
26,userstudy_sid26_2026-01-14T03-32-35.258Z.txt,8,103,99,10,1,diffusart,colordiffv2,diffusart,colordiffv2,9438
26,userstudy_sid26_2026-01-14T03-32-35.258Z.txt,9,93,95,5,5,colordiffv2,proposed,proposed,colordiffv2,8980
26,userstudy_sid26_2026-01-14T03-32-35.258Z.txt,10,139,134,25,4,proposed,painttorch,proposed,painttorch,3018
26,userstudy_sid26_2026-01-14T03-32-35.258Z.txt,11,18,9,0,4,painttorch,proposed,painttorch,proposed,3024
26,userstudy_sid26_2026-01-14T03-32-35.258Z.txt,12,144,162,50,0,diffusart,painttorch,diffusart,painttorch,6951
26,userstudy_sid26_2026-01-14T03-32-35.258Z.txt,13,78,90,5,1,colordiffv2,diffusart,colordiffv2,diffusart,8758
26,userstudy_sid26_2026-01-14T03-32-35.258Z.txt,14,187,169,100,4,proposed,painttorch,proposed,painttorch,5005
26,userstudy_sid26_2026-01-14T03-32-35.258Z.txt,15,54,63,3,1,colordiffv2,diffusart,diffusart,colordiffv2,15993
26,userstudy_sid26_2026-01-14T03-32-35.258Z.txt,16,79,81,5,1,diffusart,colordiffv2,diffusart,colordiffv2,8809
26,userstudy_sid26_2026-01-14T03-32-35.258Z.txt,17,23,7,0,5,colordiffv2,proposed,proposed,colordiffv2,7683
26,userstudy_sid26_2026-01-14T03-32-35.258Z.txt,18,135,131,25,3,painttorch,colordiffv2,colordiffv2,painttorch,9323
26,userstudy_sid26_2026-01-14T03-32-35.258Z.txt,19,69,62,3,5,colordiffv2,proposed,proposed,colordiffv2,5259
26,userstudy_sid26_2026-01-14T03-32-35.258Z.txt,20,56,53,3,2,diffusart,proposed,proposed,diffusart,8482
26,userstudy_sid26_2026-01-14T03-32-35.258Z.txt,21,125,124,25,1,diffusart,colordiffv2,colordiffv2,diffusart,5062
26,userstudy_sid26_2026-01-14T03-32-35.258Z.txt,22,11,14,0,2,proposed,diffusart,diffusart,proposed,3778
26,userstudy_sid26_2026-01-14T03-32-35.258Z.txt,23,31,44,1,1,diffusart,colordiffv2,colordiffv2,diffusart,17317
26,userstudy_sid26_2026-01-14T03-32-35.258Z.txt,24,110,109,10,3,colordiffv2,painttorch,colordiffv2,painttorch,9287
26,userstudy_sid26_2026-01-14T03-32-35.258Z.txt,25,152,155,50,2,diffusart,proposed,proposed,diffusart,8538
26,userstudy_sid26_2026-01-14T03-32-35.258Z.txt,26,145,148,50,0,painttorch,diffusart,diffusart,painttorch,5520
26,userstudy_sid26_2026-01-14T03-32-35.258Z.txt,27,172,179,100,1,colordiffv2,diffusart,colordiffv2,diffusart,4249
26,userstudy_sid26_2026-01-14T03-32-35.258Z.txt,28,76,94,5,1,colordiffv2,diffusart,colordiffv2,diffusart,16496
26,userstudy_sid26_2026-01-14T03-32-35.258Z.txt,29,91,86,5,4,proposed,painttorch,proposed,painttorch,9469
26,userstudy_sid26_2026-01-14T03-32-35.258Z.txt,30,173,174,100,1,diffusart,colordiffv2,diffusart,colordiffv2,6953
26,userstudy_sid26_2026-01-14T03-32-35.258Z.txt,31,43,31,1,4,proposed,painttorch,proposed,painttorch,6404
26,userstudy_sid26_2026-01-14T03-32-35.258Z.txt,32,162,146,50,4,painttorch,proposed,proposed,painttorch,9927
26,userstudy_sid26_2026-01-14T03-32-35.258Z.txt,33,22,4,0,5,proposed,colordiffv2,proposed,colordiffv2,2392
26,userstudy_sid26_2026-01-14T03-32-35.258Z.txt,34,94,73,5,5,proposed,colordiffv2,proposed,colordiffv2,13064
26,userstudy_sid26_2026-01-14T03-32-35.258Z.txt,35,138,141,25,4,painttorch,proposed,proposed,painttorch,2387
26,userstudy_sid26_2026-01-14T03-32-35.258Z.txt,36,77,72,5,1,diffusart,colordiffv2,diffusart,colordiffv2,3116
26,userstudy_sid26_2026-01-14T03-32-35.258Z.txt,37,105,112,10,2,proposed,diffusart,proposed,diffusart,4199
26,userstudy_sid26_2026-01-14T03-32-35.258Z.txt,38,140,142,25,5,proposed,colordiffv2,proposed,colordiffv2,5804
26,userstudy_sid26_2026-01-14T03-32-35.258Z.txt,39,90,87,5,4,painttorch,proposed,proposed,painttorch,4189
26,userstudy_sid26_2026-01-14T03-32-35.258Z.txt,40,74,92,5,0,diffusart,painttorch,painttorch,diffusart,3935
26,userstudy_sid26_2026-01-14T03-32-35.258Z.txt,41,26,41,1,0,diffusart,painttorch,diffusart,painttorch,1985
26,userstudy_sid26_2026-01-14T03-32-35.258Z.txt,42,112,100,10,4,painttorch,proposed,proposed,painttorch,2522
26,userstudy_sid26_2026-01-14T03-32-35.258Z.txt,43,177,184,100,2,proposed,diffusart,proposed,diffusart,4069
26,userstudy_sid26_2026-01-14T03-32-35.258Z.txt,44,21,11,0,5,colordiffv2,proposed,proposed,colordiffv2,4181
26,userstudy_sid26_2026-01-14T03-32-35.258Z.txt,45,118,115,10,5,proposed,colordiffv2,proposed,colordiffv2,7117
26,userstudy_sid26_2026-01-14T03-32-35.258Z.txt,46,166,167,50,5,proposed,colordiffv2,proposed,colordiffv2,3891
26,userstudy_sid26_2026-01-14T03-32-35.258Z.txt,47,154,147,50,2,diffusart,proposed,proposed,diffusart,3277
26,userstudy_sid26_2026-01-14T03-32-35.258Z.txt,48,136,125,25,4,painttorch,proposed,proposed,painttorch,2236
26,userstudy_sid26_2026-01-14T03-32-35.258Z.txt,49,36,36,1,3,colordiffv2,painttorch,colordiffv2,painttorch,4678
26,userstudy_sid26_2026-01-14T03-32-35.258Z.txt,50,64,52,3,4,painttorch,proposed,proposed,painttorch,5958
26,userstudy_sid26_2026-01-14T03-32-35.258Z.txt,51,155,160,50,2,proposed,diffusart,proposed,diffusart,12527
26,userstudy_sid26_2026-01-14T03-32-35.258Z.txt,52,80,80,5,2,diffusart,proposed,proposed,diffusart,11383
26,userstudy_sid26_2026-01-14T03-32-35.258Z.txt,53,34,27,1,2,diffusart,proposed,proposed,diffusart,9271
26,userstudy_sid26_2026-01-14T03-32-35.258Z.txt,54,86,77,5,3,colordiffv2,painttorch,colordiffv2,painttorch,2399
26,userstudy_sid26_2026-01-14T03-32-35.258Z.txt,55,29,24,1,1,diffusart,colordiffv2,diffusart,colordiffv2,6083
26,userstudy_sid26_2026-01-14T03-32-35.258Z.txt,56,158,158,50,3,colordiffv2,painttorch,colordiffv2,painttorch,1493
26,userstudy_sid26_2026-01-14T03-32-35.258Z.txt,57,159,156,50,3,painttorch,colordiffv2,colordiffv2,painttorch,5443
26,userstudy_sid26_2026-01-14T03-32-35.258Z.txt,58,38,46,1,3,colordiffv2,painttorch,colordiffv2,painttorch,59834
26,userstudy_sid26_2026-01-14T03-32-35.258Z.txt,59,95,93,5,5,colordiffv2,proposed,proposed,colordiffv2,37773
26,userstudy_sid26_2026-01-14T03-32-35.258Z.txt,60,60,71,3,3,colordiffv2,painttorch,colordiffv2,painttorch,4348
26,userstudy_sid26_2026-01-14T03-32-35.258Z.txt,61,20,1,0,5,proposed,colordiffv2,proposed,colordiffv2,1870
26,userstudy_sid26_2026-01-14T03-32-35.258Z.txt,62,97,96,10,0,painttorch,diffusart,diffusart,painttorch,3685
26,userstudy_sid26_2026-01-14T03-32-35.258Z.txt,63,9,5,0,2,proposed,diffusart,diffusart,proposed,3079
26,userstudy_sid26_2026-01-14T03-32-35.258Z.txt,64,133,123,25,3,painttorch,colordiffv2,colordiffv2,painttorch,1728
26,userstudy_sid26_2026-01-14T03-32-35.258Z.txt,65,71,55,3,5,colordiffv2,proposed,proposed,colordiffv2,9455
26,userstudy_sid26_2026-01-14T03-32-35.258Z.txt,66,119,110,10,5,colordiffv2,proposed,proposed,colordiffv2,3677
26,userstudy_sid26_2026-01-14T03-32-35.258Z.txt,67,99,114,10,0,painttorch,diffusart,diffusart,painttorch,4614
26,userstudy_sid26_2026-01-14T03-32-35.258Z.txt,68,61,51,3,3,painttorch,colordiffv2,colordiffv2,painttorch,6641
26,userstudy_sid26_2026-01-14T03-32-35.258Z.txt,69,104,105,10,2,diffusart,proposed,proposed,diffusart,13365
26,userstudy_sid26_2026-01-14T03-32-35.258Z.txt,70,40,45,1,4,painttorch,proposed,proposed,painttorch,4684
26,userstudy_sid26_2026-01-14T03-32-35.258Z.txt,71,146,159,50,0,diffusart,painttorch,diffusart,painttorch,5839
26,userstudy_sid26_2026-01-14T03-32-35.258Z.txt,72,57,58,3,2,proposed,diffusart,proposed,diffusart,5631
26,userstudy_sid26_2026-01-14T03-32-35.258Z.txt,73,106,117,10,2,diffusart,proposed,proposed,diffusart,15499
26,userstudy_sid26_2026-01-14T03-32-35.258Z.txt,74,117,111,10,5,colordiffv2,proposed,proposed,colordiffv2,14409
26,userstudy_sid26_2026-01-14T03-32-35.258Z.txt,75,178,187,100,2,diffusart,proposed,proposed,diffusart,6273
26,userstudy_sid26_2026-01-14T03-32-35.258Z.txt,76,171,181,100,0,painttorch,diffusart,painttorch,diffusart,14794
26,userstudy_sid26_2026-01-14T03-32-35.258Z.txt,77,6,8,0,1,colordiffv2,diffusart,diffusart,colordiffv2,2407
26,userstudy_sid26_2026-01-14T03-32-35.258Z.txt,78,65,54,3,4,proposed,painttorch,proposed,painttorch,4272
26,userstudy_sid26_2026-01-14T03-32-35.258Z.txt,79,58,48,3,2,diffusart,proposed,proposed,diffusart,17949
26,userstudy_sid26_2026-01-14T03-32-35.258Z.txt,80,50,65,3,0,diffusart,painttorch,diffusart,painttorch,4799
26,userstudy_sid26_2026-01-14T03-32-35.258Z.txt,81,98,113,10,0,diffusart,painttorch,diffusart,painttorch,2065
26,userstudy_sid26_2026-01-14T03-32-35.258Z.txt,82,55,57,3,1,diffusart,colordiffv2,diffusart,colordiffv2,7192
26,userstudy_sid26_2026-01-14T03-32-35.258Z.txt,83,102,101,10,1,colordiffv2,diffusart,colordiffv2,diffusart,3606
26,userstudy_sid26_2026-01-14T03-32-35.258Z.txt,84,107,116,10,2,proposed,diffusart,proposed,diffusart,5843
26,userstudy_sid26_2026-01-14T03-32-35.258Z.txt,85,19,10,0,4,proposed,painttorch,proposed,painttorch,2103
26,userstudy_sid26_2026-01-14T03-32-35.258Z.txt,86,30,30,1,1,colordiffv2,diffusart,diffusart,colordiffv2,3034
26,userstudy_sid26_2026-01-14T03-32-35.258Z.txt,87,148,165,50,1,colordiffv2,diffusart,colordiffv2,diffusart,8274
26,userstudy_sid26_2026-01-14T03-32-35.258Z.txt,88,184,178,100,4,painttorch,proposed,proposed,painttorch,2554
26,userstudy_sid26_2026-01-14T03-32-35.258Z.txt,89,12,23,0,3,colordiffv2,painttorch,painttorch,colordiffv2,1826
26,userstudy_sid26_2026-01-14T03-32-35.258Z.txt,90,32,28,1,2,diffusart,proposed,proposed,diffusart,5848
26,userstudy_sid26_2026-01-14T03-32-35.258Z.txt,91,81,74,5,2,proposed,diffusart,proposed,diffusart,2573
26,userstudy_sid26_2026-01-14T03-32-35.258Z.txt,92,114,118,10,4,painttorch,proposed,proposed,painttorch,2550
26,userstudy_sid26_2026-01-14T03-32-35.258Z.txt,93,8,19,0,2,diffusart,proposed,diffusart,proposed,2496
26,userstudy_sid26_2026-01-14T03-32-35.258Z.txt,94,126,136,25,1,colordiffv2,diffusart,colordiffv2,diffusart,5528
26,userstudy_sid26_2026-01-14T03-32-35.258Z.txt,95,175,188,100,1,diffusart,colordiffv2,colordiffv2,diffusart,5670
26,userstudy_sid26_2026-01-14T03-32-35.258Z.txt,96,176,172,100,2,diffusart,proposed,proposed,diffusart,4492
26,userstudy_sid26_2026-01-14T03-32-35.258Z.txt,97,17,15,0,4,proposed,painttorch,proposed,painttorch,2418
26,userstudy_sid26_2026-01-14T03-32-35.258Z.txt,98,73,78,5,0,painttorch,diffusart,diffusart,painttorch,21597
26,userstudy_sid26_2026-01-14T03-32-35.258Z.txt,99,181,170,100,3,painttorch,colordiffv2,colordiffv2,painttorch,4286
26,userstudy_sid26_2026-01-14T03-32-35.258Z.txt,100,41,25,1,4,proposed,painttorch,proposed,painttorch,10765
26,userstudy_sid26_2026-01-14T03-32-35.258Z.txt,101,37,26,1,3,painttorch,colordiffv2,colordiffv2,painttorch,12541
26,userstudy_sid26_2026-01-14T03-32-35.258Z.txt,102,87,76,5,3,painttorch,colordiffv2,colordiffv2,painttorch,3364
26,userstudy_sid26_2026-01-14T03-32-35.258Z.txt,103,1,3,0,0,painttorch,diffusart,painttorch,diffusart,1705
26,userstudy_sid26_2026-01-14T03-32-35.258Z.txt,104,7,21,0,1,diffusart,colordiffv2,diffusart,colordiffv2,1340
26,userstudy_sid26_2026-01-14T03-32-35.258Z.txt,105,49,70,3,0,painttorch,diffusart,diffusart,painttorch,10687
26,userstudy_sid26_2026-01-14T03-32-35.258Z.txt,106,157,163,50,3,painttorch,colordiffv2,colordiffv2,painttorch,6759
26,userstudy_sid26_2026-01-14T03-32-35.258Z.txt,107,5,0,0,1,diffusart,colordiffv2,diffusart,colordiffv2,2203
26,userstudy_sid26_2026-01-14T03-32-35.258Z.txt,108,13,2,0,3,painttorch,colordiffv2,painttorch,colordiffv2,1222
26,userstudy_sid26_2026-01-14T03-32-35.258Z.txt,109,134,140,25,3,colordiffv2,painttorch,colordiffv2,painttorch,2490
26,userstudy_sid26_2026-01-14T03-32-35.258Z.txt,110,51,61,3,0,painttorch,diffusart,diffusart,painttorch,2656
26,userstudy_sid26_2026-01-14T03-32-35.258Z.txt,111,39,32,1,3,painttorch,colordiffv2,colordiffv2,painttorch,7208
26,userstudy_sid26_2026-01-14T03-32-35.258Z.txt,112,128,139,25,2,diffusart,proposed,proposed,diffusart,7789
26,userstudy_sid26_2026-01-14T03-32-35.258Z.txt,113,116,98,10,5,proposed,colordiffv2,proposed,colordiffv2,10226
26,userstudy_sid26_2026-01-14T03-32-35.258Z.txt,114,151,144,50,1,diffusart,colordiffv2,colordiffv2,diffusart,11283
26,userstudy_sid26_2026-01-14T03-32-35.258Z.txt,115,35,38,1,2,proposed,diffusart,proposed,diffusart,5331
26,userstudy_sid26_2026-01-14T03-32-35.258Z.txt,116,44,39,1,5,proposed,colordiffv2,colordiffv2,proposed,26223
26,userstudy_sid26_2026-01-14T03-32-35.258Z.txt,117,72,89,5,0,diffusart,painttorch,diffusart,painttorch,11745
26,userstudy_sid26_2026-01-14T03-32-35.258Z.txt,118,180,168,100,3,colordiffv2,painttorch,colordiffv2,painttorch,2519
26,userstudy_sid26_2026-01-14T03-32-35.258Z.txt,119,68,69,3,5,proposed,colordiffv2,proposed,colordiffv2,15179
26,userstudy_sid26_2026-01-14T03-32-35.258Z.txt,120,111,97,10,3,painttorch,colordiffv2,colordiffv2,painttorch,2240
26,userstudy_sid26_2026-01-14T03-32-35.258Z.txt,121,83,84,5,2,proposed,diffusart,proposed,diffusart,3232
26,userstudy_sid26_2026-01-14T03-32-35.258Z.txt,122,67,67,3,4,proposed,painttorch,proposed,painttorch,2041
26,userstudy_sid26_2026-01-14T03-32-35.258Z.txt,123,27,33,1,0,painttorch,diffusart,painttorch,diffusart,5665
26,userstudy_sid26_2026-01-14T03-32-35.258Z.txt,124,147,166,50,0,painttorch,diffusart,diffusart,painttorch,2632
26,userstudy_sid26_2026-01-14T03-32-35.258Z.txt,125,137,135,25,4,proposed,painttorch,proposed,painttorch,3998
26,userstudy_sid26_2026-01-14T03-32-35.258Z.txt,126,3,6,0,0,painttorch,diffusart,painttorch,diffusart,2955
26,userstudy_sid26_2026-01-14T03-32-35.258Z.txt,127,62,56,3,3,colordiffv2,painttorch,painttorch,colordiffv2,8419
26,userstudy_sid26_2026-01-14T03-32-35.258Z.txt,128,14,16,0,3,colordiffv2,painttorch,painttorch,colordiffv2,1589
26,userstudy_sid26_2026-01-14T03-32-35.258Z.txt,129,170,171,100,0,diffusart,painttorch,diffusart,painttorch,18986
26,userstudy_sid26_2026-01-14T03-32-35.258Z.txt,130,66,49,3,4,painttorch,proposed,proposed,painttorch,4531
26,userstudy_sid26_2026-01-14T03-32-35.258Z.txt,131,52,50,3,1,colordiffv2,diffusart,diffusart,colordiffv2,4717
26,userstudy_sid26_2026-01-14T03-32-35.258Z.txt,132,16,12,0,4,painttorch,proposed,painttorch,proposed,2422
26,userstudy_sid26_2026-01-14T03-32-35.258Z.txt,133,167,152,50,5,colordiffv2,proposed,proposed,colordiffv2,6699
26,userstudy_sid26_2026-01-14T03-32-35.258Z.txt,134,85,83,5,3,painttorch,colordiffv2,colordiffv2,painttorch,9223
26,userstudy_sid26_2026-01-14T03-32-35.258Z.txt,135,24,37,1,0,diffusart,painttorch,diffusart,painttorch,2286
26,userstudy_sid26_2026-01-14T03-32-35.258Z.txt,136,25,29,1,0,painttorch,diffusart,diffusart,painttorch,6136
26,userstudy_sid26_2026-01-14T03-32-35.258Z.txt,137,59,68,3,2,proposed,diffusart,proposed,diffusart,12545
26,userstudy_sid26_2026-01-14T03-32-35.258Z.txt,138,127,129,25,1,diffusart,colordiffv2,colordiffv2,diffusart,5137
26,userstudy_sid26_2026-01-14T03-32-35.258Z.txt,139,143,122,25,5,colordiffv2,proposed,proposed,colordiffv2,8862
26,userstudy_sid26_2026-01-14T03-32-35.258Z.txt,140,164,150,50,5,proposed,colordiffv2,proposed,colordiffv2,4314
26,userstudy_sid26_2026-01-14T03-32-35.258Z.txt,141,141,132,25,5,colordiffv2,proposed,colordiffv2,proposed,13929
26,userstudy_sid26_2026-01-14T03-32-35.258Z.txt,142,185,183,100,4,proposed,painttorch,proposed,painttorch,2208
26,userstudy_sid26_2026-01-14T03-32-35.258Z.txt,143,150,154,50,1,colordiffv2,diffusart,colordiffv2,diffusart,2949
26,userstudy_sid26_2026-01-14T03-32-35.258Z.txt,144,156,151,50,3,colordiffv2,painttorch,colordiffv2,painttorch,3179
26,userstudy_sid26_2026-01-14T03-32-35.258Z.txt,145,53,66,3,1,diffusart,colordiffv2,diffusart,colordiffv2,2290
26,userstudy_sid26_2026-01-14T03-32-35.258Z.txt,146,188,182,100,5,proposed,colordiffv2,proposed,colordiffv2,2110
26,userstudy_sid26_2026-01-14T03-32-35.258Z.txt,147,115,107,10,4,proposed,painttorch,proposed,painttorch,1904
26,userstudy_sid26_2026-01-14T03-32-35.258Z.txt,148,45,34,1,5,colordiffv2,proposed,colordiffv2,proposed,15591
26,userstudy_sid26_2026-01-14T03-32-35.258Z.txt,149,161,153,50,4,proposed,painttorch,proposed,painttorch,1883
26,userstudy_sid26_2026-01-14T03-32-35.258Z.txt,150,108,106,10,3,colordiffv2,painttorch,colordiffv2,painttorch,1574
26,userstudy_sid26_2026-01-14T03-32-35.258Z.txt,151,142,128,25,5,proposed,colordiffv2,proposed,colordiffv2,2085
26,userstudy_sid26_2026-01-14T03-32-35.258Z.txt,152,15,18,0,3,painttorch,colordiffv2,painttorch,colordiffv2,1290
26,userstudy_sid26_2026-01-14T03-32-35.258Z.txt,153,174,190,100,1,colordiffv2,diffusart,colordiffv2,diffusart,7263
26,userstudy_sid26_2026-01-14T03-32-35.258Z.txt,154,124,138,25,1,colordiffv2,diffusart,colordiffv2,diffusart,15903
26,userstudy_sid26_2026-01-14T03-32-35.258Z.txt,155,165,149,50,5,colordiffv2,proposed,proposed,colordiffv2,4627
26,userstudy_sid26_2026-01-14T03-32-35.258Z.txt,156,123,133,25,0,painttorch,diffusart,diffusart,painttorch,2041
26,userstudy_sid26_2026-01-14T03-32-35.258Z.txt,157,132,143,25,3,colordiffv2,painttorch,colordiffv2,painttorch,5022
26,userstudy_sid26_2026-01-14T03-32-35.258Z.txt,158,186,175,100,4,painttorch,proposed,proposed,painttorch,2855
26,userstudy_sid26_2026-01-14T03-32-35.258Z.txt,159,4,17,0,1,colordiffv2,diffusart,diffusart,colordiffv2,2309
26,userstudy_sid26_2026-01-14T03-32-35.258Z.txt,160,153,157,50,2,proposed,diffusart,proposed,diffusart,4829
26,userstudy_sid26_2026-01-14T03-32-35.258Z.txt,161,189,186,100,5,colordiffv2,proposed,proposed,colordiffv2,3614
26,userstudy_sid26_2026-01-14T03-32-35.258Z.txt,162,2,20,0,0,diffusart,painttorch,diffusart,painttorch,1973
26,userstudy_sid26_2026-01-14T03-32-35.258Z.txt,163,46,35,1,5,proposed,colordiffv2,proposed,colordiffv2,9161
26,userstudy_sid26_2026-01-14T03-32-35.258Z.txt,164,42,43,1,4,painttorch,proposed,proposed,painttorch,9611
26,userstudy_sid26_2026-01-14T03-32-35.258Z.txt,165,121,127,25,0,painttorch,diffusart,diffusart,painttorch,3882
26,userstudy_sid26_2026-01-14T03-32-35.258Z.txt,166,10,13,0,2,diffusart,proposed,diffusart,proposed,1943
26,userstudy_sid26_2026-01-14T03-32-35.258Z.txt,167,100,104,10,1,colordiffv2,diffusart,diffusart,colordiffv2,5866
26,userstudy_sid26_2026-01-14T03-32-35.258Z.txt,168,179,180,100,2,proposed,diffusart,proposed,diffusart,3777
26,userstudy_sid26_2026-01-14T03-32-35.258Z.txt,169,122,126,25,0,diffusart,painttorch,diffusart,painttorch,2091
26,userstudy_sid26_2026-01-14T03-32-35.258Z.txt,170,149,161,50,1,diffusart,colordiffv2,diffusart,colordiffv2,3689
26,userstudy_sid26_2026-01-14T03-32-35.258Z.txt,171,63,64,3,3,painttorch,colordiffv2,colordiffv2,painttorch,5990
26,userstudy_sid26_2026-01-14T03-32-35.258Z.txt,172,70,59,3,5,proposed,colordiffv2,proposed,colordiffv2,2054
26,userstudy_sid26_2026-01-14T03-32-35.258Z.txt,173,129,130,25,2,proposed,diffusart,proposed,diffusart,3092
26,userstudy_sid26_2026-01-14T03-32-35.258Z.txt,174,163,145,50,4,proposed,painttorch,proposed,painttorch,1924
26,userstudy_sid26_2026-01-14T03-32-35.258Z.txt,175,75,88,5,0,painttorch,diffusart,diffusart,painttorch,1817
26,userstudy_sid26_2026-01-14T03-32-35.258Z.txt,176,131,121,25,2,proposed,diffusart,proposed,diffusart,4120
26,userstudy_sid26_2026-01-14T03-32-35.258Z.txt,177,28,40,1,1,colordiffv2,diffusart,colordiffv2,diffusart,1799
26,userstudy_sid26_2026-01-14T03-32-35.258Z.txt,178,120,120,25,0,diffusart,painttorch,diffusart,painttorch,4578
26,userstudy_sid26_2026-01-14T03-32-35.258Z.txt,179,183,176,100,3,painttorch,colordiffv2,colordiffv2,painttorch,2001
26,userstudy_sid26_2026-01-14T03-32-35.258Z.txt,180,130,137,25,2,diffusart,proposed,proposed,diffusart,8206
26,userstudy_sid26_2026-01-14T03-32-35.258Z.txt,181,47,42,1,5,colordiffv2,proposed,proposed,colordiffv2,5739
26,userstudy_sid26_2026-01-14T03-32-35.258Z.txt,182,88,91,5,4,painttorch,proposed,proposed,painttorch,2579
26,userstudy_sid26_2026-01-14T03-32-35.258Z.txt,183,190,191,100,5,proposed,colordiffv2,proposed,colordiffv2,9328
26,userstudy_sid26_2026-01-14T03-32-35.258Z.txt,184,191,189,100,5,colordiffv2,proposed,proposed,colordiffv2,14450
26,userstudy_sid26_2026-01-14T03-32-35.258Z.txt,185,168,185,100,0,diffusart,painttorch,diffusart,painttorch,2088
26,userstudy_sid26_2026-01-14T03-32-35.258Z.txt,186,109,108,10,3,painttorch,colordiffv2,colordiffv2,painttorch,2856
26,userstudy_sid26_2026-01-14T03-32-35.258Z.txt,187,113,102,10,4,proposed,painttorch,proposed,painttorch,4961
26,userstudy_sid26_2026-01-14T03-32-35.258Z.txt,188,84,79,5,3,colordiffv2,painttorch,colordiffv2,painttorch,7413
26,userstudy_sid26_2026-01-14T03-32-35.258Z.txt,189,92,85,5,5,proposed,colordiffv2,proposed,colordiffv2,10780
26,userstudy_sid26_2026-01-14T03-32-35.258Z.txt,190,169,173,100,0,painttorch,diffusart,diffusart,painttorch,21112
26,userstudy_sid26_2026-01-14T03-32-35.258Z.txt,191,89,75,5,4,proposed,painttorch,proposed,painttorch,9514
27,userstudy_sid27_2026-01-14T03-29-11.478Z.txt,0,18,9,0,4,painttorch,proposed,painttorch,proposed,4070
27,userstudy_sid27_2026-01-14T03-29-11.478Z.txt,1,68,69,3,5,proposed,colordiffv2,proposed,colordiffv2,12955
27,userstudy_sid27_2026-01-14T03-29-11.478Z.txt,2,120,120,25,0,diffusart,painttorch,diffusart,painttorch,5000
27,userstudy_sid27_2026-01-14T03-29-11.478Z.txt,3,118,115,10,5,proposed,colordiffv2,proposed,colordiffv2,3300
27,userstudy_sid27_2026-01-14T03-29-11.478Z.txt,4,190,191,100,5,proposed,colordiffv2,proposed,colordiffv2,5266
27,userstudy_sid27_2026-01-14T03-29-11.478Z.txt,5,63,64,3,3,painttorch,colordiffv2,painttorch,colordiffv2,9794
27,userstudy_sid27_2026-01-14T03-29-11.478Z.txt,6,185,183,100,4,proposed,painttorch,proposed,painttorch,4243
27,userstudy_sid27_2026-01-14T03-29-11.478Z.txt,7,29,24,1,1,diffusart,colordiffv2,diffusart,colordiffv2,8958
27,userstudy_sid27_2026-01-14T03-29-11.478Z.txt,8,69,62,3,5,colordiffv2,proposed,proposed,colordiffv2,5578
27,userstudy_sid27_2026-01-14T03-29-11.478Z.txt,9,109,108,10,3,painttorch,colordiffv2,colordiffv2,painttorch,2868
27,userstudy_sid27_2026-01-14T03-29-11.478Z.txt,10,38,46,1,3,colordiffv2,painttorch,painttorch,colordiffv2,6719
27,userstudy_sid27_2026-01-14T03-29-11.478Z.txt,11,12,23,0,3,colordiffv2,painttorch,painttorch,colordiffv2,3833
27,userstudy_sid27_2026-01-14T03-29-11.478Z.txt,12,174,190,100,1,colordiffv2,diffusart,colordiffv2,diffusart,4910
27,userstudy_sid27_2026-01-14T03-29-11.478Z.txt,13,85,83,5,3,painttorch,colordiffv2,colordiffv2,painttorch,14766
27,userstudy_sid27_2026-01-14T03-29-11.478Z.txt,14,102,101,10,1,colordiffv2,diffusart,colordiffv2,diffusart,4648
27,userstudy_sid27_2026-01-14T03-29-11.478Z.txt,15,93,95,5,5,colordiffv2,proposed,colordiffv2,proposed,10415
27,userstudy_sid27_2026-01-14T03-29-11.478Z.txt,16,71,55,3,5,colordiffv2,proposed,proposed,colordiffv2,6482
27,userstudy_sid27_2026-01-14T03-29-11.478Z.txt,17,129,130,25,2,proposed,diffusart,proposed,diffusart,4715
27,userstudy_sid27_2026-01-14T03-29-11.478Z.txt,18,17,15,0,4,proposed,painttorch,painttorch,proposed,5619
27,userstudy_sid27_2026-01-14T03-29-11.478Z.txt,19,100,104,10,1,colordiffv2,diffusart,diffusart,colordiffv2,4835
27,userstudy_sid27_2026-01-14T03-29-11.478Z.txt,20,149,161,50,1,diffusart,colordiffv2,colordiffv2,diffusart,16034
27,userstudy_sid27_2026-01-14T03-29-11.478Z.txt,21,4,17,0,1,colordiffv2,diffusart,diffusart,colordiffv2,2462
27,userstudy_sid27_2026-01-14T03-29-11.478Z.txt,22,34,27,1,2,diffusart,proposed,proposed,diffusart,3882
27,userstudy_sid27_2026-01-14T03-29-11.478Z.txt,23,160,164,50,4,painttorch,proposed,proposed,painttorch,3877
27,userstudy_sid27_2026-01-14T03-29-11.478Z.txt,24,27,33,1,0,painttorch,diffusart,painttorch,diffusart,9855
27,userstudy_sid27_2026-01-14T03-29-11.478Z.txt,25,36,36,1,3,colordiffv2,painttorch,painttorch,colordiffv2,3469
27,userstudy_sid27_2026-01-14T03-29-11.478Z.txt,26,186,175,100,4,painttorch,proposed,proposed,painttorch,3315
27,userstudy_sid27_2026-01-14T03-29-11.478Z.txt,27,142,128,25,5,proposed,colordiffv2,proposed,colordiffv2,5299
27,userstudy_sid27_2026-01-14T03-29-11.478Z.txt,28,105,112,10,2,proposed,diffusart,proposed,diffusart,15619
27,userstudy_sid27_2026-01-14T03-29-11.478Z.txt,29,136,125,25,4,painttorch,proposed,proposed,painttorch,2883
27,userstudy_sid27_2026-01-14T03-29-11.478Z.txt,30,145,148,50,0,painttorch,diffusart,diffusart,painttorch,5423
27,userstudy_sid27_2026-01-14T03-29-11.478Z.txt,31,182,177,100,3,colordiffv2,painttorch,colordiffv2,painttorch,2810
27,userstudy_sid27_2026-01-14T03-29-11.478Z.txt,32,56,53,3,2,diffusart,proposed,proposed,diffusart,10873
27,userstudy_sid27_2026-01-14T03-29-11.478Z.txt,33,8,19,0,2,diffusart,proposed,diffusart,proposed,2940
27,userstudy_sid27_2026-01-14T03-29-11.478Z.txt,34,169,173,100,0,painttorch,diffusart,diffusart,painttorch,6921
27,userstudy_sid27_2026-01-14T03-29-11.478Z.txt,35,175,188,100,1,diffusart,colordiffv2,colordiffv2,diffusart,4244
27,userstudy_sid27_2026-01-14T03-29-11.478Z.txt,36,61,51,3,3,painttorch,colordiffv2,painttorch,colordiffv2,10180
27,userstudy_sid27_2026-01-14T03-29-11.478Z.txt,37,24,37,1,0,diffusart,painttorch,diffusart,painttorch,10586
27,userstudy_sid27_2026-01-14T03-29-11.478Z.txt,38,166,167,50,5,proposed,colordiffv2,proposed,colordiffv2,2998
27,userstudy_sid27_2026-01-14T03-29-11.478Z.txt,39,170,171,100,0,diffusart,painttorch,painttorch,diffusart,11258
27,userstudy_sid27_2026-01-14T03-29-11.478Z.txt,40,37,26,1,3,painttorch,colordiffv2,colordiffv2,painttorch,12554
27,userstudy_sid27_2026-01-14T03-29-11.478Z.txt,41,131,121,25,2,proposed,diffusart,proposed,diffusart,5416
27,userstudy_sid27_2026-01-14T03-29-11.478Z.txt,42,164,150,50,5,proposed,colordiffv2,proposed,colordiffv2,9107
27,userstudy_sid27_2026-01-14T03-29-11.478Z.txt,43,91,86,5,4,proposed,painttorch,proposed,painttorch,8333
27,userstudy_sid27_2026-01-14T03-29-11.478Z.txt,44,161,153,50,4,proposed,painttorch,proposed,painttorch,3513
27,userstudy_sid27_2026-01-14T03-29-11.478Z.txt,45,45,34,1,5,colordiffv2,proposed,colordiffv2,proposed,3277
27,userstudy_sid27_2026-01-14T03-29-11.478Z.txt,46,98,113,10,0,diffusart,painttorch,diffusart,painttorch,5085
27,userstudy_sid27_2026-01-14T03-29-11.478Z.txt,47,184,178,100,4,painttorch,proposed,proposed,painttorch,2166
27,userstudy_sid27_2026-01-14T03-29-11.478Z.txt,48,177,184,100,2,proposed,diffusart,proposed,diffusart,2158
27,userstudy_sid27_2026-01-14T03-29-11.478Z.txt,49,80,80,5,2,diffusart,proposed,proposed,diffusart,5091
27,userstudy_sid27_2026-01-14T03-29-11.478Z.txt,50,187,169,100,4,proposed,painttorch,proposed,painttorch,1726
27,userstudy_sid27_2026-01-14T03-29-11.478Z.txt,51,54,63,3,1,colordiffv2,diffusart,diffusart,colordiffv2,6608
27,userstudy_sid27_2026-01-14T03-29-11.478Z.txt,52,99,114,10,0,painttorch,diffusart,diffusart,painttorch,4072
27,userstudy_sid27_2026-01-14T03-29-11.478Z.txt,53,5,0,0,1,diffusart,colordiffv2,diffusart,colordiffv2,2386
27,userstudy_sid27_2026-01-14T03-29-11.478Z.txt,54,141,132,25,5,colordiffv2,proposed,colordiffv2,proposed,3970
27,userstudy_sid27_2026-01-14T03-29-11.478Z.txt,55,125,124,25,1,diffusart,colordiffv2,diffusart,colordiffv2,2863
27,userstudy_sid27_2026-01-14T03-29-11.478Z.txt,56,6,8,0,1,colordiffv2,diffusart,diffusart,colordiffv2,1203
27,userstudy_sid27_2026-01-14T03-29-11.478Z.txt,57,112,100,10,4,painttorch,proposed,proposed,painttorch,2513
27,userstudy_sid27_2026-01-14T03-29-11.478Z.txt,58,104,105,10,2,diffusart,proposed,diffusart,proposed,6057
27,userstudy_sid27_2026-01-14T03-29-11.478Z.txt,59,13,2,0,3,painttorch,colordiffv2,painttorch,colordiffv2,1349
27,userstudy_sid27_2026-01-14T03-29-11.478Z.txt,60,64,52,3,4,painttorch,proposed,proposed,painttorch,3354
27,userstudy_sid27_2026-01-14T03-29-11.478Z.txt,61,159,156,50,3,painttorch,colordiffv2,colordiffv2,painttorch,3956
27,userstudy_sid27_2026-01-14T03-29-11.478Z.txt,62,172,179,100,1,colordiffv2,diffusart,colordiffv2,diffusart,4103
27,userstudy_sid27_2026-01-14T03-29-11.478Z.txt,63,176,172,100,2,diffusart,proposed,proposed,diffusart,2496
27,userstudy_sid27_2026-01-14T03-29-11.478Z.txt,64,121,127,25,0,painttorch,diffusart,diffusart,painttorch,1605
27,userstudy_sid27_2026-01-14T03-29-11.478Z.txt,65,152,155,50,2,diffusart,proposed,proposed,diffusart,2719
27,userstudy_sid27_2026-01-14T03-29-11.478Z.txt,66,82,82,5,2,diffusart,proposed,diffusart,proposed,3957
27,userstudy_sid27_2026-01-14T03-29-11.478Z.txt,67,119,110,10,5,colordiffv2,proposed,proposed,colordiffv2,3781
27,userstudy_sid27_2026-01-14T03-29-11.478Z.txt,68,92,85,5,5,proposed,colordiffv2,colordiffv2,proposed,5139
27,userstudy_sid27_2026-01-14T03-29-11.478Z.txt,69,39,32,1,3,painttorch,colordiffv2,colordiffv2,painttorch,5456
27,userstudy_sid27_2026-01-14T03-29-11.478Z.txt,70,81,74,5,2,proposed,diffusart,proposed,diffusart,3136
27,userstudy_sid27_2026-01-14T03-29-11.478Z.txt,71,0,22,0,0,diffusart,painttorch,painttorch,diffusart,4872
27,userstudy_sid27_2026-01-14T03-29-11.478Z.txt,72,128,139,25,2,diffusart,proposed,proposed,diffusart,7944
27,userstudy_sid27_2026-01-14T03-29-11.478Z.txt,73,168,185,100,0,diffusart,painttorch,diffusart,painttorch,2029
27,userstudy_sid27_2026-01-14T03-29-11.478Z.txt,74,179,180,100,2,proposed,diffusart,proposed,diffusart,2090
27,userstudy_sid27_2026-01-14T03-29-11.478Z.txt,75,148,165,50,1,colordiffv2,diffusart,colordiffv2,diffusart,4753
27,userstudy_sid27_2026-01-14T03-29-11.478Z.txt,76,143,122,25,5,colordiffv2,proposed,proposed,colordiffv2,4768
27,userstudy_sid27_2026-01-14T03-29-11.478Z.txt,77,183,176,100,3,painttorch,colordiffv2,colordiffv2,painttorch,1830
27,userstudy_sid27_2026-01-14T03-29-11.478Z.txt,78,156,151,50,3,colordiffv2,painttorch,colordiffv2,painttorch,2294
27,userstudy_sid27_2026-01-14T03-29-11.478Z.txt,79,96,119,10,0,diffusart,painttorch,diffusart,painttorch,2202
27,userstudy_sid27_2026-01-14T03-29-11.478Z.txt,80,51,61,3,0,painttorch,diffusart,diffusart,painttorch,1488
27,userstudy_sid27_2026-01-14T03-29-11.478Z.txt,81,111,97,10,3,painttorch,colordiffv2,colordiffv2,painttorch,1670
27,userstudy_sid27_2026-01-14T03-29-11.478Z.txt,82,42,43,1,4,painttorch,proposed,proposed,painttorch,1906
27,userstudy_sid27_2026-01-14T03-29-11.478Z.txt,83,70,59,3,5,proposed,colordiffv2,proposed,colordiffv2,2071
27,userstudy_sid27_2026-01-14T03-29-11.478Z.txt,84,144,162,50,0,diffusart,painttorch,diffusart,painttorch,2976
27,userstudy_sid27_2026-01-14T03-29-11.478Z.txt,85,133,123,25,3,painttorch,colordiffv2,colordiffv2,painttorch,1843
27,userstudy_sid27_2026-01-14T03-29-11.478Z.txt,86,67,67,3,4,proposed,painttorch,proposed,painttorch,1989
27,userstudy_sid27_2026-01-14T03-29-11.478Z.txt,87,43,31,1,4,proposed,painttorch,proposed,painttorch,2506
27,userstudy_sid27_2026-01-14T03-29-11.478Z.txt,88,11,14,0,2,proposed,diffusart,diffusart,proposed,3067
27,userstudy_sid27_2026-01-14T03-29-11.478Z.txt,89,167,152,50,5,colordiffv2,proposed,proposed,colordiffv2,9942
27,userstudy_sid27_2026-01-14T03-29-11.478Z.txt,90,7,21,0,1,diffusart,colordiffv2,diffusart,colordiffv2,1711
27,userstudy_sid27_2026-01-14T03-29-11.478Z.txt,91,110,109,10,3,colordiffv2,painttorch,colordiffv2,painttorch,9566
27,userstudy_sid27_2026-01-14T03-29-11.478Z.txt,92,189,186,100,5,colordiffv2,proposed,proposed,colordiffv2,3149
27,userstudy_sid27_2026-01-14T03-29-11.478Z.txt,93,58,48,3,2,diffusart,proposed,proposed,diffusart,15524
27,userstudy_sid27_2026-01-14T03-29-11.478Z.txt,94,124,138,25,1,colordiffv2,diffusart,diffusart,colordiffv2,3457
27,userstudy_sid27_2026-01-14T03-29-11.478Z.txt,95,16,12,0,4,painttorch,proposed,proposed,painttorch,3760
27,userstudy_sid27_2026-01-14T03-29-11.478Z.txt,96,26,41,1,0,diffusart,painttorch,diffusart,painttorch,2221
27,userstudy_sid27_2026-01-14T03-29-11.478Z.txt,97,123,133,25,0,painttorch,diffusart,diffusart,painttorch,2018
27,userstudy_sid27_2026-01-14T03-29-11.478Z.txt,98,132,143,25,3,colordiffv2,painttorch,colordiffv2,painttorch,3288
27,userstudy_sid27_2026-01-14T03-29-11.478Z.txt,99,157,163,50,3,painttorch,colordiffv2,colordiffv2,painttorch,2253
27,userstudy_sid27_2026-01-14T03-29-11.478Z.txt,100,139,134,25,4,proposed,painttorch,proposed,painttorch,2430
27,userstudy_sid27_2026-01-14T03-29-11.478Z.txt,101,117,111,10,5,colordiffv2,proposed,colordiffv2,proposed,2584
27,userstudy_sid27_2026-01-14T03-29-11.478Z.txt,102,154,147,50,2,diffusart,proposed,diffusart,proposed,6726
27,userstudy_sid27_2026-01-14T03-29-11.478Z.txt,103,155,160,50,2,proposed,diffusart,proposed,diffusart,3340
27,userstudy_sid27_2026-01-14T03-29-11.478Z.txt,104,115,107,10,4,proposed,painttorch,proposed,painttorch,3422
27,userstudy_sid27_2026-01-14T03-29-11.478Z.txt,105,74,92,5,0,diffusart,painttorch,painttorch,diffusart,1724
27,userstudy_sid27_2026-01-14T03-29-11.478Z.txt,106,165,149,50,5,colordiffv2,proposed,proposed,colordiffv2,2564
27,userstudy_sid27_2026-01-14T03-29-11.478Z.txt,107,41,25,1,4,proposed,painttorch,proposed,painttorch,3441
27,userstudy_sid27_2026-01-14T03-29-11.478Z.txt,108,126,136,25,1,colordiffv2,diffusart,colordiffv2,diffusart,2286
27,userstudy_sid27_2026-01-14T03-29-11.478Z.txt,109,78,90,5,1,colordiffv2,diffusart,colordiffv2,diffusart,4958
27,userstudy_sid27_2026-01-14T03-29-11.478Z.txt,110,150,154,50,1,colordiffv2,diffusart,colordiffv2,diffusart,1755
27,userstudy_sid27_2026-01-14T03-29-11.478Z.txt,111,57,58,3,2,proposed,diffusart,proposed,diffusart,3862
27,userstudy_sid27_2026-01-14T03-29-11.478Z.txt,112,21,11,0,5,colordiffv2,proposed,colordiffv2,proposed,4130
27,userstudy_sid27_2026-01-14T03-29-11.478Z.txt,113,106,117,10,2,diffusart,proposed,diffusart,proposed,4385
27,userstudy_sid27_2026-01-14T03-29-11.478Z.txt,114,135,131,25,3,painttorch,colordiffv2,colordiffv2,painttorch,4734
27,userstudy_sid27_2026-01-14T03-29-11.478Z.txt,115,19,10,0,4,proposed,painttorch,painttorch,proposed,2998
27,userstudy_sid27_2026-01-14T03-29-11.478Z.txt,116,158,158,50,3,colordiffv2,painttorch,colordiffv2,painttorch,2227
27,userstudy_sid27_2026-01-14T03-29-11.478Z.txt,117,31,44,1,1,diffusart,colordiffv2,colordiffv2,diffusart,4421
27,userstudy_sid27_2026-01-14T03-29-11.478Z.txt,118,163,145,50,4,proposed,painttorch,proposed,painttorch,2865
27,userstudy_sid27_2026-01-14T03-29-11.478Z.txt,119,83,84,5,2,proposed,diffusart,proposed,diffusart,2810
27,userstudy_sid27_2026-01-14T03-29-11.478Z.txt,120,66,49,3,4,painttorch,proposed,proposed,painttorch,2040
27,userstudy_sid27_2026-01-14T03-29-11.478Z.txt,121,84,79,5,3,colordiffv2,painttorch,painttorch,colordiffv2,2627
27,userstudy_sid27_2026-01-14T03-29-11.478Z.txt,122,25,29,1,0,painttorch,diffusart,diffusart,painttorch,1891
27,userstudy_sid27_2026-01-14T03-29-11.478Z.txt,123,97,96,10,0,painttorch,diffusart,diffusart,painttorch,4884
27,userstudy_sid27_2026-01-14T03-29-11.478Z.txt,124,59,68,3,2,proposed,diffusart,diffusart,proposed,1923
27,userstudy_sid27_2026-01-14T03-29-11.478Z.txt,125,22,4,0,5,proposed,colordiffv2,proposed,colordiffv2,1520
27,userstudy_sid27_2026-01-14T03-29-11.478Z.txt,126,138,141,25,4,painttorch,proposed,proposed,painttorch,1689
27,userstudy_sid27_2026-01-14T03-29-11.478Z.txt,127,46,35,1,5,proposed,colordiffv2,proposed,colordiffv2,3305
27,userstudy_sid27_2026-01-14T03-29-11.478Z.txt,128,73,78,5,0,painttorch,diffusart,diffusart,painttorch,1814
27,userstudy_sid27_2026-01-14T03-29-11.478Z.txt,129,180,168,100,3,colordiffv2,painttorch,colordiffv2,painttorch,4244
27,userstudy_sid27_2026-01-14T03-29-11.478Z.txt,130,15,18,0,3,painttorch,colordiffv2,painttorch,colordiffv2,3269
27,userstudy_sid27_2026-01-14T03-29-11.478Z.txt,131,153,157,50,2,proposed,diffusart,proposed,diffusart,4647
27,userstudy_sid27_2026-01-14T03-29-11.478Z.txt,132,20,1,0,5,proposed,colordiffv2,proposed,colordiffv2,1681
27,userstudy_sid27_2026-01-14T03-29-11.478Z.txt,133,52,50,3,1,colordiffv2,diffusart,diffusart,colordiffv2,6643
27,userstudy_sid27_2026-01-14T03-29-11.478Z.txt,134,2,20,0,0,diffusart,painttorch,painttorch,diffusart,3425
27,userstudy_sid27_2026-01-14T03-29-11.478Z.txt,135,116,98,10,5,proposed,colordiffv2,proposed,colordiffv2,4912
27,userstudy_sid27_2026-01-14T03-29-11.478Z.txt,136,49,70,3,0,painttorch,diffusart,diffusart,painttorch,2916
27,userstudy_sid27_2026-01-14T03-29-11.478Z.txt,137,113,102,10,4,proposed,painttorch,proposed,painttorch,5522
27,userstudy_sid27_2026-01-14T03-29-11.478Z.txt,138,122,126,25,0,diffusart,painttorch,diffusart,painttorch,2376
27,userstudy_sid27_2026-01-14T03-29-11.478Z.txt,139,89,75,5,4,proposed,painttorch,proposed,painttorch,775
27,userstudy_sid27_2026-01-14T03-29-11.478Z.txt,140,108,106,10,3,colordiffv2,painttorch,colordiffv2,painttorch,1726
27,userstudy_sid27_2026-01-14T03-29-11.478Z.txt,141,181,170,100,3,painttorch,colordiffv2,colordiffv2,painttorch,8259
27,userstudy_sid27_2026-01-14T03-29-11.478Z.txt,142,35,38,1,2,proposed,diffusart,proposed,diffusart,2861
27,userstudy_sid27_2026-01-14T03-29-11.478Z.txt,143,147,166,50,0,painttorch,diffusart,diffusart,painttorch,3171
27,userstudy_sid27_2026-01-14T03-29-11.478Z.txt,144,173,174,100,1,diffusart,colordiffv2,colordiffv2,diffusart,6057
27,userstudy_sid27_2026-01-14T03-29-11.478Z.txt,145,53,66,3,1,diffusart,colordiffv2,diffusart,colordiffv2,4678
27,userstudy_sid27_2026-01-14T03-29-11.478Z.txt,146,75,88,5,0,painttorch,diffusart,diffusart,painttorch,2496
27,userstudy_sid27_2026-01-14T03-29-11.478Z.txt,147,114,118,10,4,painttorch,proposed,proposed,painttorch,2925
27,userstudy_sid27_2026-01-14T03-29-11.478Z.txt,148,103,99,10,1,diffusart,colordiffv2,diffusart,colordiffv2,4138
27,userstudy_sid27_2026-01-14T03-29-11.478Z.txt,149,14,16,0,3,colordiffv2,painttorch,painttorch,colordiffv2,3723
27,userstudy_sid27_2026-01-14T03-29-11.478Z.txt,150,90,87,5,4,painttorch,proposed,proposed,painttorch,1959
27,userstudy_sid27_2026-01-14T03-29-11.478Z.txt,151,86,77,5,3,colordiffv2,painttorch,colordiffv2,painttorch,3780
27,userstudy_sid27_2026-01-14T03-29-11.478Z.txt,152,47,42,1,5,colordiffv2,proposed,proposed,colordiffv2,3067
27,userstudy_sid27_2026-01-14T03-29-11.478Z.txt,153,101,103,10,1,diffusart,colordiffv2,colordiffv2,diffusart,10470
27,userstudy_sid27_2026-01-14T03-29-11.478Z.txt,154,107,116,10,2,proposed,diffusart,proposed,diffusart,7905
27,userstudy_sid27_2026-01-14T03-29-11.478Z.txt,155,33,47,1,2,proposed,diffusart,proposed,diffusart,5551
27,userstudy_sid27_2026-01-14T03-29-11.478Z.txt,156,178,187,100,2,diffusart,proposed,proposed,diffusart,3188
27,userstudy_sid27_2026-01-14T03-29-11.478Z.txt,157,9,5,0,2,proposed,diffusart,diffusart,proposed,2137
27,userstudy_sid27_2026-01-14T03-29-11.478Z.txt,158,171,181,100,0,painttorch,diffusart,painttorch,diffusart,5295
27,userstudy_sid27_2026-01-14T03-29-11.478Z.txt,159,77,72,5,1,diffusart,colordiffv2,colordiffv2,diffusart,2646
27,userstudy_sid27_2026-01-14T03-29-11.478Z.txt,160,76,94,5,1,colordiffv2,diffusart,diffusart,colordiffv2,3365
27,userstudy_sid27_2026-01-14T03-29-11.478Z.txt,161,140,142,25,5,proposed,colordiffv2,proposed,colordiffv2,5669
27,userstudy_sid27_2026-01-14T03-29-11.478Z.txt,162,3,6,0,0,painttorch,diffusart,diffusart,painttorch,2848
27,userstudy_sid27_2026-01-14T03-29-11.478Z.txt,163,48,60,3,0,diffusart,painttorch,diffusart,painttorch,2263
27,userstudy_sid27_2026-01-14T03-29-11.478Z.txt,164,162,146,50,4,painttorch,proposed,proposed,painttorch,1594
27,userstudy_sid27_2026-01-14T03-29-11.478Z.txt,165,188,182,100,5,proposed,colordiffv2,proposed,colordiffv2,8834
27,userstudy_sid27_2026-01-14T03-29-11.478Z.txt,166,127,129,25,1,diffusart,colordiffv2,colordiffv2,diffusart,3201
27,userstudy_sid27_2026-01-14T03-29-11.478Z.txt,167,30,30,1,1,colordiffv2,diffusart,colordiffv2,diffusart,4807
27,userstudy_sid27_2026-01-14T03-29-11.478Z.txt,168,60,71,3,3,colordiffv2,painttorch,colordiffv2,painttorch,4951
27,userstudy_sid27_2026-01-14T03-29-11.478Z.txt,169,137,135,25,4,proposed,painttorch,proposed,painttorch,2492
27,userstudy_sid27_2026-01-14T03-29-11.478Z.txt,170,88,91,5,4,painttorch,proposed,proposed,painttorch,3482
27,userstudy_sid27_2026-01-14T03-29-11.478Z.txt,171,94,73,5,5,proposed,colordiffv2,proposed,colordiffv2,21921
27,userstudy_sid27_2026-01-14T03-29-11.478Z.txt,172,130,137,25,2,diffusart,proposed,proposed,diffusart,5270
27,userstudy_sid27_2026-01-14T03-29-11.478Z.txt,173,40,45,1,4,painttorch,proposed,proposed,painttorch,7459
27,userstudy_sid27_2026-01-14T03-29-11.478Z.txt,174,50,65,3,0,diffusart,painttorch,diffusart,painttorch,4039
27,userstudy_sid27_2026-01-14T03-29-11.478Z.txt,175,79,81,5,1,diffusart,colordiffv2,diffusart,colordiffv2,12022
27,userstudy_sid27_2026-01-14T03-29-11.478Z.txt,176,65,54,3,4,proposed,painttorch,proposed,painttorch,2504
27,userstudy_sid27_2026-01-14T03-29-11.478Z.txt,177,134,140,25,3,colordiffv2,painttorch,colordiffv2,painttorch,2584
27,userstudy_sid27_2026-01-14T03-29-11.478Z.txt,178,23,7,0,5,colordiffv2,proposed,proposed,colordiffv2,1715
27,userstudy_sid27_2026-01-14T03-29-11.478Z.txt,179,55,57,3,1,diffusart,colordiffv2,diffusart,colordiffv2,5992
27,userstudy_sid27_2026-01-14T03-29-11.478Z.txt,180,32,28,1,2,diffusart,proposed,diffusart,proposed,5687
27,userstudy_sid27_2026-01-14T03-29-11.478Z.txt,181,44,39,1,5,proposed,colordiffv2,colordiffv2,proposed,5241
27,userstudy_sid27_2026-01-14T03-29-11.478Z.txt,182,95,93,5,5,colordiffv2,proposed,colordiffv2,proposed,7703
27,userstudy_sid27_2026-01-14T03-29-11.478Z.txt,183,191,189,100,5,colordiffv2,proposed,proposed,colordiffv2,6802
27,userstudy_sid27_2026-01-14T03-29-11.478Z.txt,184,146,159,50,0,diffusart,painttorch,diffusart,painttorch,2583
27,userstudy_sid27_2026-01-14T03-29-11.478Z.txt,185,62,56,3,3,colordiffv2,painttorch,colordiffv2,painttorch,2740
27,userstudy_sid27_2026-01-14T03-29-11.478Z.txt,186,72,89,5,0,diffusart,painttorch,diffusart,painttorch,5055
27,userstudy_sid27_2026-01-14T03-29-11.478Z.txt,187,151,144,50,1,diffusart,colordiffv2,colordiffv2,diffusart,2596
27,userstudy_sid27_2026-01-14T03-29-11.478Z.txt,188,87,76,5,3,painttorch,colordiffv2,colordiffv2,painttorch,2719
27,userstudy_sid27_2026-01-14T03-29-11.478Z.txt,189,28,40,1,1,colordiffv2,diffusart,colordiffv2,diffusart,2373
27,userstudy_sid27_2026-01-14T03-29-11.478Z.txt,190,10,13,0,2,diffusart,proposed,diffusart,proposed,5658
27,userstudy_sid27_2026-01-14T03-29-11.478Z.txt,191,1,3,0,0,painttorch,diffusart,painttorch,diffusart,666
28,userstudy_sid28_2026-01-14T03-30-05.493Z.txt,0,89,75,5,4,proposed,painttorch,proposed,painttorch,8994
28,userstudy_sid28_2026-01-14T03-30-05.493Z.txt,1,61,51,3,3,painttorch,colordiffv2,colordiffv2,painttorch,2867
28,userstudy_sid28_2026-01-14T03-30-05.493Z.txt,2,53,66,3,1,diffusart,colordiffv2,diffusart,colordiffv2,11766
28,userstudy_sid28_2026-01-14T03-30-05.493Z.txt,3,152,155,50,2,diffusart,proposed,proposed,diffusart,6116
28,userstudy_sid28_2026-01-14T03-30-05.493Z.txt,4,100,104,10,1,colordiffv2,diffusart,colordiffv2,diffusart,9499
28,userstudy_sid28_2026-01-14T03-30-05.493Z.txt,5,110,109,10,3,colordiffv2,painttorch,colordiffv2,painttorch,7072
28,userstudy_sid28_2026-01-14T03-30-05.493Z.txt,6,76,94,5,1,colordiffv2,diffusart,colordiffv2,diffusart,3629
28,userstudy_sid28_2026-01-14T03-30-05.493Z.txt,7,185,183,100,4,proposed,painttorch,proposed,painttorch,4386
28,userstudy_sid28_2026-01-14T03-30-05.493Z.txt,8,33,47,1,2,proposed,diffusart,proposed,diffusart,4479
28,userstudy_sid28_2026-01-14T03-30-05.493Z.txt,9,178,187,100,2,diffusart,proposed,proposed,diffusart,4624
28,userstudy_sid28_2026-01-14T03-30-05.493Z.txt,10,117,111,10,5,colordiffv2,proposed,proposed,colordiffv2,5596
28,userstudy_sid28_2026-01-14T03-30-05.493Z.txt,11,160,164,50,4,painttorch,proposed,proposed,painttorch,4297
28,userstudy_sid28_2026-01-14T03-30-05.493Z.txt,12,153,157,50,2,proposed,diffusart,proposed,diffusart,2538
28,userstudy_sid28_2026-01-14T03-30-05.493Z.txt,13,30,30,1,1,colordiffv2,diffusart,colordiffv2,diffusart,3871
28,userstudy_sid28_2026-01-14T03-30-05.493Z.txt,14,72,89,5,0,diffusart,painttorch,diffusart,painttorch,2186
28,userstudy_sid28_2026-01-14T03-30-05.493Z.txt,15,66,49,3,4,painttorch,proposed,proposed,painttorch,5330
28,userstudy_sid28_2026-01-14T03-30-05.493Z.txt,16,36,36,1,3,colordiffv2,painttorch,colordiffv2,painttorch,4319
28,userstudy_sid28_2026-01-14T03-30-05.493Z.txt,17,177,184,100,2,proposed,diffusart,proposed,diffusart,3178
28,userstudy_sid28_2026-01-14T03-30-05.493Z.txt,18,4,17,0,1,colordiffv2,diffusart,colordiffv2,diffusart,1803
28,userstudy_sid28_2026-01-14T03-30-05.493Z.txt,19,15,18,0,3,painttorch,colordiffv2,colordiffv2,painttorch,1620
28,userstudy_sid28_2026-01-14T03-30-05.493Z.txt,20,99,114,10,0,painttorch,diffusart,painttorch,diffusart,6519
28,userstudy_sid28_2026-01-14T03-30-05.493Z.txt,21,32,28,1,2,diffusart,proposed,proposed,diffusart,5896
28,userstudy_sid28_2026-01-14T03-30-05.493Z.txt,22,55,57,3,1,diffusart,colordiffv2,diffusart,colordiffv2,5695
28,userstudy_sid28_2026-01-14T03-30-05.493Z.txt,23,84,79,5,3,colordiffv2,painttorch,colordiffv2,painttorch,5164
28,userstudy_sid28_2026-01-14T03-30-05.493Z.txt,24,132,143,25,3,colordiffv2,painttorch,colordiffv2,painttorch,6611
28,userstudy_sid28_2026-01-14T03-30-05.493Z.txt,25,121,127,25,0,painttorch,diffusart,diffusart,painttorch,2748
28,userstudy_sid28_2026-01-14T03-30-05.493Z.txt,26,98,113,10,0,diffusart,painttorch,diffusart,painttorch,3299
28,userstudy_sid28_2026-01-14T03-30-05.493Z.txt,27,25,29,1,0,painttorch,diffusart,diffusart,painttorch,4598
28,userstudy_sid28_2026-01-14T03-30-05.493Z.txt,28,78,90,5,1,colordiffv2,diffusart,diffusart,colordiffv2,8713
28,userstudy_sid28_2026-01-14T03-30-05.493Z.txt,29,130,137,25,2,diffusart,proposed,diffusart,proposed,5626
28,userstudy_sid28_2026-01-14T03-30-05.493Z.txt,30,146,159,50,0,diffusart,painttorch,diffusart,painttorch,6469
28,userstudy_sid28_2026-01-14T03-30-05.493Z.txt,31,141,132,25,5,colordiffv2,proposed,colordiffv2,proposed,6348
28,userstudy_sid28_2026-01-14T03-30-05.493Z.txt,32,79,81,5,1,diffusart,colordiffv2,diffusart,colordiffv2,9385
28,userstudy_sid28_2026-01-14T03-30-05.493Z.txt,33,11,14,0,2,proposed,diffusart,diffusart,proposed,3189
28,userstudy_sid28_2026-01-14T03-30-05.493Z.txt,34,129,130,25,2,proposed,diffusart,proposed,diffusart,10508
28,userstudy_sid28_2026-01-14T03-30-05.493Z.txt,35,101,103,10,1,diffusart,colordiffv2,colordiffv2,diffusart,3542
28,userstudy_sid28_2026-01-14T03-30-05.493Z.txt,36,147,166,50,0,painttorch,diffusart,diffusart,painttorch,3981
28,userstudy_sid28_2026-01-14T03-30-05.493Z.txt,37,164,150,50,5,proposed,colordiffv2,proposed,colordiffv2,5377
28,userstudy_sid28_2026-01-14T03-30-05.493Z.txt,38,139,134,25,4,proposed,painttorch,proposed,painttorch,5398
28,userstudy_sid28_2026-01-14T03-30-05.493Z.txt,39,41,25,1,4,proposed,painttorch,painttorch,proposed,5948
28,userstudy_sid28_2026-01-14T03-30-05.493Z.txt,40,87,76,5,3,painttorch,colordiffv2,colordiffv2,painttorch,2768
28,userstudy_sid28_2026-01-14T03-30-05.493Z.txt,41,102,101,10,1,colordiffv2,diffusart,colordiffv2,diffusart,7094
28,userstudy_sid28_2026-01-14T03-30-05.493Z.txt,42,165,149,50,5,colordiffv2,proposed,proposed,colordiffv2,4754
28,userstudy_sid28_2026-01-14T03-30-05.493Z.txt,43,64,52,3,4,painttorch,proposed,proposed,painttorch,4488
28,userstudy_sid28_2026-01-14T03-30-05.493Z.txt,44,123,133,25,0,painttorch,diffusart,diffusart,painttorch,4471
28,userstudy_sid28_2026-01-14T03-30-05.493Z.txt,45,27,33,1,0,painttorch,diffusart,diffusart,painttorch,1982
28,userstudy_sid28_2026-01-14T03-30-05.493Z.txt,46,18,9,0,4,painttorch,proposed,painttorch,proposed,3280
28,userstudy_sid28_2026-01-14T03-30-05.493Z.txt,47,6,8,0,1,colordiffv2,diffusart,colordiffv2,diffusart,1781
28,userstudy_sid28_2026-01-14T03-30-05.493Z.txt,48,169,173,100,0,painttorch,diffusart,diffusart,painttorch,1906
28,userstudy_sid28_2026-01-14T03-30-05.493Z.txt,49,159,156,50,3,painttorch,colordiffv2,painttorch,colordiffv2,3325
28,userstudy_sid28_2026-01-14T03-30-05.493Z.txt,50,51,61,3,0,painttorch,diffusart,diffusart,painttorch,3181
28,userstudy_sid28_2026-01-14T03-30-05.493Z.txt,51,168,185,100,0,diffusart,painttorch,diffusart,painttorch,2759
28,userstudy_sid28_2026-01-14T03-30-05.493Z.txt,52,9,5,0,2,proposed,diffusart,diffusart,proposed,1855
28,userstudy_sid28_2026-01-14T03-30-05.493Z.txt,53,191,189,100,5,colordiffv2,proposed,colordiffv2,proposed,5174
28,userstudy_sid28_2026-01-14T03-30-05.493Z.txt,54,85,83,5,3,painttorch,colordiffv2,colordiffv2,painttorch,3837
28,userstudy_sid28_2026-01-14T03-30-05.493Z.txt,55,91,86,5,4,proposed,painttorch,proposed,painttorch,3268
28,userstudy_sid28_2026-01-14T03-30-05.493Z.txt,56,1,3,0,0,painttorch,diffusart,diffusart,painttorch,1952
28,userstudy_sid28_2026-01-14T03-30-05.493Z.txt,57,2,20,0,0,diffusart,painttorch,diffusart,painttorch,1620
28,userstudy_sid28_2026-01-14T03-30-05.493Z.txt,58,83,84,5,2,proposed,diffusart,proposed,diffusart,2984
28,userstudy_sid28_2026-01-14T03-30-05.493Z.txt,59,140,142,25,5,proposed,colordiffv2,colordiffv2,proposed,2217
28,userstudy_sid28_2026-01-14T03-30-05.493Z.txt,60,14,16,0,3,colordiffv2,painttorch,colordiffv2,painttorch,1259
28,userstudy_sid28_2026-01-14T03-30-05.493Z.txt,61,43,31,1,4,proposed,painttorch,proposed,painttorch,1887
28,userstudy_sid28_2026-01-14T03-30-05.493Z.txt,62,176,172,100,2,diffusart,proposed,proposed,diffusart,5050
28,userstudy_sid28_2026-01-14T03-30-05.493Z.txt,63,71,55,3,5,colordiffv2,proposed,proposed,colordiffv2,7987
28,userstudy_sid28_2026-01-14T03-30-05.493Z.txt,64,133,123,25,3,painttorch,colordiffv2,colordiffv2,painttorch,1537
28,userstudy_sid28_2026-01-14T03-30-05.493Z.txt,65,181,170,100,3,painttorch,colordiffv2,painttorch,colordiffv2,6297
28,userstudy_sid28_2026-01-14T03-30-05.493Z.txt,66,187,169,100,4,proposed,painttorch,proposed,painttorch,4306
28,userstudy_sid28_2026-01-14T03-30-05.493Z.txt,67,3,6,0,0,painttorch,diffusart,diffusart,painttorch,1644
28,userstudy_sid28_2026-01-14T03-30-05.493Z.txt,68,109,108,10,3,painttorch,colordiffv2,colordiffv2,painttorch,3193
28,userstudy_sid28_2026-01-14T03-30-05.493Z.txt,69,39,32,1,3,painttorch,colordiffv2,painttorch,colordiffv2,2298
28,userstudy_sid28_2026-01-14T03-30-05.493Z.txt,70,111,97,10,3,painttorch,colordiffv2,colordiffv2,painttorch,1423
28,userstudy_sid28_2026-01-14T03-30-05.493Z.txt,71,106,117,10,2,diffusart,proposed,diffusart,proposed,4398
28,userstudy_sid28_2026-01-14T03-30-05.493Z.txt,72,115,107,10,4,proposed,painttorch,proposed,painttorch,2103
28,userstudy_sid28_2026-01-14T03-30-05.493Z.txt,73,156,151,50,3,colordiffv2,painttorch,painttorch,colordiffv2,6518
28,userstudy_sid28_2026-01-14T03-30-05.493Z.txt,74,48,60,3,0,diffusart,painttorch,diffusart,painttorch,5372
28,userstudy_sid28_2026-01-14T03-30-05.493Z.txt,75,124,138,25,1,colordiffv2,diffusart,colordiffv2,diffusart,6189
28,userstudy_sid28_2026-01-14T03-30-05.493Z.txt,76,62,56,3,3,colordiffv2,painttorch,colordiffv2,painttorch,3238
28,userstudy_sid28_2026-01-14T03-30-05.493Z.txt,77,112,100,10,4,painttorch,proposed,proposed,painttorch,1966
28,userstudy_sid28_2026-01-14T03-30-05.493Z.txt,78,107,116,10,2,proposed,diffusart,diffusart,proposed,4920
28,userstudy_sid28_2026-01-14T03-30-05.493Z.txt,79,70,59,3,5,proposed,colordiffv2,proposed,colordiffv2,3527
28,userstudy_sid28_2026-01-14T03-30-05.493Z.txt,80,138,141,25,4,painttorch,proposed,proposed,painttorch,2447
28,userstudy_sid28_2026-01-14T03-30-05.493Z.txt,81,104,105,10,2,diffusart,proposed,proposed,diffusart,5332
28,userstudy_sid28_2026-01-14T03-30-05.493Z.txt,82,180,168,100,3,colordiffv2,painttorch,colordiffv2,painttorch,2315
28,userstudy_sid28_2026-01-14T03-30-05.493Z.txt,83,13,2,0,3,painttorch,colordiffv2,colordiffv2,painttorch,1750
28,userstudy_sid28_2026-01-14T03-30-05.493Z.txt,84,126,136,25,1,colordiffv2,diffusart,diffusart,colordiffv2,6116
28,userstudy_sid28_2026-01-14T03-30-05.493Z.txt,85,144,162,50,0,diffusart,painttorch,diffusart,painttorch,2929
28,userstudy_sid28_2026-01-14T03-30-05.493Z.txt,86,19,10,0,4,proposed,painttorch,proposed,painttorch,2063
28,userstudy_sid28_2026-01-14T03-30-05.493Z.txt,87,127,129,25,1,diffusart,colordiffv2,diffusart,colordiffv2,3308
28,userstudy_sid28_2026-01-14T03-30-05.493Z.txt,88,38,46,1,3,colordiffv2,painttorch,painttorch,colordiffv2,3578
28,userstudy_sid28_2026-01-14T03-30-05.493Z.txt,89,120,120,25,0,diffusart,painttorch,diffusart,painttorch,4895
28,userstudy_sid28_2026-01-14T03-30-05.493Z.txt,90,142,128,25,5,proposed,colordiffv2,proposed,colordiffv2,4451
28,userstudy_sid28_2026-01-14T03-30-05.493Z.txt,91,163,145,50,4,proposed,painttorch,proposed,painttorch,2641
28,userstudy_sid28_2026-01-14T03-30-05.493Z.txt,92,21,11,0,5,colordiffv2,proposed,colordiffv2,proposed,1008
28,userstudy_sid28_2026-01-14T03-30-05.493Z.txt,93,172,179,100,1,colordiffv2,diffusart,colordiffv2,diffusart,6989
28,userstudy_sid28_2026-01-14T03-30-05.493Z.txt,94,125,124,25,1,diffusart,colordiffv2,diffusart,colordiffv2,1655
28,userstudy_sid28_2026-01-14T03-30-05.493Z.txt,95,50,65,3,0,diffusart,painttorch,diffusart,painttorch,1391
28,userstudy_sid28_2026-01-14T03-30-05.493Z.txt,96,88,91,5,4,painttorch,proposed,proposed,painttorch,3334
28,userstudy_sid28_2026-01-14T03-30-05.493Z.txt,97,149,161,50,1,diffusart,colordiffv2,colordiffv2,diffusart,2477
28,userstudy_sid28_2026-01-14T03-30-05.493Z.txt,98,69,62,3,5,colordiffv2,proposed,proposed,colordiffv2,5487
28,userstudy_sid28_2026-01-14T03-30-05.493Z.txt,99,68,69,3,5,proposed,colordiffv2,proposed,colordiffv2,6440
28,userstudy_sid28_2026-01-14T03-30-05.493Z.txt,100,108,106,10,3,colordiffv2,painttorch,colordiffv2,painttorch,1584
28,userstudy_sid28_2026-01-14T03-30-05.493Z.txt,101,175,188,100,1,diffusart,colordiffv2,colordiffv2,diffusart,6287
28,userstudy_sid28_2026-01-14T03-30-05.493Z.txt,102,67,67,3,4,proposed,painttorch,proposed,painttorch,2413
28,userstudy_sid28_2026-01-14T03-30-05.493Z.txt,103,173,174,100,1,diffusart,colordiffv2,colordiffv2,diffusart,4556
28,userstudy_sid28_2026-01-14T03-30-05.493Z.txt,104,116,98,10,5,proposed,colordiffv2,colordiffv2,proposed,4619
28,userstudy_sid28_2026-01-14T03-30-05.493Z.txt,105,122,126,25,0,diffusart,painttorch,diffusart,painttorch,2365
28,userstudy_sid28_2026-01-14T03-30-05.493Z.txt,106,16,12,0,4,painttorch,proposed,proposed,painttorch,1568
28,userstudy_sid28_2026-01-14T03-30-05.493Z.txt,107,137,135,25,4,proposed,painttorch,proposed,painttorch,3188
28,userstudy_sid28_2026-01-14T03-30-05.493Z.txt,108,77,72,5,1,diffusart,colordiffv2,diffusart,colordiffv2,2205
28,userstudy_sid28_2026-01-14T03-30-05.493Z.txt,109,52,50,3,1,colordiffv2,diffusart,colordiffv2,diffusart,2386
28,userstudy_sid28_2026-01-14T03-30-05.493Z.txt,110,145,148,50,0,painttorch,diffusart,diffusart,painttorch,2496
28,userstudy_sid28_2026-01-14T03-30-05.493Z.txt,111,10,13,0,2,diffusart,proposed,diffusart,proposed,2082
28,userstudy_sid28_2026-01-14T03-30-05.493Z.txt,112,95,93,5,5,colordiffv2,proposed,colordiffv2,proposed,2829
28,userstudy_sid28_2026-01-14T03-30-05.493Z.txt,113,131,121,25,2,proposed,diffusart,proposed,diffusart,2582
28,userstudy_sid28_2026-01-14T03-30-05.493Z.txt,114,135,131,25,3,painttorch,colordiffv2,colordiffv2,painttorch,2254
28,userstudy_sid28_2026-01-14T03-30-05.493Z.txt,115,56,53,3,2,diffusart,proposed,diffusart,proposed,2993
28,userstudy_sid28_2026-01-14T03-30-05.493Z.txt,116,92,85,5,5,proposed,colordiffv2,proposed,colordiffv2,3097
28,userstudy_sid28_2026-01-14T03-30-05.493Z.txt,117,157,163,50,3,painttorch,colordiffv2,painttorch,colordiffv2,2290
28,userstudy_sid28_2026-01-14T03-30-05.493Z.txt,118,105,112,10,2,proposed,diffusart,proposed,diffusart,4123
28,userstudy_sid28_2026-01-14T03-30-05.493Z.txt,119,128,139,25,2,diffusart,proposed,diffusart,proposed,6306
28,userstudy_sid28_2026-01-14T03-30-05.493Z.txt,120,136,125,25,4,painttorch,proposed,proposed,painttorch,2941
28,userstudy_sid28_2026-01-14T03-30-05.493Z.txt,121,42,43,1,4,painttorch,proposed,proposed,painttorch,2861
28,userstudy_sid28_2026-01-14T03-30-05.493Z.txt,122,8,19,0,2,diffusart,proposed,diffusart,proposed,2032
28,userstudy_sid28_2026-01-14T03-30-05.493Z.txt,123,158,158,50,3,colordiffv2,painttorch,colordiffv2,painttorch,1650
28,userstudy_sid28_2026-01-14T03-30-05.493Z.txt,124,114,118,10,4,painttorch,proposed,proposed,painttorch,5158
28,userstudy_sid28_2026-01-14T03-30-05.493Z.txt,125,31,44,1,1,diffusart,colordiffv2,colordiffv2,diffusart,3906
28,userstudy_sid28_2026-01-14T03-30-05.493Z.txt,126,86,77,5,3,colordiffv2,painttorch,colordiffv2,painttorch,2295
28,userstudy_sid28_2026-01-14T03-30-05.493Z.txt,127,73,78,5,0,painttorch,diffusart,diffusart,painttorch,1608
28,userstudy_sid28_2026-01-14T03-30-05.493Z.txt,128,186,175,100,4,painttorch,proposed,proposed,painttorch,2823
28,userstudy_sid28_2026-01-14T03-30-05.493Z.txt,129,75,88,5,0,painttorch,diffusart,diffusart,painttorch,2122
28,userstudy_sid28_2026-01-14T03-30-05.493Z.txt,130,22,4,0,5,proposed,colordiffv2,colordiffv2,proposed,1658
28,userstudy_sid28_2026-01-14T03-30-05.493Z.txt,131,49,70,3,0,painttorch,diffusart,painttorch,diffusart,4755
28,userstudy_sid28_2026-01-14T03-30-05.493Z.txt,132,170,171,100,0,diffusart,painttorch,diffusart,painttorch,3120
28,userstudy_sid28_2026-01-14T03-30-05.493Z.txt,133,171,181,100,0,painttorch,diffusart,painttorch,diffusart,3717
28,userstudy_sid28_2026-01-14T03-30-05.493Z.txt,134,35,38,1,2,proposed,diffusart,proposed,diffusart,2919
28,userstudy_sid28_2026-01-14T03-30-05.493Z.txt,135,103,99,10,1,diffusart,colordiffv2,colordiffv2,diffusart,2126
28,userstudy_sid28_2026-01-14T03-30-05.493Z.txt,136,5,0,0,1,diffusart,colordiffv2,colordiffv2,diffusart,1182
28,userstudy_sid28_2026-01-14T03-30-05.493Z.txt,137,12,23,0,3,colordiffv2,painttorch,colordiffv2,painttorch,3195
28,userstudy_sid28_2026-01-14T03-30-05.493Z.txt,138,46,35,1,5,proposed,colordiffv2,colordiffv2,proposed,2354
28,userstudy_sid28_2026-01-14T03-30-05.493Z.txt,139,179,180,100,2,proposed,diffusart,proposed,diffusart,2606
28,userstudy_sid28_2026-01-14T03-30-05.493Z.txt,140,183,176,100,3,painttorch,colordiffv2,colordiffv2,painttorch,1833
28,userstudy_sid28_2026-01-14T03-30-05.493Z.txt,141,57,58,3,2,proposed,diffusart,diffusart,proposed,4548
28,userstudy_sid28_2026-01-14T03-30-05.493Z.txt,142,119,110,10,5,colordiffv2,proposed,proposed,colordiffv2,2505
28,userstudy_sid28_2026-01-14T03-30-05.493Z.txt,143,155,160,50,2,proposed,diffusart,proposed,diffusart,3019
28,userstudy_sid28_2026-01-14T03-30-05.493Z.txt,144,60,71,3,3,colordiffv2,painttorch,colordiffv2,painttorch,1678
28,userstudy_sid28_2026-01-14T03-30-05.493Z.txt,145,45,34,1,5,colordiffv2,proposed,colordiffv2,proposed,1403
28,userstudy_sid28_2026-01-14T03-30-05.493Z.txt,146,162,146,50,4,painttorch,proposed,proposed,painttorch,1681
28,userstudy_sid28_2026-01-14T03-30-05.493Z.txt,147,151,144,50,1,diffusart,colordiffv2,colordiffv2,diffusart,3116
28,userstudy_sid28_2026-01-14T03-30-05.493Z.txt,148,134,140,25,3,colordiffv2,painttorch,colordiffv2,painttorch,2325
28,userstudy_sid28_2026-01-14T03-30-05.493Z.txt,149,150,154,50,1,colordiffv2,diffusart,colordiffv2,diffusart,2236
28,userstudy_sid28_2026-01-14T03-30-05.493Z.txt,150,190,191,100,5,proposed,colordiffv2,proposed,colordiffv2,5587
28,userstudy_sid28_2026-01-14T03-30-05.493Z.txt,151,65,54,3,4,proposed,painttorch,proposed,painttorch,2091
28,userstudy_sid28_2026-01-14T03-30-05.493Z.txt,152,90,87,5,4,painttorch,proposed,proposed,painttorch,2016
28,userstudy_sid28_2026-01-14T03-30-05.493Z.txt,153,7,21,0,1,diffusart,colordiffv2,colordiffv2,diffusart,1120
28,userstudy_sid28_2026-01-14T03-30-05.493Z.txt,154,118,115,10,5,proposed,colordiffv2,proposed,colordiffv2,3125
28,userstudy_sid28_2026-01-14T03-30-05.493Z.txt,155,29,24,1,1,diffusart,colordiffv2,diffusart,colordiffv2,4983
28,userstudy_sid28_2026-01-14T03-30-05.493Z.txt,156,23,7,0,5,colordiffv2,proposed,colordiffv2,proposed,915
28,userstudy_sid28_2026-01-14T03-30-05.493Z.txt,157,189,186,100,5,colordiffv2,proposed,proposed,colordiffv2,5858
28,userstudy_sid28_2026-01-14T03-30-05.493Z.txt,158,34,27,1,2,diffusart,proposed,diffusart,proposed,5461
28,userstudy_sid28_2026-01-14T03-30-05.493Z.txt,159,63,64,3,3,painttorch,colordiffv2,colordiffv2,painttorch,3509
28,userstudy_sid28_2026-01-14T03-30-05.493Z.txt,160,82,82,5,2,diffusart,proposed,diffusart,proposed,5127
28,userstudy_sid28_2026-01-14T03-30-05.493Z.txt,161,74,92,5,0,diffusart,painttorch,painttorch,diffusart,3718
28,userstudy_sid28_2026-01-14T03-30-05.493Z.txt,162,167,152,50,5,colordiffv2,proposed,proposed,colordiffv2,3715
28,userstudy_sid28_2026-01-14T03-30-05.493Z.txt,163,161,153,50,4,proposed,painttorch,proposed,painttorch,2544
28,userstudy_sid28_2026-01-14T03-30-05.493Z.txt,164,81,74,5,2,proposed,diffusart,proposed,diffusart,1501
28,userstudy_sid28_2026-01-14T03-30-05.493Z.txt,165,188,182,100,5,proposed,colordiffv2,colordiffv2,proposed,4422
28,userstudy_sid28_2026-01-14T03-30-05.493Z.txt,166,148,165,50,1,colordiffv2,diffusart,colordiffv2,diffusart,2873
28,userstudy_sid28_2026-01-14T03-30-05.493Z.txt,167,40,45,1,4,painttorch,proposed,painttorch,proposed,2075
28,userstudy_sid28_2026-01-14T03-30-05.493Z.txt,168,94,73,5,5,proposed,colordiffv2,proposed,colordiffv2,8996
28,userstudy_sid28_2026-01-14T03-30-05.493Z.txt,169,37,26,1,3,painttorch,colordiffv2,painttorch,colordiffv2,3848
28,userstudy_sid28_2026-01-14T03-30-05.493Z.txt,170,96,119,10,0,diffusart,painttorch,diffusart,painttorch,1669
28,userstudy_sid28_2026-01-14T03-30-05.493Z.txt,171,113,102,10,4,proposed,painttorch,proposed,painttorch,1670
28,userstudy_sid28_2026-01-14T03-30-05.493Z.txt,172,28,40,1,1,colordiffv2,diffusart,colordiffv2,diffusart,2800
28,userstudy_sid28_2026-01-14T03-30-05.493Z.txt,173,182,177,100,3,colordiffv2,painttorch,colordiffv2,painttorch,2351
28,userstudy_sid28_2026-01-14T03-30-05.493Z.txt,174,17,15,0,4,proposed,painttorch,painttorch,proposed,2692
28,userstudy_sid28_2026-01-14T03-30-05.493Z.txt,175,20,1,0,5,proposed,colordiffv2,colordiffv2,proposed,1046
28,userstudy_sid28_2026-01-14T03-30-05.493Z.txt,176,54,63,3,1,colordiffv2,diffusart,diffusart,colordiffv2,3852
28,userstudy_sid28_2026-01-14T03-30-05.493Z.txt,177,174,190,100,1,colordiffv2,diffusart,diffusart,colordiffv2,2850
28,userstudy_sid28_2026-01-14T03-30-05.493Z.txt,178,58,48,3,2,diffusart,proposed,proposed,diffusart,2996
28,userstudy_sid28_2026-01-14T03-30-05.493Z.txt,179,143,122,25,5,colordiffv2,proposed,proposed,colordiffv2,2793
28,userstudy_sid28_2026-01-14T03-30-05.493Z.txt,180,47,42,1,5,colordiffv2,proposed,colordiffv2,proposed,4602
28,userstudy_sid28_2026-01-14T03-30-05.493Z.txt,181,24,37,1,0,diffusart,painttorch,diffusart,painttorch,1735
28,userstudy_sid28_2026-01-14T03-30-05.493Z.txt,182,166,167,50,5,proposed,colordiffv2,proposed,colordiffv2,2812
28,userstudy_sid28_2026-01-14T03-30-05.493Z.txt,183,93,95,5,5,colordiffv2,proposed,colordiffv2,proposed,3263
28,userstudy_sid28_2026-01-14T03-30-05.493Z.txt,184,0,22,0,0,diffusart,painttorch,diffusart,painttorch,1483
28,userstudy_sid28_2026-01-14T03-30-05.493Z.txt,185,26,41,1,0,diffusart,painttorch,diffusart,painttorch,2093
28,userstudy_sid28_2026-01-14T03-30-05.493Z.txt,186,184,178,100,4,painttorch,proposed,proposed,painttorch,1668
28,userstudy_sid28_2026-01-14T03-30-05.493Z.txt,187,97,96,10,0,painttorch,diffusart,diffusart,painttorch,1607
28,userstudy_sid28_2026-01-14T03-30-05.493Z.txt,188,44,39,1,5,proposed,colordiffv2,colordiffv2,proposed,6194
28,userstudy_sid28_2026-01-14T03-30-05.493Z.txt,189,154,147,50,2,diffusart,proposed,proposed,diffusart,7078
28,userstudy_sid28_2026-01-14T03-30-05.493Z.txt,190,59,68,3,2,proposed,diffusart,diffusart,proposed,2336
28,userstudy_sid28_2026-01-14T03-30-05.493Z.txt,191,80,80,5,2,diffusart,proposed,proposed,diffusart,1457
29,userstudy_sid29_2026-01-14T07-01-52.612Z.txt,0,1,3,0,0,painttorch,diffusart,painttorch,diffusart,4020
29,userstudy_sid29_2026-01-14T07-01-52.612Z.txt,1,90,87,5,4,painttorch,proposed,proposed,painttorch,3188
29,userstudy_sid29_2026-01-14T07-01-52.612Z.txt,2,30,30,1,1,colordiffv2,diffusart,diffusart,colordiffv2,2850
29,userstudy_sid29_2026-01-14T07-01-52.612Z.txt,3,136,125,25,4,painttorch,proposed,proposed,painttorch,2635
29,userstudy_sid29_2026-01-14T07-01-52.612Z.txt,4,163,145,50,4,proposed,painttorch,proposed,painttorch,2632
29,userstudy_sid29_2026-01-14T07-01-52.612Z.txt,5,9,5,0,2,proposed,diffusart,diffusart,proposed,3912
29,userstudy_sid29_2026-01-14T07-01-52.612Z.txt,6,92,85,5,5,proposed,colordiffv2,proposed,colordiffv2,6447
29,userstudy_sid29_2026-01-14T07-01-52.612Z.txt,7,127,129,25,1,diffusart,colordiffv2,colordiffv2,diffusart,2405
29,userstudy_sid29_2026-01-14T07-01-52.612Z.txt,8,46,35,1,5,proposed,colordiffv2,proposed,colordiffv2,4334
29,userstudy_sid29_2026-01-14T07-01-52.612Z.txt,9,98,113,10,0,diffusart,painttorch,diffusart,painttorch,2483
29,userstudy_sid29_2026-01-14T07-01-52.612Z.txt,10,77,72,5,1,diffusart,colordiffv2,colordiffv2,diffusart,8437
29,userstudy_sid29_2026-01-14T07-01-52.612Z.txt,11,170,171,100,0,diffusart,painttorch,diffusart,painttorch,3730
29,userstudy_sid29_2026-01-14T07-01-52.612Z.txt,12,168,185,100,0,diffusart,painttorch,diffusart,painttorch,4385
29,userstudy_sid29_2026-01-14T07-01-52.612Z.txt,13,185,183,100,4,proposed,painttorch,proposed,painttorch,1937
29,userstudy_sid29_2026-01-14T07-01-52.612Z.txt,14,174,190,100,1,colordiffv2,diffusart,colordiffv2,diffusart,2665
29,userstudy_sid29_2026-01-14T07-01-52.612Z.txt,15,96,119,10,0,diffusart,painttorch,diffusart,painttorch,2837
29,userstudy_sid29_2026-01-14T07-01-52.612Z.txt,16,53,66,3,1,diffusart,colordiffv2,diffusart,colordiffv2,1371
29,userstudy_sid29_2026-01-14T07-01-52.612Z.txt,17,12,23,0,3,colordiffv2,painttorch,painttorch,colordiffv2,2060
29,userstudy_sid29_2026-01-14T07-01-52.612Z.txt,18,112,100,10,4,painttorch,proposed,proposed,painttorch,3602
29,userstudy_sid29_2026-01-14T07-01-52.612Z.txt,19,135,131,25,3,painttorch,colordiffv2,colordiffv2,painttorch,3060
29,userstudy_sid29_2026-01-14T07-01-52.612Z.txt,20,172,179,100,1,colordiffv2,diffusart,colordiffv2,diffusart,2459
29,userstudy_sid29_2026-01-14T07-01-52.612Z.txt,21,80,80,5,2,diffusart,proposed,proposed,diffusart,5023
29,userstudy_sid29_2026-01-14T07-01-52.612Z.txt,22,132,143,25,3,colordiffv2,painttorch,colordiffv2,painttorch,3342
29,userstudy_sid29_2026-01-14T07-01-52.612Z.txt,23,173,174,100,1,diffusart,colordiffv2,diffusart,colordiffv2,3298
29,userstudy_sid29_2026-01-14T07-01-52.612Z.txt,24,134,140,25,3,colordiffv2,painttorch,colordiffv2,painttorch,2644
29,userstudy_sid29_2026-01-14T07-01-52.612Z.txt,25,106,117,10,2,diffusart,proposed,diffusart,proposed,5207
29,userstudy_sid29_2026-01-14T07-01-52.612Z.txt,26,14,16,0,3,colordiffv2,painttorch,painttorch,colordiffv2,1263
29,userstudy_sid29_2026-01-14T07-01-52.612Z.txt,27,87,76,5,3,painttorch,colordiffv2,painttorch,colordiffv2,4641
29,userstudy_sid29_2026-01-14T07-01-52.612Z.txt,28,158,158,50,3,colordiffv2,painttorch,colordiffv2,painttorch,1634
29,userstudy_sid29_2026-01-14T07-01-52.612Z.txt,29,85,83,5,3,painttorch,colordiffv2,colordiffv2,painttorch,1732
29,userstudy_sid29_2026-01-14T07-01-52.612Z.txt,30,33,47,1,2,proposed,diffusart,diffusart,proposed,1339
29,userstudy_sid29_2026-01-14T07-01-52.612Z.txt,31,157,163,50,3,painttorch,colordiffv2,painttorch,colordiffv2,8288
29,userstudy_sid29_2026-01-14T07-01-52.612Z.txt,32,91,86,5,4,proposed,painttorch,proposed,painttorch,1647
29,userstudy_sid29_2026-01-14T07-01-52.612Z.txt,33,120,120,25,0,diffusart,painttorch,diffusart,painttorch,2207
29,userstudy_sid29_2026-01-14T07-01-52.612Z.txt,34,189,186,100,5,colordiffv2,proposed,proposed,colordiffv2,2633
29,userstudy_sid29_2026-01-14T07-01-52.612Z.txt,35,101,103,10,1,diffusart,colordiffv2,colordiffv2,diffusart,1791
29,userstudy_sid29_2026-01-14T07-01-52.612Z.txt,36,73,78,5,0,painttorch,diffusart,diffusart,painttorch,2091
29,userstudy_sid29_2026-01-14T07-01-52.612Z.txt,37,78,90,5,1,colordiffv2,diffusart,colordiffv2,diffusart,2959
29,userstudy_sid29_2026-01-14T07-01-52.612Z.txt,38,88,91,5,4,painttorch,proposed,proposed,painttorch,5276
29,userstudy_sid29_2026-01-14T07-01-52.612Z.txt,39,117,111,10,5,colordiffv2,proposed,colordiffv2,proposed,3816
29,userstudy_sid29_2026-01-14T07-01-52.612Z.txt,40,6,8,0,1,colordiffv2,diffusart,diffusart,colordiffv2,1701
29,userstudy_sid29_2026-01-14T07-01-52.612Z.txt,41,52,50,3,1,colordiffv2,diffusart,diffusart,colordiffv2,4069
29,userstudy_sid29_2026-01-14T07-01-52.612Z.txt,42,187,169,100,4,proposed,painttorch,proposed,painttorch,2431
29,userstudy_sid29_2026-01-14T07-01-52.612Z.txt,43,70,59,3,5,proposed,colordiffv2,proposed,colordiffv2,2559
29,userstudy_sid29_2026-01-14T07-01-52.612Z.txt,44,81,74,5,2,proposed,diffusart,proposed,diffusart,2286
29,userstudy_sid29_2026-01-14T07-01-52.612Z.txt,45,79,81,5,1,diffusart,colordiffv2,diffusart,colordiffv2,7522
29,userstudy_sid29_2026-01-14T07-01-52.612Z.txt,46,22,4,0,5,proposed,colordiffv2,proposed,colordiffv2,2372
29,userstudy_sid29_2026-01-14T07-01-52.612Z.txt,47,38,46,1,3,colordiffv2,painttorch,painttorch,colordiffv2,1886
29,userstudy_sid29_2026-01-14T07-01-52.612Z.txt,48,41,25,1,4,proposed,painttorch,painttorch,proposed,7757
29,userstudy_sid29_2026-01-14T07-01-52.612Z.txt,49,160,164,50,4,painttorch,proposed,proposed,painttorch,1695
29,userstudy_sid29_2026-01-14T07-01-52.612Z.txt,50,7,21,0,1,diffusart,colordiffv2,diffusart,colordiffv2,1194
29,userstudy_sid29_2026-01-14T07-01-52.612Z.txt,51,28,40,1,1,colordiffv2,diffusart,diffusart,colordiffv2,2176
29,userstudy_sid29_2026-01-14T07-01-52.612Z.txt,52,25,29,1,0,painttorch,diffusart,diffusart,painttorch,5875
29,userstudy_sid29_2026-01-14T07-01-52.612Z.txt,53,42,43,1,4,painttorch,proposed,proposed,painttorch,2113
29,userstudy_sid29_2026-01-14T07-01-52.612Z.txt,54,145,148,50,0,painttorch,diffusart,diffusart,painttorch,2056
29,userstudy_sid29_2026-01-14T07-01-52.612Z.txt,55,99,114,10,0,painttorch,diffusart,diffusart,painttorch,6900
29,userstudy_sid29_2026-01-14T07-01-52.612Z.txt,56,24,37,1,0,diffusart,painttorch,diffusart,painttorch,3381
29,userstudy_sid29_2026-01-14T07-01-52.612Z.txt,57,191,189,100,5,colordiffv2,proposed,proposed,colordiffv2,3630
29,userstudy_sid29_2026-01-14T07-01-52.612Z.txt,58,126,136,25,1,colordiffv2,diffusart,colordiffv2,diffusart,5196
29,userstudy_sid29_2026-01-14T07-01-52.612Z.txt,59,16,12,0,4,painttorch,proposed,painttorch,proposed,3202
29,userstudy_sid29_2026-01-14T07-01-52.612Z.txt,60,60,71,3,3,colordiffv2,painttorch,painttorch,colordiffv2,1942
29,userstudy_sid29_2026-01-14T07-01-52.612Z.txt,61,129,130,25,2,proposed,diffusart,diffusart,proposed,1476
29,userstudy_sid29_2026-01-14T07-01-52.612Z.txt,62,114,118,10,4,painttorch,proposed,proposed,painttorch,3309
29,userstudy_sid29_2026-01-14T07-01-52.612Z.txt,63,37,26,1,3,painttorch,colordiffv2,colordiffv2,painttorch,8808
29,userstudy_sid29_2026-01-14T07-01-52.612Z.txt,64,34,27,1,2,diffusart,proposed,diffusart,proposed,6594
29,userstudy_sid29_2026-01-14T07-01-52.612Z.txt,65,72,89,5,0,diffusart,painttorch,diffusart,painttorch,1842
29,userstudy_sid29_2026-01-14T07-01-52.612Z.txt,66,115,107,10,4,proposed,painttorch,proposed,painttorch,2280
29,userstudy_sid29_2026-01-14T07-01-52.612Z.txt,67,176,172,100,2,diffusart,proposed,proposed,diffusart,2667
29,userstudy_sid29_2026-01-14T07-01-52.612Z.txt,68,159,156,50,3,painttorch,colordiffv2,colordiffv2,painttorch,1531
29,userstudy_sid29_2026-01-14T07-01-52.612Z.txt,69,5,0,0,1,diffusart,colordiffv2,diffusart,colordiffv2,1492
29,userstudy_sid29_2026-01-14T07-01-52.612Z.txt,70,69,62,3,5,colordiffv2,proposed,proposed,colordiffv2,2265
29,userstudy_sid29_2026-01-14T07-01-52.612Z.txt,71,121,127,25,0,painttorch,diffusart,diffusart,painttorch,1512
29,userstudy_sid29_2026-01-14T07-01-52.612Z.txt,72,102,101,10,1,colordiffv2,diffusart,colordiffv2,diffusart,2582
29,userstudy_sid29_2026-01-14T07-01-52.612Z.txt,73,27,33,1,0,painttorch,diffusart,diffusart,painttorch,3126
29,userstudy_sid29_2026-01-14T07-01-52.612Z.txt,74,124,138,25,1,colordiffv2,diffusart,colordiffv2,diffusart,3123
29,userstudy_sid29_2026-01-14T07-01-52.612Z.txt,75,20,1,0,5,proposed,colordiffv2,proposed,colordiffv2,1594
29,userstudy_sid29_2026-01-14T07-01-52.612Z.txt,76,110,109,10,3,colordiffv2,painttorch,colordiffv2,painttorch,2458
29,userstudy_sid29_2026-01-14T07-01-52.612Z.txt,77,74,92,5,0,diffusart,painttorch,painttorch,diffusart,3108
29,userstudy_sid29_2026-01-14T07-01-52.612Z.txt,78,153,157,50,2,proposed,diffusart,proposed,diffusart,2722
29,userstudy_sid29_2026-01-14T07-01-52.612Z.txt,79,23,7,0,5,colordiffv2,proposed,proposed,colordiffv2,2961
29,userstudy_sid29_2026-01-14T07-01-52.612Z.txt,80,164,150,50,5,proposed,colordiffv2,proposed,colordiffv2,10531
29,userstudy_sid29_2026-01-14T07-01-52.612Z.txt,81,156,151,50,3,colordiffv2,painttorch,colordiffv2,painttorch,1515
29,userstudy_sid29_2026-01-14T07-01-52.612Z.txt,82,147,166,50,0,painttorch,diffusart,diffusart,painttorch,1623
29,userstudy_sid29_2026-01-14T07-01-52.612Z.txt,83,36,36,1,3,colordiffv2,painttorch,colordiffv2,painttorch,2327
29,userstudy_sid29_2026-01-14T07-01-52.612Z.txt,84,131,121,25,2,proposed,diffusart,diffusart,proposed,6974
29,userstudy_sid29_2026-01-14T07-01-52.612Z.txt,85,31,44,1,1,diffusart,colordiffv2,diffusart,colordiffv2,1374
29,userstudy_sid29_2026-01-14T07-01-52.612Z.txt,86,184,178,100,4,painttorch,proposed,proposed,painttorch,2205
29,userstudy_sid29_2026-01-14T07-01-52.612Z.txt,87,10,13,0,2,diffusart,proposed,proposed,diffusart,5001
29,userstudy_sid29_2026-01-14T07-01-52.612Z.txt,88,133,123,25,3,painttorch,colordiffv2,colordiffv2,painttorch,8380
29,userstudy_sid29_2026-01-14T07-01-52.612Z.txt,89,151,144,50,1,diffusart,colordiffv2,diffusart,colordiffv2,2889
29,userstudy_sid29_2026-01-14T07-01-52.612Z.txt,90,175,188,100,1,diffusart,colordiffv2,colordiffv2,diffusart,4132
29,userstudy_sid29_2026-01-14T07-01-52.612Z.txt,91,97,96,10,0,painttorch,diffusart,diffusart,painttorch,1634
29,userstudy_sid29_2026-01-14T07-01-52.612Z.txt,92,103,99,10,1,diffusart,colordiffv2,diffusart,colordiffv2,3680
29,userstudy_sid29_2026-01-14T07-01-52.612Z.txt,93,116,98,10,5,proposed,colordiffv2,proposed,colordiffv2,5200
29,userstudy_sid29_2026-01-14T07-01-52.612Z.txt,94,140,142,25,5,proposed,colordiffv2,proposed,colordiffv2,4589
29,userstudy_sid29_2026-01-14T07-01-52.612Z.txt,95,32,28,1,2,diffusart,proposed,diffusart,proposed,4846
29,userstudy_sid29_2026-01-14T07-01-52.612Z.txt,96,139,134,25,4,proposed,painttorch,proposed,painttorch,1949
29,userstudy_sid29_2026-01-14T07-01-52.612Z.txt,97,130,137,25,2,diffusart,proposed,proposed,diffusart,3785
29,userstudy_sid29_2026-01-14T07-01-52.612Z.txt,98,71,55,3,5,colordiffv2,proposed,colordiffv2,proposed,1922
29,userstudy_sid29_2026-01-14T07-01-52.612Z.txt,99,65,54,3,4,proposed,painttorch,painttorch,proposed,2261
29,userstudy_sid29_2026-01-14T07-01-52.612Z.txt,100,179,180,100,2,proposed,diffusart,proposed,diffusart,1950
29,userstudy_sid29_2026-01-14T07-01-52.612Z.txt,101,94,73,5,5,proposed,colordiffv2,colordiffv2,proposed,4985
29,userstudy_sid29_2026-01-14T07-01-52.612Z.txt,102,45,34,1,5,colordiffv2,proposed,proposed,colordiffv2,2004
29,userstudy_sid29_2026-01-14T07-01-52.612Z.txt,103,137,135,25,4,proposed,painttorch,proposed,painttorch,2149
29,userstudy_sid29_2026-01-14T07-01-52.612Z.txt,104,162,146,50,4,painttorch,proposed,proposed,painttorch,1955
29,userstudy_sid29_2026-01-14T07-01-52.612Z.txt,105,76,94,5,1,colordiffv2,diffusart,diffusart,colordiffv2,1577
29,userstudy_sid29_2026-01-14T07-01-52.612Z.txt,106,154,147,50,2,diffusart,proposed,diffusart,proposed,14124
29,userstudy_sid29_2026-01-14T07-01-52.612Z.txt,107,2,20,0,0,diffusart,painttorch,painttorch,diffusart,1391
29,userstudy_sid29_2026-01-14T07-01-52.612Z.txt,108,26,41,1,0,diffusart,painttorch,painttorch,diffusart,2666
29,userstudy_sid29_2026-01-14T07-01-52.612Z.txt,109,68,69,3,5,proposed,colordiffv2,proposed,colordiffv2,2049
29,userstudy_sid29_2026-01-14T07-01-52.612Z.txt,110,67,67,3,4,proposed,painttorch,proposed,painttorch,1687
29,userstudy_sid29_2026-01-14T07-01-52.612Z.txt,111,167,152,50,5,colordiffv2,proposed,proposed,colordiffv2,9244
29,userstudy_sid29_2026-01-14T07-01-52.612Z.txt,112,58,48,3,2,diffusart,proposed,diffusart,proposed,2096
29,userstudy_sid29_2026-01-14T07-01-52.612Z.txt,113,165,149,50,5,colordiffv2,proposed,proposed,colordiffv2,2969
29,userstudy_sid29_2026-01-14T07-01-52.612Z.txt,114,61,51,3,3,painttorch,colordiffv2,painttorch,colordiffv2,1489
29,userstudy_sid29_2026-01-14T07-01-52.612Z.txt,115,56,53,3,2,diffusart,proposed,diffusart,proposed,2261
29,userstudy_sid29_2026-01-14T07-01-52.612Z.txt,116,3,6,0,0,painttorch,diffusart,diffusart,painttorch,5281
29,userstudy_sid29_2026-01-14T07-01-52.612Z.txt,117,64,52,3,4,painttorch,proposed,proposed,painttorch,4373
29,userstudy_sid29_2026-01-14T07-01-52.612Z.txt,118,51,61,3,0,painttorch,diffusart,diffusart,painttorch,1740
29,userstudy_sid29_2026-01-14T07-01-52.612Z.txt,119,144,162,50,0,diffusart,painttorch,painttorch,diffusart,7057
29,userstudy_sid29_2026-01-14T07-01-52.612Z.txt,120,55,57,3,1,diffusart,colordiffv2,diffusart,colordiffv2,1776
29,userstudy_sid29_2026-01-14T07-01-52.612Z.txt,121,95,93,5,5,colordiffv2,proposed,proposed,colordiffv2,6157
29,userstudy_sid29_2026-01-14T07-01-52.612Z.txt,122,17,15,0,4,proposed,painttorch,proposed,painttorch,3615
29,userstudy_sid29_2026-01-14T07-01-52.612Z.txt,123,57,58,3,2,proposed,diffusart,proposed,diffusart,4556
29,userstudy_sid29_2026-01-14T07-01-52.612Z.txt,124,143,122,25,5,colordiffv2,proposed,colordiffv2,proposed,8590
29,userstudy_sid29_2026-01-14T07-01-52.612Z.txt,125,166,167,50,5,proposed,colordiffv2,proposed,colordiffv2,8027
29,userstudy_sid29_2026-01-14T07-01-52.612Z.txt,126,104,105,10,2,diffusart,proposed,diffusart,proposed,2809
29,userstudy_sid29_2026-01-14T07-01-52.612Z.txt,127,148,165,50,1,colordiffv2,diffusart,diffusart,colordiffv2,1504
29,userstudy_sid29_2026-01-14T07-01-52.612Z.txt,128,93,95,5,5,colordiffv2,proposed,proposed,colordiffv2,1924
29,userstudy_sid29_2026-01-14T07-01-52.612Z.txt,129,123,133,25,0,painttorch,diffusart,diffusart,painttorch,1584
29,userstudy_sid29_2026-01-14T07-01-52.612Z.txt,130,190,191,100,5,proposed,colordiffv2,colordiffv2,proposed,17750
29,userstudy_sid29_2026-01-14T07-01-52.612Z.txt,131,181,170,100,3,painttorch,colordiffv2,colordiffv2,painttorch,1745
29,userstudy_sid29_2026-01-14T07-01-52.612Z.txt,132,8,19,0,2,diffusart,proposed,diffusart,proposed,3657
29,userstudy_sid29_2026-01-14T07-01-52.612Z.txt,133,113,102,10,4,proposed,painttorch,proposed,painttorch,2823
29,userstudy_sid29_2026-01-14T07-01-52.612Z.txt,134,177,184,100,2,proposed,diffusart,proposed,diffusart,2975
29,userstudy_sid29_2026-01-14T07-01-52.612Z.txt,135,48,60,3,0,diffusart,painttorch,diffusart,painttorch,1588
29,userstudy_sid29_2026-01-14T07-01-52.612Z.txt,136,125,124,25,1,diffusart,colordiffv2,diffusart,colordiffv2,3526
29,userstudy_sid29_2026-01-14T07-01-52.612Z.txt,137,21,11,0,5,colordiffv2,proposed,proposed,colordiffv2,1501
29,userstudy_sid29_2026-01-14T07-01-52.612Z.txt,138,39,32,1,3,painttorch,colordiffv2,painttorch,colordiffv2,4051
29,userstudy_sid29_2026-01-14T07-01-52.612Z.txt,139,180,168,100,3,colordiffv2,painttorch,colordiffv2,painttorch,7088
29,userstudy_sid29_2026-01-14T07-01-52.612Z.txt,140,11,14,0,2,proposed,diffusart,diffusart,proposed,3142
29,userstudy_sid29_2026-01-14T07-01-52.612Z.txt,141,109,108,10,3,painttorch,colordiffv2,colordiffv2,painttorch,5489
29,userstudy_sid29_2026-01-14T07-01-52.612Z.txt,142,107,116,10,2,proposed,diffusart,proposed,diffusart,4270
29,userstudy_sid29_2026-01-14T07-01-52.612Z.txt,143,100,104,10,1,colordiffv2,diffusart,colordiffv2,diffusart,7189
29,userstudy_sid29_2026-01-14T07-01-52.612Z.txt,144,152,155,50,2,diffusart,proposed,proposed,diffusart,2679
29,userstudy_sid29_2026-01-14T07-01-52.612Z.txt,145,108,106,10,3,colordiffv2,painttorch,colordiffv2,painttorch,2618
29,userstudy_sid29_2026-01-14T07-01-52.612Z.txt,146,138,141,25,4,painttorch,proposed,proposed,painttorch,2657
29,userstudy_sid29_2026-01-14T07-01-52.612Z.txt,147,35,38,1,2,proposed,diffusart,diffusart,proposed,7926
29,userstudy_sid29_2026-01-14T07-01-52.612Z.txt,148,186,175,100,4,painttorch,proposed,proposed,painttorch,3026
29,userstudy_sid29_2026-01-14T07-01-52.612Z.txt,149,43,31,1,4,proposed,painttorch,proposed,painttorch,3269
29,userstudy_sid29_2026-01-14T07-01-52.612Z.txt,150,178,187,100,2,diffusart,proposed,proposed,diffusart,3122
29,userstudy_sid29_2026-01-14T07-01-52.612Z.txt,151,155,160,50,2,proposed,diffusart,proposed,diffusart,3431
29,userstudy_sid29_2026-01-14T07-01-52.612Z.txt,152,105,112,10,2,proposed,diffusart,proposed,diffusart,4728
29,userstudy_sid29_2026-01-14T07-01-52.612Z.txt,153,142,128,25,5,proposed,colordiffv2,proposed,colordiffv2,2277
29,userstudy_sid29_2026-01-14T07-01-52.612Z.txt,154,141,132,25,5,colordiffv2,proposed,colordiffv2,proposed,3655
29,userstudy_sid29_2026-01-14T07-01-52.612Z.txt,155,40,45,1,4,painttorch,proposed,proposed,painttorch,2763
29,userstudy_sid29_2026-01-14T07-01-52.612Z.txt,156,83,84,5,2,proposed,diffusart,diffusart,proposed,7094
29,userstudy_sid29_2026-01-14T07-01-52.612Z.txt,157,84,79,5,3,colordiffv2,painttorch,colordiffv2,painttorch,2028
29,userstudy_sid29_2026-01-14T07-01-52.612Z.txt,158,49,70,3,0,painttorch,diffusart,diffusart,painttorch,6881
29,userstudy_sid29_2026-01-14T07-01-52.612Z.txt,159,122,126,25,0,diffusart,painttorch,diffusart,painttorch,1730
29,userstudy_sid29_2026-01-14T07-01-52.612Z.txt,160,111,97,10,3,painttorch,colordiffv2,colordiffv2,painttorch,3487
29,userstudy_sid29_2026-01-14T07-01-52.612Z.txt,161,44,39,1,5,proposed,colordiffv2,colordiffv2,proposed,5034
29,userstudy_sid29_2026-01-14T07-01-52.612Z.txt,162,54,63,3,1,colordiffv2,diffusart,diffusart,colordiffv2,2143
29,userstudy_sid29_2026-01-14T07-01-52.612Z.txt,163,86,77,5,3,colordiffv2,painttorch,colordiffv2,painttorch,1862
29,userstudy_sid29_2026-01-14T07-01-52.612Z.txt,164,118,115,10,5,proposed,colordiffv2,proposed,colordiffv2,4120
29,userstudy_sid29_2026-01-14T07-01-52.612Z.txt,165,50,65,3,0,diffusart,painttorch,diffusart,painttorch,2997
29,userstudy_sid29_2026-01-14T07-01-52.612Z.txt,166,89,75,5,4,proposed,painttorch,proposed,painttorch,3028
29,userstudy_sid29_2026-01-14T07-01-52.612Z.txt,167,161,153,50,4,proposed,painttorch,proposed,painttorch,2976
29,userstudy_sid29_2026-01-14T07-01-52.612Z.txt,168,169,173,100,0,painttorch,diffusart,diffusart,painttorch,5901
29,userstudy_sid29_2026-01-14T07-01-52.612Z.txt,169,75,88,5,0,painttorch,diffusart,diffusart,painttorch,2118
29,userstudy_sid29_2026-01-14T07-01-52.612Z.txt,170,149,161,50,1,diffusart,colordiffv2,colordiffv2,diffusart,6577
29,userstudy_sid29_2026-01-14T07-01-52.612Z.txt,171,182,177,100,3,colordiffv2,painttorch,colordiffv2,painttorch,1880
29,userstudy_sid29_2026-01-14T07-01-52.612Z.txt,172,183,176,100,3,painttorch,colordiffv2,colordiffv2,painttorch,3613
29,userstudy_sid29_2026-01-14T07-01-52.612Z.txt,173,47,42,1,5,colordiffv2,proposed,proposed,colordiffv2,2036
29,userstudy_sid29_2026-01-14T07-01-52.612Z.txt,174,4,17,0,1,colordiffv2,diffusart,diffusart,colordiffv2,2824
29,userstudy_sid29_2026-01-14T07-01-52.612Z.txt,175,171,181,100,0,painttorch,diffusart,diffusart,painttorch,8172
29,userstudy_sid29_2026-01-14T07-01-52.612Z.txt,176,150,154,50,1,colordiffv2,diffusart,colordiffv2,diffusart,1897
29,userstudy_sid29_2026-01-14T07-01-52.612Z.txt,177,15,18,0,3,painttorch,colordiffv2,painttorch,colordiffv2,2787
29,userstudy_sid29_2026-01-14T07-01-52.612Z.txt,178,59,68,3,2,proposed,diffusart,diffusart,proposed,5637
29,userstudy_sid29_2026-01-14T07-01-52.612Z.txt,179,0,22,0,0,diffusart,painttorch,painttorch,diffusart,4002
29,userstudy_sid29_2026-01-14T07-01-52.612Z.txt,180,82,82,5,2,diffusart,proposed,diffusart,proposed,3458
29,userstudy_sid29_2026-01-14T07-01-52.612Z.txt,181,19,10,0,4,proposed,painttorch,painttorch,proposed,4039
29,userstudy_sid29_2026-01-14T07-01-52.612Z.txt,182,128,139,25,2,diffusart,proposed,proposed,diffusart,4350
29,userstudy_sid29_2026-01-14T07-01-52.612Z.txt,183,62,56,3,3,colordiffv2,painttorch,painttorch,colordiffv2,3328
29,userstudy_sid29_2026-01-14T07-01-52.612Z.txt,184,119,110,10,5,colordiffv2,proposed,colordiffv2,proposed,3595
29,userstudy_sid29_2026-01-14T07-01-52.612Z.txt,185,29,24,1,1,diffusart,colordiffv2,colordiffv2,diffusart,2230
29,userstudy_sid29_2026-01-14T07-01-52.612Z.txt,186,188,182,100,5,proposed,colordiffv2,proposed,colordiffv2,4427
29,userstudy_sid29_2026-01-14T07-01-52.612Z.txt,187,13,2,0,3,painttorch,colordiffv2,painttorch,colordiffv2,1578
29,userstudy_sid29_2026-01-14T07-01-52.612Z.txt,188,18,9,0,4,painttorch,proposed,painttorch,proposed,3056
29,userstudy_sid29_2026-01-14T07-01-52.612Z.txt,189,146,159,50,0,diffusart,painttorch,diffusart,painttorch,4934
29,userstudy_sid29_2026-01-14T07-01-52.612Z.txt,190,63,64,3,3,painttorch,colordiffv2,colordiffv2,painttorch,7749
29,userstudy_sid29_2026-01-14T07-01-52.612Z.txt,191,66,49,3,4,painttorch,proposed,proposed,painttorch,3327
30,userstudy_sid30_2026-01-14T05-28-39.672Z.txt,0,160,164,50,4,painttorch,proposed,proposed,painttorch,8058
30,userstudy_sid30_2026-01-14T05-28-39.672Z.txt,1,142,128,25,5,proposed,colordiffv2,proposed,colordiffv2,13169
30,userstudy_sid30_2026-01-14T05-28-39.672Z.txt,2,179,180,100,2,proposed,diffusart,proposed,diffusart,5935
30,userstudy_sid30_2026-01-14T05-28-39.672Z.txt,3,131,121,25,2,proposed,diffusart,proposed,diffusart,10071
30,userstudy_sid30_2026-01-14T05-28-39.672Z.txt,4,136,125,25,4,painttorch,proposed,proposed,painttorch,5300
30,userstudy_sid30_2026-01-14T05-28-39.672Z.txt,5,27,33,1,0,painttorch,diffusart,painttorch,diffusart,15245
30,userstudy_sid30_2026-01-14T05-28-39.672Z.txt,6,88,91,5,4,painttorch,proposed,proposed,painttorch,15656
30,userstudy_sid30_2026-01-14T05-28-39.672Z.txt,7,90,87,5,4,painttorch,proposed,painttorch,proposed,8407
30,userstudy_sid30_2026-01-14T05-28-39.672Z.txt,8,126,136,25,1,colordiffv2,diffusart,colordiffv2,diffusart,7438
30,userstudy_sid30_2026-01-14T05-28-39.672Z.txt,9,81,74,5,2,proposed,diffusart,proposed,diffusart,5475
30,userstudy_sid30_2026-01-14T05-28-39.672Z.txt,10,187,169,100,4,proposed,painttorch,proposed,painttorch,10003
30,userstudy_sid30_2026-01-14T05-28-39.672Z.txt,11,31,44,1,1,diffusart,colordiffv2,diffusart,colordiffv2,11589
30,userstudy_sid30_2026-01-14T05-28-39.672Z.txt,12,70,59,3,5,proposed,colordiffv2,proposed,colordiffv2,15062
30,userstudy_sid30_2026-01-14T05-28-39.672Z.txt,13,62,56,3,3,colordiffv2,painttorch,colordiffv2,painttorch,13256
30,userstudy_sid30_2026-01-14T05-28-39.672Z.txt,14,116,98,10,5,proposed,colordiffv2,proposed,colordiffv2,9326
30,userstudy_sid30_2026-01-14T05-28-39.672Z.txt,15,134,140,25,3,colordiffv2,painttorch,colordiffv2,painttorch,5300
30,userstudy_sid30_2026-01-14T05-28-39.672Z.txt,16,83,84,5,2,proposed,diffusart,proposed,diffusart,6205
30,userstudy_sid30_2026-01-14T05-28-39.672Z.txt,17,158,158,50,3,colordiffv2,painttorch,colordiffv2,painttorch,10454
30,userstudy_sid30_2026-01-14T05-28-39.672Z.txt,18,108,106,10,3,colordiffv2,painttorch,colordiffv2,painttorch,10426
30,userstudy_sid30_2026-01-14T05-28-39.672Z.txt,19,3,6,0,0,painttorch,diffusart,painttorch,diffusart,7688
30,userstudy_sid30_2026-01-14T05-28-39.672Z.txt,20,157,163,50,3,painttorch,colordiffv2,painttorch,colordiffv2,19493
30,userstudy_sid30_2026-01-14T05-28-39.672Z.txt,21,30,30,1,1,colordiffv2,diffusart,diffusart,colordiffv2,4452
30,userstudy_sid30_2026-01-14T05-28-39.672Z.txt,22,63,64,3,3,painttorch,colordiffv2,painttorch,colordiffv2,13937
30,userstudy_sid30_2026-01-14T05-28-39.672Z.txt,23,82,82,5,2,diffusart,proposed,proposed,diffusart,4227
30,userstudy_sid30_2026-01-14T05-28-39.672Z.txt,24,68,69,3,5,proposed,colordiffv2,colordiffv2,proposed,12377
30,userstudy_sid30_2026-01-14T05-28-39.672Z.txt,25,122,126,25,0,diffusart,painttorch,diffusart,painttorch,6752
30,userstudy_sid30_2026-01-14T05-28-39.672Z.txt,26,64,52,3,4,painttorch,proposed,painttorch,proposed,12861
30,userstudy_sid30_2026-01-14T05-28-39.672Z.txt,27,84,79,5,3,colordiffv2,painttorch,painttorch,colordiffv2,11983
30,userstudy_sid30_2026-01-14T05-28-39.672Z.txt,28,164,150,50,5,proposed,colordiffv2,proposed,colordiffv2,6245
30,userstudy_sid30_2026-01-14T05-28-39.672Z.txt,29,173,174,100,1,diffusart,colordiffv2,diffusart,colordiffv2,6592
30,userstudy_sid30_2026-01-14T05-28-39.672Z.txt,30,163,145,50,4,proposed,painttorch,proposed,painttorch,4680
30,userstudy_sid30_2026-01-14T05-28-39.672Z.txt,31,23,7,0,5,colordiffv2,proposed,proposed,colordiffv2,4846
30,userstudy_sid30_2026-01-14T05-28-39.672Z.txt,32,166,167,50,5,proposed,colordiffv2,proposed,colordiffv2,10267
30,userstudy_sid30_2026-01-14T05-28-39.672Z.txt,33,22,4,0,5,proposed,colordiffv2,proposed,colordiffv2,3210
30,userstudy_sid30_2026-01-14T05-28-39.672Z.txt,34,107,116,10,2,proposed,diffusart,proposed,diffusart,5067
30,userstudy_sid30_2026-01-14T05-28-39.672Z.txt,35,96,119,10,0,diffusart,painttorch,painttorch,diffusart,20745
30,userstudy_sid30_2026-01-14T05-28-39.672Z.txt,36,150,154,50,1,colordiffv2,diffusart,colordiffv2,diffusart,4185
30,userstudy_sid30_2026-01-14T05-28-39.672Z.txt,37,76,94,5,1,colordiffv2,diffusart,colordiffv2,diffusart,17880
30,userstudy_sid30_2026-01-14T05-28-39.672Z.txt,38,44,39,1,5,proposed,colordiffv2,colordiffv2,proposed,10195
30,userstudy_sid30_2026-01-14T05-28-39.672Z.txt,39,111,97,10,3,painttorch,colordiffv2,colordiffv2,painttorch,6024
30,userstudy_sid30_2026-01-14T05-28-39.672Z.txt,40,102,101,10,1,colordiffv2,diffusart,colordiffv2,diffusart,6441
30,userstudy_sid30_2026-01-14T05-28-39.672Z.txt,41,114,118,10,4,painttorch,proposed,proposed,painttorch,9607
30,userstudy_sid30_2026-01-14T05-28-39.672Z.txt,42,109,108,10,3,painttorch,colordiffv2,painttorch,colordiffv2,16801
30,userstudy_sid30_2026-01-14T05-28-39.672Z.txt,43,32,28,1,2,diffusart,proposed,diffusart,proposed,7753
30,userstudy_sid30_2026-01-14T05-28-39.672Z.txt,44,121,127,25,0,painttorch,diffusart,painttorch,diffusart,9675
30,userstudy_sid30_2026-01-14T05-28-39.672Z.txt,45,18,9,0,4,painttorch,proposed,painttorch,proposed,5085
30,userstudy_sid30_2026-01-14T05-28-39.672Z.txt,46,65,54,3,4,proposed,painttorch,proposed,painttorch,14135
30,userstudy_sid30_2026-01-14T05-28-39.672Z.txt,47,56,53,3,2,diffusart,proposed,diffusart,proposed,7315
30,userstudy_sid30_2026-01-14T05-28-39.672Z.txt,48,162,146,50,4,painttorch,proposed,proposed,painttorch,10569
30,userstudy_sid30_2026-01-14T05-28-39.672Z.txt,49,139,134,25,4,proposed,painttorch,proposed,painttorch,8322
30,userstudy_sid30_2026-01-14T05-28-39.672Z.txt,50,184,178,100,4,painttorch,proposed,proposed,painttorch,5994
30,userstudy_sid30_2026-01-14T05-28-39.672Z.txt,51,169,173,100,0,painttorch,diffusart,diffusart,painttorch,8084
30,userstudy_sid30_2026-01-14T05-28-39.672Z.txt,52,161,153,50,4,proposed,painttorch,proposed,painttorch,12167
30,userstudy_sid30_2026-01-14T05-28-39.672Z.txt,53,177,184,100,2,proposed,diffusart,proposed,diffusart,19097
30,userstudy_sid30_2026-01-14T05-28-39.672Z.txt,54,50,65,3,0,diffusart,painttorch,diffusart,painttorch,5013
30,userstudy_sid30_2026-01-14T05-28-39.672Z.txt,55,39,32,1,3,painttorch,colordiffv2,painttorch,colordiffv2,11950
30,userstudy_sid30_2026-01-14T05-28-39.672Z.txt,56,127,129,25,1,diffusart,colordiffv2,colordiffv2,diffusart,11633
30,userstudy_sid30_2026-01-14T05-28-39.672Z.txt,57,34,27,1,2,diffusart,proposed,diffusart,proposed,7758
30,userstudy_sid30_2026-01-14T05-28-39.672Z.txt,58,51,61,3,0,painttorch,diffusart,diffusart,painttorch,14835
30,userstudy_sid30_2026-01-14T05-28-39.672Z.txt,59,67,67,3,4,proposed,painttorch,proposed,painttorch,11694
30,userstudy_sid30_2026-01-14T05-28-39.672Z.txt,60,48,60,3,0,diffusart,painttorch,diffusart,painttorch,14451
30,userstudy_sid30_2026-01-14T05-28-39.672Z.txt,61,89,75,5,4,proposed,painttorch,proposed,painttorch,35281
30,userstudy_sid30_2026-01-14T05-28-39.672Z.txt,62,135,131,25,3,painttorch,colordiffv2,painttorch,colordiffv2,10503
30,userstudy_sid30_2026-01-14T05-28-39.672Z.txt,63,178,187,100,2,diffusart,proposed,proposed,diffusart,8864
30,userstudy_sid30_2026-01-14T05-28-39.672Z.txt,64,59,68,3,2,proposed,diffusart,proposed,diffusart,9081
30,userstudy_sid30_2026-01-14T05-28-39.672Z.txt,65,97,96,10,0,painttorch,diffusart,diffusart,painttorch,5796
30,userstudy_sid30_2026-01-14T05-28-39.672Z.txt,66,24,37,1,0,diffusart,painttorch,diffusart,painttorch,12358
30,userstudy_sid30_2026-01-14T05-28-39.672Z.txt,67,124,138,25,1,colordiffv2,diffusart,colordiffv2,diffusart,10831
30,userstudy_sid30_2026-01-14T05-28-39.672Z.txt,68,105,112,10,2,proposed,diffusart,proposed,diffusart,9973
30,userstudy_sid30_2026-01-14T05-28-39.672Z.txt,69,55,57,3,1,diffusart,colordiffv2,diffusart,colordiffv2,3668
30,userstudy_sid30_2026-01-14T05-28-39.672Z.txt,70,49,70,3,0,painttorch,diffusart,diffusart,painttorch,7714
30,userstudy_sid30_2026-01-14T05-28-39.672Z.txt,71,11,14,0,2,proposed,diffusart,diffusart,proposed,4994
30,userstudy_sid30_2026-01-14T05-28-39.672Z.txt,72,73,78,5,0,painttorch,diffusart,diffusart,painttorch,17190
30,userstudy_sid30_2026-01-14T05-28-39.672Z.txt,73,57,58,3,2,proposed,diffusart,proposed,diffusart,10932
30,userstudy_sid30_2026-01-14T05-28-39.672Z.txt,74,180,168,100,3,colordiffv2,painttorch,colordiffv2,painttorch,7723
30,userstudy_sid30_2026-01-14T05-28-39.672Z.txt,75,75,88,5,0,painttorch,diffusart,diffusart,painttorch,6875
30,userstudy_sid30_2026-01-14T05-28-39.672Z.txt,76,129,130,25,2,proposed,diffusart,diffusart,proposed,11486
30,userstudy_sid30_2026-01-14T05-28-39.672Z.txt,77,29,24,1,1,diffusart,colordiffv2,diffusart,colordiffv2,8699
30,userstudy_sid30_2026-01-14T05-28-39.672Z.txt,78,25,29,1,0,painttorch,diffusart,painttorch,diffusart,10253
30,userstudy_sid30_2026-01-14T05-28-39.672Z.txt,79,159,156,50,3,painttorch,colordiffv2,colordiffv2,painttorch,7808
30,userstudy_sid30_2026-01-14T05-28-39.672Z.txt,80,61,51,3,3,painttorch,colordiffv2,colordiffv2,painttorch,13199
30,userstudy_sid30_2026-01-14T05-28-39.672Z.txt,81,190,191,100,5,proposed,colordiffv2,colordiffv2,proposed,9483
30,userstudy_sid30_2026-01-14T05-28-39.672Z.txt,82,19,10,0,4,proposed,painttorch,painttorch,proposed,4985
30,userstudy_sid30_2026-01-14T05-28-39.672Z.txt,83,189,186,100,5,colordiffv2,proposed,proposed,colordiffv2,10808
30,userstudy_sid30_2026-01-14T05-28-39.672Z.txt,84,100,104,10,1,colordiffv2,diffusart,colordiffv2,diffusart,4700
30,userstudy_sid30_2026-01-14T05-28-39.672Z.txt,85,125,124,25,1,diffusart,colordiffv2,diffusart,colordiffv2,13719
30,userstudy_sid30_2026-01-14T05-28-39.672Z.txt,86,28,40,1,1,colordiffv2,diffusart,diffusart,colordiffv2,61230
30,userstudy_sid30_2026-01-14T05-28-39.672Z.txt,87,54,63,3,1,colordiffv2,diffusart,diffusart,colordiffv2,3546
30,userstudy_sid30_2026-01-14T05-28-39.672Z.txt,88,155,160,50,2,proposed,diffusart,proposed,diffusart,10985
30,userstudy_sid30_2026-01-14T05-28-39.672Z.txt,89,33,47,1,2,proposed,diffusart,proposed,diffusart,6574
30,userstudy_sid30_2026-01-14T05-28-39.672Z.txt,90,92,85,5,5,proposed,colordiffv2,colordiffv2,proposed,5072
30,userstudy_sid30_2026-01-14T05-28-39.672Z.txt,91,156,151,50,3,colordiffv2,painttorch,colordiffv2,painttorch,7779
30,userstudy_sid30_2026-01-14T05-28-39.672Z.txt,92,38,46,1,3,colordiffv2,painttorch,painttorch,colordiffv2,6347
30,userstudy_sid30_2026-01-14T05-28-39.672Z.txt,93,110,109,10,3,colordiffv2,painttorch,colordiffv2,painttorch,9088
30,userstudy_sid30_2026-01-14T05-28-39.672Z.txt,94,149,161,50,1,diffusart,colordiffv2,diffusart,colordiffv2,11657
30,userstudy_sid30_2026-01-14T05-28-39.672Z.txt,95,186,175,100,4,painttorch,proposed,proposed,painttorch,5113
30,userstudy_sid30_2026-01-14T05-28-39.672Z.txt,96,167,152,50,5,colordiffv2,proposed,colordiffv2,proposed,6665
30,userstudy_sid30_2026-01-14T05-28-39.672Z.txt,97,181,170,100,3,painttorch,colordiffv2,colordiffv2,painttorch,13604
30,userstudy_sid30_2026-01-14T05-28-39.672Z.txt,98,115,107,10,4,proposed,painttorch,proposed,painttorch,7129
30,userstudy_sid30_2026-01-14T05-28-39.672Z.txt,99,66,49,3,4,painttorch,proposed,painttorch,proposed,7567
30,userstudy_sid30_2026-01-14T05-28-39.672Z.txt,100,2,20,0,0,diffusart,painttorch,diffusart,painttorch,7042
30,userstudy_sid30_2026-01-14T05-28-39.672Z.txt,101,132,143,25,3,colordiffv2,painttorch,colordiffv2,painttorch,11266
30,userstudy_sid30_2026-01-14T05-28-39.672Z.txt,102,172,179,100,1,colordiffv2,diffusart,colordiffv2,diffusart,4058
30,userstudy_sid30_2026-01-14T05-28-39.672Z.txt,103,78,90,5,1,colordiffv2,diffusart,colordiffv2,diffusart,3685
30,userstudy_sid30_2026-01-14T05-28-39.672Z.txt,104,85,83,5,3,painttorch,colordiffv2,colordiffv2,painttorch,28004
30,userstudy_sid30_2026-01-14T05-28-39.672Z.txt,105,137,135,25,4,proposed,painttorch,proposed,painttorch,14836
30,userstudy_sid30_2026-01-14T05-28-39.672Z.txt,106,79,81,5,1,diffusart,colordiffv2,colordiffv2,diffusart,9684
30,userstudy_sid30_2026-01-14T05-28-39.672Z.txt,107,112,100,10,4,painttorch,proposed,proposed,painttorch,4430
30,userstudy_sid30_2026-01-14T05-28-39.672Z.txt,108,87,76,5,3,painttorch,colordiffv2,painttorch,colordiffv2,14008
30,userstudy_sid30_2026-01-14T05-28-39.672Z.txt,109,91,86,5,4,proposed,painttorch,proposed,painttorch,3616
30,userstudy_sid30_2026-01-14T05-28-39.672Z.txt,110,0,22,0,0,diffusart,painttorch,painttorch,diffusart,4554
30,userstudy_sid30_2026-01-14T05-28-39.672Z.txt,111,69,62,3,5,colordiffv2,proposed,proposed,colordiffv2,9653
30,userstudy_sid30_2026-01-14T05-28-39.672Z.txt,112,21,11,0,5,colordiffv2,proposed,colordiffv2,proposed,5935
30,userstudy_sid30_2026-01-14T05-28-39.672Z.txt,113,165,149,50,5,colordiffv2,proposed,proposed,colordiffv2,10911
30,userstudy_sid30_2026-01-14T05-28-39.672Z.txt,114,77,72,5,1,diffusart,colordiffv2,colordiffv2,diffusart,4862
30,userstudy_sid30_2026-01-14T05-28-39.672Z.txt,115,191,189,100,5,colordiffv2,proposed,colordiffv2,proposed,10220
30,userstudy_sid30_2026-01-14T05-28-39.672Z.txt,116,118,115,10,5,proposed,colordiffv2,proposed,colordiffv2,7782
30,userstudy_sid30_2026-01-14T05-28-39.672Z.txt,117,12,23,0,3,colordiffv2,painttorch,painttorch,colordiffv2,2655
30,userstudy_sid30_2026-01-14T05-28-39.672Z.txt,118,5,0,0,1,diffusart,colordiffv2,diffusart,colordiffv2,6089
30,userstudy_sid30_2026-01-14T05-28-39.672Z.txt,119,93,95,5,5,colordiffv2,proposed,proposed,colordiffv2,11864
30,userstudy_sid30_2026-01-14T05-28-39.672Z.txt,120,36,36,1,3,colordiffv2,painttorch,colordiffv2,painttorch,6956
30,userstudy_sid30_2026-01-14T05-28-39.672Z.txt,121,13,2,0,3,painttorch,colordiffv2,painttorch,colordiffv2,2017
30,userstudy_sid30_2026-01-14T05-28-39.672Z.txt,122,40,45,1,4,painttorch,proposed,painttorch,proposed,8414
30,userstudy_sid30_2026-01-14T05-28-39.672Z.txt,123,123,133,25,0,painttorch,diffusart,diffusart,painttorch,7747
30,userstudy_sid30_2026-01-14T05-28-39.672Z.txt,124,140,142,25,5,proposed,colordiffv2,proposed,colordiffv2,6220
30,userstudy_sid30_2026-01-14T05-28-39.672Z.txt,125,15,18,0,3,painttorch,colordiffv2,painttorch,colordiffv2,3902
30,userstudy_sid30_2026-01-14T05-28-39.672Z.txt,126,46,35,1,5,proposed,colordiffv2,proposed,colordiffv2,6549
30,userstudy_sid30_2026-01-14T05-28-39.672Z.txt,127,176,172,100,2,diffusart,proposed,proposed,diffusart,7380
30,userstudy_sid30_2026-01-14T05-28-39.672Z.txt,128,168,185,100,0,diffusart,painttorch,diffusart,painttorch,12736
30,userstudy_sid30_2026-01-14T05-28-39.672Z.txt,129,170,171,100,0,diffusart,painttorch,painttorch,diffusart,5016
30,userstudy_sid30_2026-01-14T05-28-39.672Z.txt,130,94,73,5,5,proposed,colordiffv2,colordiffv2,proposed,15877
30,userstudy_sid30_2026-01-14T05-28-39.672Z.txt,131,171,181,100,0,painttorch,diffusart,painttorch,diffusart,5052
30,userstudy_sid30_2026-01-14T05-28-39.672Z.txt,132,42,43,1,4,painttorch,proposed,painttorch,proposed,4783
30,userstudy_sid30_2026-01-14T05-28-39.672Z.txt,133,119,110,10,5,colordiffv2,proposed,colordiffv2,proposed,5715
30,userstudy_sid30_2026-01-14T05-28-39.672Z.txt,134,58,48,3,2,diffusart,proposed,diffusart,proposed,9375
30,userstudy_sid30_2026-01-14T05-28-39.672Z.txt,135,188,182,100,5,proposed,colordiffv2,proposed,colordiffv2,10248
30,userstudy_sid30_2026-01-14T05-28-39.672Z.txt,136,95,93,5,5,colordiffv2,proposed,proposed,colordiffv2,13729
30,userstudy_sid30_2026-01-14T05-28-39.672Z.txt,137,146,159,50,0,diffusart,painttorch,diffusart,painttorch,13652
30,userstudy_sid30_2026-01-14T05-28-39.672Z.txt,138,71,55,3,5,colordiffv2,proposed,colordiffv2,proposed,6787
30,userstudy_sid30_2026-01-14T05-28-39.672Z.txt,139,143,122,25,5,colordiffv2,proposed,proposed,colordiffv2,6607
30,userstudy_sid30_2026-01-14T05-28-39.672Z.txt,140,80,80,5,2,diffusart,proposed,proposed,diffusart,5036
30,userstudy_sid30_2026-01-14T05-28-39.672Z.txt,141,8,19,0,2,diffusart,proposed,proposed,diffusart,8745
30,userstudy_sid30_2026-01-14T05-28-39.672Z.txt,142,60,71,3,3,colordiffv2,painttorch,painttorch,colordiffv2,9631
30,userstudy_sid30_2026-01-14T05-28-39.672Z.txt,143,101,103,10,1,diffusart,colordiffv2,colordiffv2,diffusart,3306
30,userstudy_sid30_2026-01-14T05-28-39.672Z.txt,144,1,3,0,0,painttorch,diffusart,painttorch,diffusart,19763
30,userstudy_sid30_2026-01-14T05-28-39.672Z.txt,145,145,148,50,0,painttorch,diffusart,diffusart,painttorch,7097
30,userstudy_sid30_2026-01-14T05-28-39.672Z.txt,146,183,176,100,3,painttorch,colordiffv2,colordiffv2,painttorch,6459
30,userstudy_sid30_2026-01-14T05-28-39.672Z.txt,147,16,12,0,4,painttorch,proposed,painttorch,proposed,3897
30,userstudy_sid30_2026-01-14T05-28-39.672Z.txt,148,98,113,10,0,diffusart,painttorch,diffusart,painttorch,6053
30,userstudy_sid30_2026-01-14T05-28-39.672Z.txt,149,10,13,0,2,diffusart,proposed,diffusart,proposed,6290
30,userstudy_sid30_2026-01-14T05-28-39.672Z.txt,150,37,26,1,3,painttorch,colordiffv2,painttorch,colordiffv2,9699
30,userstudy_sid30_2026-01-14T05-28-39.672Z.txt,151,17,15,0,4,proposed,painttorch,proposed,painttorch,36383
30,userstudy_sid30_2026-01-14T05-28-39.672Z.txt,152,144,162,50,0,diffusart,painttorch,painttorch,diffusart,3850
30,userstudy_sid30_2026-01-14T05-28-39.672Z.txt,153,153,157,50,2,proposed,diffusart,proposed,diffusart,9658
30,userstudy_sid30_2026-01-14T05-28-39.672Z.txt,154,148,165,50,1,colordiffv2,diffusart,colordiffv2,diffusart,6559
30,userstudy_sid30_2026-01-14T05-28-39.672Z.txt,155,182,177,100,3,colordiffv2,painttorch,colordiffv2,painttorch,5867
30,userstudy_sid30_2026-01-14T05-28-39.672Z.txt,156,138,141,25,4,painttorch,proposed,proposed,painttorch,22275
30,userstudy_sid30_2026-01-14T05-28-39.672Z.txt,157,99,114,10,0,painttorch,diffusart,painttorch,diffusart,8695
30,userstudy_sid30_2026-01-14T05-28-39.672Z.txt,158,45,34,1,5,colordiffv2,proposed,proposed,colordiffv2,12419
30,userstudy_sid30_2026-01-14T05-28-39.672Z.txt,159,53,66,3,1,diffusart,colordiffv2,diffusart,colordiffv2,8210
30,userstudy_sid30_2026-01-14T05-28-39.672Z.txt,160,152,155,50,2,diffusart,proposed,proposed,diffusart,3128
30,userstudy_sid30_2026-01-14T05-28-39.672Z.txt,161,43,31,1,4,proposed,painttorch,painttorch,proposed,6396
30,userstudy_sid30_2026-01-14T05-28-39.672Z.txt,162,104,105,10,2,diffusart,proposed,proposed,diffusart,11913
30,userstudy_sid30_2026-01-14T05-28-39.672Z.txt,163,47,42,1,5,colordiffv2,proposed,proposed,colordiffv2,3442
30,userstudy_sid30_2026-01-14T05-28-39.672Z.txt,164,26,41,1,0,diffusart,painttorch,diffusart,painttorch,40774
30,userstudy_sid30_2026-01-14T05-28-39.672Z.txt,165,20,1,0,5,proposed,colordiffv2,proposed,colordiffv2,2008
30,userstudy_sid30_2026-01-14T05-28-39.672Z.txt,166,174,190,100,1,colordiffv2,diffusart,colordiffv2,diffusart,14321
30,userstudy_sid30_2026-01-14T05-28-39.672Z.txt,167,14,16,0,3,colordiffv2,painttorch,painttorch,colordiffv2,2600
30,userstudy_sid30_2026-01-14T05-28-39.672Z.txt,168,141,132,25,5,colordiffv2,proposed,colordiffv2,proposed,9606
30,userstudy_sid30_2026-01-14T05-28-39.672Z.txt,169,74,92,5,0,diffusart,painttorch,diffusart,painttorch,7516
30,userstudy_sid30_2026-01-14T05-28-39.672Z.txt,170,175,188,100,1,diffusart,colordiffv2,colordiffv2,diffusart,5813
30,userstudy_sid30_2026-01-14T05-28-39.672Z.txt,171,130,137,25,2,diffusart,proposed,proposed,diffusart,7501
30,userstudy_sid30_2026-01-14T05-28-39.672Z.txt,172,72,89,5,0,diffusart,painttorch,diffusart,painttorch,7222
30,userstudy_sid30_2026-01-14T05-28-39.672Z.txt,173,35,38,1,2,proposed,diffusart,proposed,diffusart,4802
30,userstudy_sid30_2026-01-14T05-28-39.672Z.txt,174,185,183,100,4,proposed,painttorch,proposed,painttorch,3853
30,userstudy_sid30_2026-01-14T05-28-39.672Z.txt,175,128,139,25,2,diffusart,proposed,proposed,diffusart,6671
30,userstudy_sid30_2026-01-14T05-28-39.672Z.txt,176,147,166,50,0,painttorch,diffusart,painttorch,diffusart,15515
30,userstudy_sid30_2026-01-14T05-28-39.672Z.txt,177,133,123,25,3,painttorch,colordiffv2,colordiffv2,painttorch,3630
30,userstudy_sid30_2026-01-14T05-28-39.672Z.txt,178,120,120,25,0,diffusart,painttorch,diffusart,painttorch,3389
30,userstudy_sid30_2026-01-14T05-28-39.672Z.txt,179,7,21,0,1,diffusart,colordiffv2,diffusart,colordiffv2,2251
30,userstudy_sid30_2026-01-14T05-28-39.672Z.txt,180,86,77,5,3,colordiffv2,painttorch,colordiffv2,painttorch,40938
30,userstudy_sid30_2026-01-14T05-28-39.672Z.txt,181,41,25,1,4,proposed,painttorch,proposed,painttorch,9203
30,userstudy_sid30_2026-01-14T05-28-39.672Z.txt,182,106,117,10,2,diffusart,proposed,diffusart,proposed,11900
30,userstudy_sid30_2026-01-14T05-28-39.672Z.txt,183,6,8,0,1,colordiffv2,diffusart,diffusart,colordiffv2,4597
30,userstudy_sid30_2026-01-14T05-28-39.672Z.txt,184,103,99,10,1,diffusart,colordiffv2,colordiffv2,diffusart,5574
30,userstudy_sid30_2026-01-14T05-28-39.672Z.txt,185,9,5,0,2,proposed,diffusart,diffusart,proposed,11133
30,userstudy_sid30_2026-01-14T05-28-39.672Z.txt,186,4,17,0,1,colordiffv2,diffusart,diffusart,colordiffv2,4380
30,userstudy_sid30_2026-01-14T05-28-39.672Z.txt,187,151,144,50,1,diffusart,colordiffv2,colordiffv2,diffusart,7824
30,userstudy_sid30_2026-01-14T05-28-39.672Z.txt,188,113,102,10,4,proposed,painttorch,proposed,painttorch,6360
30,userstudy_sid30_2026-01-14T05-28-39.672Z.txt,189,117,111,10,5,colordiffv2,proposed,colordiffv2,proposed,4378
30,userstudy_sid30_2026-01-14T05-28-39.672Z.txt,190,154,147,50,2,diffusart,proposed,proposed,diffusart,12837
30,userstudy_sid30_2026-01-14T05-28-39.672Z.txt,191,52,50,3,1,colordiffv2,diffusart,colordiffv2,diffusart,4398
31,userstudy_sid31_2026-01-14T07-19-04.088Z.txt,0,173,174,100,1,diffusart,colordiffv2,diffusart,colordiffv2,7678
31,userstudy_sid31_2026-01-14T07-19-04.088Z.txt,1,54,63,3,1,colordiffv2,diffusart,diffusart,colordiffv2,6944
31,userstudy_sid31_2026-01-14T07-19-04.088Z.txt,2,181,170,100,3,painttorch,colordiffv2,colordiffv2,painttorch,10419
31,userstudy_sid31_2026-01-14T07-19-04.088Z.txt,3,176,172,100,2,diffusart,proposed,proposed,diffusart,6307
31,userstudy_sid31_2026-01-14T07-19-04.088Z.txt,4,126,136,25,1,colordiffv2,diffusart,colordiffv2,diffusart,4904
31,userstudy_sid31_2026-01-14T07-19-04.088Z.txt,5,75,88,5,0,painttorch,diffusart,diffusart,painttorch,3552
31,userstudy_sid31_2026-01-14T07-19-04.088Z.txt,6,24,37,1,0,diffusart,painttorch,diffusart,painttorch,14321
31,userstudy_sid31_2026-01-14T07-19-04.088Z.txt,7,92,85,5,5,proposed,colordiffv2,colordiffv2,proposed,13598
31,userstudy_sid31_2026-01-14T07-19-04.088Z.txt,8,167,152,50,5,colordiffv2,proposed,colordiffv2,proposed,24736
31,userstudy_sid31_2026-01-14T07-19-04.088Z.txt,9,64,52,3,4,painttorch,proposed,proposed,painttorch,6789
31,userstudy_sid31_2026-01-14T07-19-04.088Z.txt,10,2,20,0,0,diffusart,painttorch,diffusart,painttorch,7301
31,userstudy_sid31_2026-01-14T07-19-04.088Z.txt,11,79,81,5,1,diffusart,colordiffv2,diffusart,colordiffv2,7787
31,userstudy_sid31_2026-01-14T07-19-04.088Z.txt,12,10,13,0,2,diffusart,proposed,proposed,diffusart,7551
31,userstudy_sid31_2026-01-14T07-19-04.088Z.txt,13,109,108,10,3,painttorch,colordiffv2,painttorch,colordiffv2,4975
31,userstudy_sid31_2026-01-14T07-19-04.088Z.txt,14,69,62,3,5,colordiffv2,proposed,proposed,colordiffv2,8454
31,userstudy_sid31_2026-01-14T07-19-04.088Z.txt,15,8,19,0,2,diffusart,proposed,proposed,diffusart,16981
31,userstudy_sid31_2026-01-14T07-19-04.088Z.txt,16,80,80,5,2,diffusart,proposed,proposed,diffusart,13657
31,userstudy_sid31_2026-01-14T07-19-04.088Z.txt,17,11,14,0,2,proposed,diffusart,diffusart,proposed,8721
31,userstudy_sid31_2026-01-14T07-19-04.088Z.txt,18,124,138,25,1,colordiffv2,diffusart,colordiffv2,diffusart,9881
31,userstudy_sid31_2026-01-14T07-19-04.088Z.txt,19,85,83,5,3,painttorch,colordiffv2,colordiffv2,painttorch,3996
31,userstudy_sid31_2026-01-14T07-19-04.088Z.txt,20,81,74,5,2,proposed,diffusart,proposed,diffusart,3872
31,userstudy_sid31_2026-01-14T07-19-04.088Z.txt,21,84,79,5,3,colordiffv2,painttorch,colordiffv2,painttorch,5917
31,userstudy_sid31_2026-01-14T07-19-04.088Z.txt,22,185,183,100,4,proposed,painttorch,proposed,painttorch,2455
31,userstudy_sid31_2026-01-14T07-19-04.088Z.txt,23,130,137,25,2,diffusart,proposed,proposed,diffusart,6305
31,userstudy_sid31_2026-01-14T07-19-04.088Z.txt,24,94,73,5,5,proposed,colordiffv2,proposed,colordiffv2,20886
31,userstudy_sid31_2026-01-14T07-19-04.088Z.txt,25,67,67,3,4,proposed,painttorch,proposed,painttorch,40912
31,userstudy_sid31_2026-01-14T07-19-04.088Z.txt,26,143,122,25,5,colordiffv2,proposed,proposed,colordiffv2,5636
31,userstudy_sid31_2026-01-14T07-19-04.088Z.txt,27,118,115,10,5,proposed,colordiffv2,proposed,colordiffv2,5380
31,userstudy_sid31_2026-01-14T07-19-04.088Z.txt,28,7,21,0,1,diffusart,colordiffv2,diffusart,colordiffv2,1911
31,userstudy_sid31_2026-01-14T07-19-04.088Z.txt,29,91,86,5,4,proposed,painttorch,proposed,painttorch,3170
31,userstudy_sid31_2026-01-14T07-19-04.088Z.txt,30,51,61,3,0,painttorch,diffusart,diffusart,painttorch,3276
31,userstudy_sid31_2026-01-14T07-19-04.088Z.txt,31,100,104,10,1,colordiffv2,diffusart,colordiffv2,diffusart,3883
31,userstudy_sid31_2026-01-14T07-19-04.088Z.txt,32,179,180,100,2,proposed,diffusart,proposed,diffusart,2972
31,userstudy_sid31_2026-01-14T07-19-04.088Z.txt,33,141,132,25,5,colordiffv2,proposed,colordiffv2,proposed,3835
31,userstudy_sid31_2026-01-14T07-19-04.088Z.txt,34,104,105,10,2,diffusart,proposed,diffusart,proposed,8108
31,userstudy_sid31_2026-01-14T07-19-04.088Z.txt,35,57,58,3,2,proposed,diffusart,diffusart,proposed,16973
31,userstudy_sid31_2026-01-14T07-19-04.088Z.txt,36,60,71,3,3,colordiffv2,painttorch,painttorch,colordiffv2,10925
31,userstudy_sid31_2026-01-14T07-19-04.088Z.txt,37,175,188,100,1,diffusart,colordiffv2,colordiffv2,diffusart,7491
31,userstudy_sid31_2026-01-14T07-19-04.088Z.txt,38,52,50,3,1,colordiffv2,diffusart,diffusart,colordiffv2,12617
31,userstudy_sid31_2026-01-14T07-19-04.088Z.txt,39,107,116,10,2,proposed,diffusart,proposed,diffusart,5663
31,userstudy_sid31_2026-01-14T07-19-04.088Z.txt,40,125,124,25,1,diffusart,colordiffv2,diffusart,colordiffv2,3359
31,userstudy_sid31_2026-01-14T07-19-04.088Z.txt,41,96,119,10,0,diffusart,painttorch,diffusart,painttorch,3710
31,userstudy_sid31_2026-01-14T07-19-04.088Z.txt,42,129,130,25,2,proposed,diffusart,proposed,diffusart,12825
31,userstudy_sid31_2026-01-14T07-19-04.088Z.txt,43,166,167,50,5,proposed,colordiffv2,colordiffv2,proposed,14634
31,userstudy_sid31_2026-01-14T07-19-04.088Z.txt,44,153,157,50,2,proposed,diffusart,proposed,diffusart,3641
31,userstudy_sid31_2026-01-14T07-19-04.088Z.txt,45,103,99,10,1,diffusart,colordiffv2,diffusart,colordiffv2,10800
31,userstudy_sid31_2026-01-14T07-19-04.088Z.txt,46,41,25,1,4,proposed,painttorch,proposed,painttorch,10037
31,userstudy_sid31_2026-01-14T07-19-04.088Z.txt,47,188,182,100,5,proposed,colordiffv2,proposed,colordiffv2,5508
31,userstudy_sid31_2026-01-14T07-19-04.088Z.txt,48,29,24,1,1,diffusart,colordiffv2,diffusart,colordiffv2,8440
31,userstudy_sid31_2026-01-14T07-19-04.088Z.txt,49,157,163,50,3,painttorch,colordiffv2,painttorch,colordiffv2,6469
31,userstudy_sid31_2026-01-14T07-19-04.088Z.txt,50,74,92,5,0,diffusart,painttorch,diffusart,painttorch,13055
31,userstudy_sid31_2026-01-14T07-19-04.088Z.txt,51,71,55,3,5,colordiffv2,proposed,colordiffv2,proposed,3860
31,userstudy_sid31_2026-01-14T07-19-04.088Z.txt,52,133,123,25,3,painttorch,colordiffv2,colordiffv2,painttorch,6967
31,userstudy_sid31_2026-01-14T07-19-04.088Z.txt,53,136,125,25,4,painttorch,proposed,proposed,painttorch,3257
31,userstudy_sid31_2026-01-14T07-19-04.088Z.txt,54,26,41,1,0,diffusart,painttorch,diffusart,painttorch,5910
31,userstudy_sid31_2026-01-14T07-19-04.088Z.txt,55,88,91,5,4,painttorch,proposed,proposed,painttorch,7445
31,userstudy_sid31_2026-01-14T07-19-04.088Z.txt,56,36,36,1,3,colordiffv2,painttorch,colordiffv2,painttorch,5221
31,userstudy_sid31_2026-01-14T07-19-04.088Z.txt,57,28,40,1,1,colordiffv2,diffusart,diffusart,colordiffv2,3617
31,userstudy_sid31_2026-01-14T07-19-04.088Z.txt,58,178,187,100,2,diffusart,proposed,proposed,diffusart,8637
31,userstudy_sid31_2026-01-14T07-19-04.088Z.txt,59,95,93,5,5,colordiffv2,proposed,proposed,colordiffv2,4528
31,userstudy_sid31_2026-01-14T07-19-04.088Z.txt,60,139,134,25,4,proposed,painttorch,proposed,painttorch,6547
31,userstudy_sid31_2026-01-14T07-19-04.088Z.txt,61,82,82,5,2,diffusart,proposed,proposed,diffusart,10278
31,userstudy_sid31_2026-01-14T07-19-04.088Z.txt,62,180,168,100,3,colordiffv2,painttorch,colordiffv2,painttorch,4168
31,userstudy_sid31_2026-01-14T07-19-04.088Z.txt,63,137,135,25,4,proposed,painttorch,proposed,painttorch,3914
31,userstudy_sid31_2026-01-14T07-19-04.088Z.txt,64,34,27,1,2,diffusart,proposed,diffusart,proposed,2578
31,userstudy_sid31_2026-01-14T07-19-04.088Z.txt,65,19,10,0,4,proposed,painttorch,proposed,painttorch,7628
31,userstudy_sid31_2026-01-14T07-19-04.088Z.txt,66,132,143,25,3,colordiffv2,painttorch,colordiffv2,painttorch,30114
31,userstudy_sid31_2026-01-14T07-19-04.088Z.txt,67,0,22,0,0,diffusart,painttorch,painttorch,diffusart,4927
31,userstudy_sid31_2026-01-14T07-19-04.088Z.txt,68,68,69,3,5,proposed,colordiffv2,proposed,colordiffv2,63013
31,userstudy_sid31_2026-01-14T07-19-04.088Z.txt,69,169,173,100,0,painttorch,diffusart,diffusart,painttorch,2297
31,userstudy_sid31_2026-01-14T07-19-04.088Z.txt,70,53,66,3,1,diffusart,colordiffv2,diffusart,colordiffv2,2430
31,userstudy_sid31_2026-01-14T07-19-04.088Z.txt,71,20,1,0,5,proposed,colordiffv2,proposed,colordiffv2,2795
31,userstudy_sid31_2026-01-14T07-19-04.088Z.txt,72,147,166,50,0,painttorch,diffusart,diffusart,painttorch,10682
31,userstudy_sid31_2026-01-14T07-19-04.088Z.txt,73,25,29,1,0,painttorch,diffusart,diffusart,painttorch,13002
31,userstudy_sid31_2026-01-14T07-19-04.088Z.txt,74,108,106,10,3,colordiffv2,painttorch,colordiffv2,painttorch,4131
31,userstudy_sid31_2026-01-14T07-19-04.088Z.txt,75,183,176,100,3,painttorch,colordiffv2,colordiffv2,painttorch,2804
31,userstudy_sid31_2026-01-14T07-19-04.088Z.txt,76,61,51,3,3,painttorch,colordiffv2,colordiffv2,painttorch,11462
31,userstudy_sid31_2026-01-14T07-19-04.088Z.txt,77,151,144,50,1,diffusart,colordiffv2,colordiffv2,diffusart,11709
31,userstudy_sid31_2026-01-14T07-19-04.088Z.txt,78,55,57,3,1,diffusart,colordiffv2,diffusart,colordiffv2,4819
31,userstudy_sid31_2026-01-14T07-19-04.088Z.txt,79,49,70,3,0,painttorch,diffusart,diffusart,painttorch,9201
31,userstudy_sid31_2026-01-14T07-19-04.088Z.txt,80,70,59,3,5,proposed,colordiffv2,proposed,colordiffv2,6692
31,userstudy_sid31_2026-01-14T07-19-04.088Z.txt,81,90,87,5,4,painttorch,proposed,painttorch,proposed,6662
31,userstudy_sid31_2026-01-14T07-19-04.088Z.txt,82,66,49,3,4,painttorch,proposed,proposed,painttorch,26011
31,userstudy_sid31_2026-01-14T07-19-04.088Z.txt,83,164,150,50,5,proposed,colordiffv2,proposed,colordiffv2,6169
31,userstudy_sid31_2026-01-14T07-19-04.088Z.txt,84,122,126,25,0,diffusart,painttorch,diffusart,painttorch,2047
31,userstudy_sid31_2026-01-14T07-19-04.088Z.txt,85,174,190,100,1,colordiffv2,diffusart,colordiffv2,diffusart,6625
31,userstudy_sid31_2026-01-14T07-19-04.088Z.txt,86,115,107,10,4,proposed,painttorch,proposed,painttorch,3811
31,userstudy_sid31_2026-01-14T07-19-04.088Z.txt,87,112,100,10,4,painttorch,proposed,proposed,painttorch,2484
31,userstudy_sid31_2026-01-14T07-19-04.088Z.txt,88,152,155,50,2,diffusart,proposed,proposed,diffusart,8631
31,userstudy_sid31_2026-01-14T07-19-04.088Z.txt,89,32,28,1,2,diffusart,proposed,diffusart,proposed,5603
31,userstudy_sid31_2026-01-14T07-19-04.088Z.txt,90,13,2,0,3,painttorch,colordiffv2,painttorch,colordiffv2,1763
31,userstudy_sid31_2026-01-14T07-19-04.088Z.txt,91,191,189,100,5,colordiffv2,proposed,colordiffv2,proposed,3626
31,userstudy_sid31_2026-01-14T07-19-04.088Z.txt,92,146,159,50,0,diffusart,painttorch,diffusart,painttorch,3319
31,userstudy_sid31_2026-01-14T07-19-04.088Z.txt,93,163,145,50,4,proposed,painttorch,proposed,painttorch,1878
31,userstudy_sid31_2026-01-14T07-19-04.088Z.txt,94,184,178,100,4,painttorch,proposed,proposed,painttorch,4919
31,userstudy_sid31_2026-01-14T07-19-04.088Z.txt,95,148,165,50,1,colordiffv2,diffusart,colordiffv2,diffusart,11454
31,userstudy_sid31_2026-01-14T07-19-04.088Z.txt,96,33,47,1,2,proposed,diffusart,diffusart,proposed,3652
31,userstudy_sid31_2026-01-14T07-19-04.088Z.txt,97,102,101,10,1,colordiffv2,diffusart,colordiffv2,diffusart,6948
31,userstudy_sid31_2026-01-14T07-19-04.088Z.txt,98,17,15,0,4,proposed,painttorch,proposed,painttorch,14597
31,userstudy_sid31_2026-01-14T07-19-04.088Z.txt,99,190,191,100,5,proposed,colordiffv2,colordiffv2,proposed,19728
31,userstudy_sid31_2026-01-14T07-19-04.088Z.txt,100,4,17,0,1,colordiffv2,diffusart,diffusart,colordiffv2,3507
31,userstudy_sid31_2026-01-14T07-19-04.088Z.txt,101,23,7,0,5,colordiffv2,proposed,proposed,colordiffv2,2133
31,userstudy_sid31_2026-01-14T07-19-04.088Z.txt,102,5,0,0,1,diffusart,colordiffv2,diffusart,colordiffv2,4679
31,userstudy_sid31_2026-01-14T07-19-04.088Z.txt,103,78,90,5,1,colordiffv2,diffusart,diffusart,colordiffv2,15808
31,userstudy_sid31_2026-01-14T07-19-04.088Z.txt,104,117,111,10,5,colordiffv2,proposed,colordiffv2,proposed,6384
31,userstudy_sid31_2026-01-14T07-19-04.088Z.txt,105,121,127,25,0,painttorch,diffusart,diffusart,painttorch,5110
31,userstudy_sid31_2026-01-14T07-19-04.088Z.txt,106,83,84,5,2,proposed,diffusart,diffusart,proposed,8157
31,userstudy_sid31_2026-01-14T07-19-04.088Z.txt,107,159,156,50,3,painttorch,colordiffv2,colordiffv2,painttorch,3097
31,userstudy_sid31_2026-01-14T07-19-04.088Z.txt,108,105,112,10,2,proposed,diffusart,proposed,diffusart,16975
31,userstudy_sid31_2026-01-14T07-19-04.088Z.txt,109,38,46,1,3,colordiffv2,painttorch,painttorch,colordiffv2,18532
31,userstudy_sid31_2026-01-14T07-19-04.088Z.txt,110,50,65,3,0,diffusart,painttorch,diffusart,painttorch,3763
31,userstudy_sid31_2026-01-14T07-19-04.088Z.txt,111,97,96,10,0,painttorch,diffusart,diffusart,painttorch,4982
31,userstudy_sid31_2026-01-14T07-19-04.088Z.txt,112,155,160,50,2,proposed,diffusart,proposed,diffusart,5083
31,userstudy_sid31_2026-01-14T07-19-04.088Z.txt,113,138,141,25,4,painttorch,proposed,proposed,painttorch,3455
31,userstudy_sid31_2026-01-14T07-19-04.088Z.txt,114,162,146,50,4,painttorch,proposed,proposed,painttorch,4118
31,userstudy_sid31_2026-01-14T07-19-04.088Z.txt,115,186,175,100,4,painttorch,proposed,proposed,painttorch,3025
31,userstudy_sid31_2026-01-14T07-19-04.088Z.txt,116,44,39,1,5,proposed,colordiffv2,colordiffv2,proposed,9421
31,userstudy_sid31_2026-01-14T07-19-04.088Z.txt,117,142,128,25,5,proposed,colordiffv2,colordiffv2,proposed,9827
31,userstudy_sid31_2026-01-14T07-19-04.088Z.txt,118,134,140,25,3,colordiffv2,painttorch,colordiffv2,painttorch,4603
31,userstudy_sid31_2026-01-14T07-19-04.088Z.txt,119,171,181,100,0,painttorch,diffusart,diffusart,painttorch,9979
31,userstudy_sid31_2026-01-14T07-19-04.088Z.txt,120,45,34,1,5,colordiffv2,proposed,proposed,colordiffv2,7131
31,userstudy_sid31_2026-01-14T07-19-04.088Z.txt,121,40,45,1,4,painttorch,proposed,proposed,painttorch,5623
31,userstudy_sid31_2026-01-14T07-19-04.088Z.txt,122,86,77,5,3,colordiffv2,painttorch,colordiffv2,painttorch,5068
31,userstudy_sid31_2026-01-14T07-19-04.088Z.txt,123,113,102,10,4,proposed,painttorch,proposed,painttorch,3506
31,userstudy_sid31_2026-01-14T07-19-04.088Z.txt,124,15,18,0,3,painttorch,colordiffv2,painttorch,colordiffv2,2196
31,userstudy_sid31_2026-01-14T07-19-04.088Z.txt,125,177,184,100,2,proposed,diffusart,proposed,diffusart,6627
31,userstudy_sid31_2026-01-14T07-19-04.088Z.txt,126,158,158,50,3,colordiffv2,painttorch,colordiffv2,painttorch,3294
31,userstudy_sid31_2026-01-14T07-19-04.088Z.txt,127,131,121,25,2,proposed,diffusart,proposed,diffusart,9467
31,userstudy_sid31_2026-01-14T07-19-04.088Z.txt,128,189,186,100,5,colordiffv2,proposed,proposed,colordiffv2,6893
31,userstudy_sid31_2026-01-14T07-19-04.088Z.txt,129,116,98,10,5,proposed,colordiffv2,proposed,colordiffv2,5572
31,userstudy_sid31_2026-01-14T07-19-04.088Z.txt,130,22,4,0,5,proposed,colordiffv2,proposed,colordiffv2,1449
31,userstudy_sid31_2026-01-14T07-19-04.088Z.txt,131,114,118,10,4,painttorch,proposed,proposed,painttorch,4871
31,userstudy_sid31_2026-01-14T07-19-04.088Z.txt,132,37,26,1,3,painttorch,colordiffv2,colordiffv2,painttorch,8043
31,userstudy_sid31_2026-01-14T07-19-04.088Z.txt,133,106,117,10,2,diffusart,proposed,diffusart,proposed,8421
31,userstudy_sid31_2026-01-14T07-19-04.088Z.txt,134,111,97,10,3,painttorch,colordiffv2,colordiffv2,painttorch,4847
31,userstudy_sid31_2026-01-14T07-19-04.088Z.txt,135,87,76,5,3,painttorch,colordiffv2,painttorch,colordiffv2,20561
31,userstudy_sid31_2026-01-14T07-19-04.088Z.txt,136,150,154,50,1,colordiffv2,diffusart,colordiffv2,diffusart,6754
31,userstudy_sid31_2026-01-14T07-19-04.088Z.txt,137,31,44,1,1,diffusart,colordiffv2,diffusart,colordiffv2,9098
31,userstudy_sid31_2026-01-14T07-19-04.088Z.txt,138,65,54,3,4,proposed,painttorch,proposed,painttorch,9762
31,userstudy_sid31_2026-01-14T07-19-04.088Z.txt,139,72,89,5,0,diffusart,painttorch,diffusart,painttorch,6581
31,userstudy_sid31_2026-01-14T07-19-04.088Z.txt,140,1,3,0,0,painttorch,diffusart,painttorch,diffusart,7181
31,userstudy_sid31_2026-01-14T07-19-04.088Z.txt,141,144,162,50,0,diffusart,painttorch,diffusart,painttorch,3234
31,userstudy_sid31_2026-01-14T07-19-04.088Z.txt,142,149,161,50,1,diffusart,colordiffv2,diffusart,colordiffv2,14180
31,userstudy_sid31_2026-01-14T07-19-04.088Z.txt,143,156,151,50,3,colordiffv2,painttorch,colordiffv2,painttorch,6024
31,userstudy_sid31_2026-01-14T07-19-04.088Z.txt,144,12,23,0,3,colordiffv2,painttorch,painttorch,colordiffv2,2016
31,userstudy_sid31_2026-01-14T07-19-04.088Z.txt,145,18,9,0,4,painttorch,proposed,painttorch,proposed,6993
31,userstudy_sid31_2026-01-14T07-19-04.088Z.txt,146,93,95,5,5,colordiffv2,proposed,proposed,colordiffv2,12783
31,userstudy_sid31_2026-01-14T07-19-04.088Z.txt,147,89,75,5,4,proposed,painttorch,proposed,painttorch,2937
31,userstudy_sid31_2026-01-14T07-19-04.088Z.txt,148,145,148,50,0,painttorch,diffusart,diffusart,painttorch,2595
31,userstudy_sid31_2026-01-14T07-19-04.088Z.txt,149,160,164,50,4,painttorch,proposed,proposed,painttorch,2637
31,userstudy_sid31_2026-01-14T07-19-04.088Z.txt,150,16,12,0,4,painttorch,proposed,painttorch,proposed,5231
31,userstudy_sid31_2026-01-14T07-19-04.088Z.txt,151,3,6,0,0,painttorch,diffusart,painttorch,diffusart,5719
31,userstudy_sid31_2026-01-14T07-19-04.088Z.txt,152,168,185,100,0,diffusart,painttorch,diffusart,painttorch,2601
31,userstudy_sid31_2026-01-14T07-19-04.088Z.txt,153,77,72,5,1,diffusart,colordiffv2,colordiffv2,diffusart,9183
31,userstudy_sid31_2026-01-14T07-19-04.088Z.txt,154,165,149,50,5,colordiffv2,proposed,proposed,colordiffv2,5060
31,userstudy_sid31_2026-01-14T07-19-04.088Z.txt,155,187,169,100,4,proposed,painttorch,proposed,painttorch,4402
31,userstudy_sid31_2026-01-14T07-19-04.088Z.txt,156,76,94,5,1,colordiffv2,diffusart,diffusart,colordiffv2,9420
31,userstudy_sid31_2026-01-14T07-19-04.088Z.txt,157,99,114,10,0,painttorch,diffusart,diffusart,painttorch,7649
31,userstudy_sid31_2026-01-14T07-19-04.088Z.txt,158,59,68,3,2,proposed,diffusart,diffusart,proposed,6647
31,userstudy_sid31_2026-01-14T07-19-04.088Z.txt,159,46,35,1,5,proposed,colordiffv2,proposed,colordiffv2,4288
31,userstudy_sid31_2026-01-14T07-19-04.088Z.txt,160,63,64,3,3,painttorch,colordiffv2,painttorch,colordiffv2,18284
31,userstudy_sid31_2026-01-14T07-19-04.088Z.txt,161,47,42,1,5,colordiffv2,proposed,proposed,colordiffv2,2982
31,userstudy_sid31_2026-01-14T07-19-04.088Z.txt,162,58,48,3,2,diffusart,proposed,diffusart,proposed,6835
31,userstudy_sid31_2026-01-14T07-19-04.088Z.txt,163,170,171,100,0,diffusart,painttorch,diffusart,painttorch,2135
31,userstudy_sid31_2026-01-14T07-19-04.088Z.txt,164,140,142,25,5,proposed,colordiffv2,proposed,colordiffv2,5218
31,userstudy_sid31_2026-01-14T07-19-04.088Z.txt,165,42,43,1,4,painttorch,proposed,proposed,painttorch,3490
31,userstudy_sid31_2026-01-14T07-19-04.088Z.txt,166,30,30,1,1,colordiffv2,diffusart,diffusart,colordiffv2,3644
31,userstudy_sid31_2026-01-14T07-19-04.088Z.txt,167,21,11,0,5,colordiffv2,proposed,proposed,colordiffv2,1220
31,userstudy_sid31_2026-01-14T07-19-04.088Z.txt,168,14,16,0,3,colordiffv2,painttorch,painttorch,colordiffv2,916
31,userstudy_sid31_2026-01-14T07-19-04.088Z.txt,169,120,120,25,0,diffusart,painttorch,diffusart,painttorch,2840
31,userstudy_sid31_2026-01-14T07-19-04.088Z.txt,170,39,32,1,3,painttorch,colordiffv2,painttorch,colordiffv2,7421
31,userstudy_sid31_2026-01-14T07-19-04.088Z.txt,171,154,147,50,2,diffusart,proposed,proposed,diffusart,5807
31,userstudy_sid31_2026-01-14T07-19-04.088Z.txt,172,48,60,3,0,diffusart,painttorch,diffusart,painttorch,3287
31,userstudy_sid31_2026-01-14T07-19-04.088Z.txt,173,9,5,0,2,proposed,diffusart,diffusart,proposed,4273
31,userstudy_sid31_2026-01-14T07-19-04.088Z.txt,174,161,153,50,4,proposed,painttorch,proposed,painttorch,3143
31,userstudy_sid31_2026-01-14T07-19-04.088Z.txt,175,119,110,10,5,colordiffv2,proposed,proposed,colordiffv2,7243
31,userstudy_sid31_2026-01-14T07-19-04.088Z.txt,176,172,179,100,1,colordiffv2,diffusart,colordiffv2,diffusart,4813
31,userstudy_sid31_2026-01-14T07-19-04.088Z.txt,177,56,53,3,2,diffusart,proposed,proposed,diffusart,14554
31,userstudy_sid31_2026-01-14T07-19-04.088Z.txt,178,73,78,5,0,painttorch,diffusart,diffusart,painttorch,3696
31,userstudy_sid31_2026-01-14T07-19-04.088Z.txt,179,135,131,25,3,painttorch,colordiffv2,colordiffv2,painttorch,8839
31,userstudy_sid31_2026-01-14T07-19-04.088Z.txt,180,101,103,10,1,diffusart,colordiffv2,diffusart,colordiffv2,8155
31,userstudy_sid31_2026-01-14T07-19-04.088Z.txt,181,98,113,10,0,diffusart,painttorch,diffusart,painttorch,2392
31,userstudy_sid31_2026-01-14T07-19-04.088Z.txt,182,123,133,25,0,painttorch,diffusart,diffusart,painttorch,3029
31,userstudy_sid31_2026-01-14T07-19-04.088Z.txt,183,62,56,3,3,colordiffv2,painttorch,painttorch,colordiffv2,3022
31,userstudy_sid31_2026-01-14T07-19-04.088Z.txt,184,35,38,1,2,proposed,diffusart,diffusart,proposed,9006
31,userstudy_sid31_2026-01-14T07-19-04.088Z.txt,185,27,33,1,0,painttorch,diffusart,diffusart,painttorch,7353
31,userstudy_sid31_2026-01-14T07-19-04.088Z.txt,186,127,129,25,1,diffusart,colordiffv2,diffusart,colordiffv2,7333
31,userstudy_sid31_2026-01-14T07-19-04.088Z.txt,187,43,31,1,4,proposed,painttorch,proposed,painttorch,4290
31,userstudy_sid31_2026-01-14T07-19-04.088Z.txt,188,128,139,25,2,diffusart,proposed,proposed,diffusart,5153
31,userstudy_sid31_2026-01-14T07-19-04.088Z.txt,189,182,177,100,3,colordiffv2,painttorch,colordiffv2,painttorch,2401
31,userstudy_sid31_2026-01-14T07-19-04.088Z.txt,190,110,109,10,3,colordiffv2,painttorch,colordiffv2,painttorch,2661
31,userstudy_sid31_2026-01-14T07-19-04.088Z.txt,191,6,8,0,1,colordiffv2,diffusart,diffusart,colordiffv2,1399
32,userstudy_sid32_2026-01-19T03-32-19.538Z.txt,0,22,4,0,5,proposed,colordiffv2,colordiffv2,proposed,39001
32,userstudy_sid32_2026-01-19T03-32-19.538Z.txt,1,103,99,10,1,diffusart,colordiffv2,colordiffv2,diffusart,7856
32,userstudy_sid32_2026-01-19T03-32-19.538Z.txt,2,181,170,100,3,painttorch,colordiffv2,colordiffv2,painttorch,13069
32,userstudy_sid32_2026-01-19T03-32-19.538Z.txt,3,145,148,50,0,painttorch,diffusart,diffusart,painttorch,2362
32,userstudy_sid32_2026-01-19T03-32-19.538Z.txt,4,13,2,0,3,painttorch,colordiffv2,painttorch,colordiffv2,7312
32,userstudy_sid32_2026-01-19T03-32-19.538Z.txt,5,148,165,50,1,colordiffv2,diffusart,colordiffv2,diffusart,4511
32,userstudy_sid32_2026-01-19T03-32-19.538Z.txt,6,171,181,100,0,painttorch,diffusart,diffusart,painttorch,3110
32,userstudy_sid32_2026-01-19T03-32-19.538Z.txt,7,165,149,50,5,colordiffv2,proposed,proposed,colordiffv2,3919
32,userstudy_sid32_2026-01-19T03-32-19.538Z.txt,8,150,154,50,1,colordiffv2,diffusart,colordiffv2,diffusart,1828
32,userstudy_sid32_2026-01-19T03-32-19.538Z.txt,9,70,59,3,5,proposed,colordiffv2,proposed,colordiffv2,1348
32,userstudy_sid32_2026-01-19T03-32-19.538Z.txt,10,30,30,1,1,colordiffv2,diffusart,diffusart,colordiffv2,6252
32,userstudy_sid32_2026-01-19T03-32-19.538Z.txt,11,67,67,3,4,proposed,painttorch,proposed,painttorch,2486
32,userstudy_sid32_2026-01-19T03-32-19.538Z.txt,12,69,62,3,5,colordiffv2,proposed,proposed,colordiffv2,5850
32,userstudy_sid32_2026-01-19T03-32-19.538Z.txt,13,63,64,3,3,painttorch,colordiffv2,colordiffv2,painttorch,2950
32,userstudy_sid32_2026-01-19T03-32-19.538Z.txt,14,56,53,3,2,diffusart,proposed,proposed,diffusart,10462
32,userstudy_sid32_2026-01-19T03-32-19.538Z.txt,15,108,106,10,3,colordiffv2,painttorch,colordiffv2,painttorch,1687
32,userstudy_sid32_2026-01-19T03-32-19.538Z.txt,16,58,48,3,2,diffusart,proposed,diffusart,proposed,2441
32,userstudy_sid32_2026-01-19T03-32-19.538Z.txt,17,147,166,50,0,painttorch,diffusart,diffusart,painttorch,3342
32,userstudy_sid32_2026-01-19T03-32-19.538Z.txt,18,166,167,50,5,proposed,colordiffv2,proposed,colordiffv2,3753
32,userstudy_sid32_2026-01-19T03-32-19.538Z.txt,19,21,11,0,5,colordiffv2,proposed,colordiffv2,proposed,7133
32,userstudy_sid32_2026-01-19T03-32-19.538Z.txt,20,42,43,1,4,painttorch,proposed,proposed,painttorch,2976
32,userstudy_sid32_2026-01-19T03-32-19.538Z.txt,21,26,41,1,0,diffusart,painttorch,diffusart,painttorch,5247
32,userstudy_sid32_2026-01-19T03-32-19.538Z.txt,22,122,126,25,0,diffusart,painttorch,diffusart,painttorch,1402
32,userstudy_sid32_2026-01-19T03-32-19.538Z.txt,23,93,95,5,5,colordiffv2,proposed,proposed,colordiffv2,1879
32,userstudy_sid32_2026-01-19T03-32-19.538Z.txt,24,191,189,100,5,colordiffv2,proposed,colordiffv2,proposed,2613
32,userstudy_sid32_2026-01-19T03-32-19.538Z.txt,25,66,49,3,4,painttorch,proposed,proposed,painttorch,5180
32,userstudy_sid32_2026-01-19T03-32-19.538Z.txt,26,111,97,10,3,painttorch,colordiffv2,colordiffv2,painttorch,1539
32,userstudy_sid32_2026-01-19T03-32-19.538Z.txt,27,121,127,25,0,painttorch,diffusart,diffusart,painttorch,1149
32,userstudy_sid32_2026-01-19T03-32-19.538Z.txt,28,4,17,0,1,colordiffv2,diffusart,diffusart,colordiffv2,2996
32,userstudy_sid32_2026-01-19T03-32-19.538Z.txt,29,102,101,10,1,colordiffv2,diffusart,colordiffv2,diffusart,7799
32,userstudy_sid32_2026-01-19T03-32-19.538Z.txt,30,130,137,25,2,diffusart,proposed,diffusart,proposed,4264
32,userstudy_sid32_2026-01-19T03-32-19.538Z.txt,31,96,119,10,0,diffusart,painttorch,diffusart,painttorch,1836
32,userstudy_sid32_2026-01-19T03-32-19.538Z.txt,32,84,79,5,3,colordiffv2,painttorch,colordiffv2,painttorch,1409
32,userstudy_sid32_2026-01-19T03-32-19.538Z.txt,33,176,172,100,2,diffusart,proposed,diffusart,proposed,1137
32,userstudy_sid32_2026-01-19T03-32-19.538Z.txt,34,189,186,100,5,colordiffv2,proposed,proposed,colordiffv2,5729
32,userstudy_sid32_2026-01-19T03-32-19.538Z.txt,35,131,121,25,2,proposed,diffusart,proposed,diffusart,3660
32,userstudy_sid32_2026-01-19T03-32-19.538Z.txt,36,188,182,100,5,proposed,colordiffv2,proposed,colordiffv2,6781
32,userstudy_sid32_2026-01-19T03-32-19.538Z.txt,37,185,183,100,4,proposed,painttorch,proposed,painttorch,1304
32,userstudy_sid32_2026-01-19T03-32-19.538Z.txt,38,177,184,100,2,proposed,diffusart,proposed,diffusart,1329
32,userstudy_sid32_2026-01-19T03-32-19.538Z.txt,39,100,104,10,1,colordiffv2,diffusart,colordiffv2,diffusart,3982
32,userstudy_sid32_2026-01-19T03-32-19.538Z.txt,40,140,142,25,5,proposed,colordiffv2,proposed,colordiffv2,5573
32,userstudy_sid32_2026-01-19T03-32-19.538Z.txt,41,76,94,5,1,colordiffv2,diffusart,diffusart,colordiffv2,4624
32,userstudy_sid32_2026-01-19T03-32-19.538Z.txt,42,46,35,1,5,proposed,colordiffv2,proposed,colordiffv2,1916
32,userstudy_sid32_2026-01-19T03-32-19.538Z.txt,43,25,29,1,0,painttorch,diffusart,painttorch,diffusart,4654
32,userstudy_sid32_2026-01-19T03-32-19.538Z.txt,44,153,157,50,2,proposed,diffusart,proposed,diffusart,3962
32,userstudy_sid32_2026-01-19T03-32-19.538Z.txt,45,137,135,25,4,proposed,painttorch,proposed,painttorch,1421
32,userstudy_sid32_2026-01-19T03-32-19.538Z.txt,46,20,1,0,5,proposed,colordiffv2,proposed,colordiffv2,1404
32,userstudy_sid32_2026-01-19T03-32-19.538Z.txt,47,119,110,10,5,colordiffv2,proposed,proposed,colordiffv2,3111
32,userstudy_sid32_2026-01-19T03-32-19.538Z.txt,48,72,89,5,0,diffusart,painttorch,diffusart,painttorch,3040
32,userstudy_sid32_2026-01-19T03-32-19.538Z.txt,49,51,61,3,0,painttorch,diffusart,diffusart,painttorch,2305
32,userstudy_sid32_2026-01-19T03-32-19.538Z.txt,50,157,163,50,3,painttorch,colordiffv2,colordiffv2,painttorch,2356
32,userstudy_sid32_2026-01-19T03-32-19.538Z.txt,51,179,180,100,2,proposed,diffusart,proposed,diffusart,2299
32,userstudy_sid32_2026-01-19T03-32-19.538Z.txt,52,190,191,100,5,proposed,colordiffv2,proposed,colordiffv2,6227
32,userstudy_sid32_2026-01-19T03-32-19.538Z.txt,53,123,133,25,0,painttorch,diffusart,diffusart,painttorch,1963
32,userstudy_sid32_2026-01-19T03-32-19.538Z.txt,54,82,82,5,2,diffusart,proposed,proposed,diffusart,4598
32,userstudy_sid32_2026-01-19T03-32-19.538Z.txt,55,24,37,1,0,diffusart,painttorch,diffusart,painttorch,6351
32,userstudy_sid32_2026-01-19T03-32-19.538Z.txt,56,132,143,25,3,colordiffv2,painttorch,colordiffv2,painttorch,3814
32,userstudy_sid32_2026-01-19T03-32-19.538Z.txt,57,141,132,25,5,colordiffv2,proposed,colordiffv2,proposed,21746
32,userstudy_sid32_2026-01-19T03-32-19.538Z.txt,58,109,108,10,3,painttorch,colordiffv2,painttorch,colordiffv2,1967
32,userstudy_sid32_2026-01-19T03-32-19.538Z.txt,59,133,123,25,3,painttorch,colordiffv2,colordiffv2,painttorch,2924
32,userstudy_sid32_2026-01-19T03-32-19.538Z.txt,60,155,160,50,2,proposed,diffusart,proposed,diffusart,4914
32,userstudy_sid32_2026-01-19T03-32-19.538Z.txt,61,172,179,100,1,colordiffv2,diffusart,colordiffv2,diffusart,1888
32,userstudy_sid32_2026-01-19T03-32-19.538Z.txt,62,19,10,0,4,proposed,painttorch,proposed,painttorch,4329
32,userstudy_sid32_2026-01-19T03-32-19.538Z.txt,63,32,28,1,2,diffusart,proposed,diffusart,proposed,6573
32,userstudy_sid32_2026-01-19T03-32-19.538Z.txt,64,90,87,5,4,painttorch,proposed,proposed,painttorch,1781
32,userstudy_sid32_2026-01-19T03-32-19.538Z.txt,65,23,7,0,5,colordiffv2,proposed,proposed,colordiffv2,3325
32,userstudy_sid32_2026-01-19T03-32-19.538Z.txt,66,81,74,5,2,proposed,diffusart,proposed,diffusart,2965
32,userstudy_sid32_2026-01-19T03-32-19.538Z.txt,67,91,86,5,4,proposed,painttorch,proposed,painttorch,2809
32,userstudy_sid32_2026-01-19T03-32-19.538Z.txt,68,28,40,1,1,colordiffv2,diffusart,diffusart,colordiffv2,6953
32,userstudy_sid32_2026-01-19T03-32-19.538Z.txt,69,127,129,25,1,diffusart,colordiffv2,diffusart,colordiffv2,2002
32,userstudy_sid32_2026-01-19T03-32-19.538Z.txt,70,107,116,10,2,proposed,diffusart,diffusart,proposed,2737
32,userstudy_sid32_2026-01-19T03-32-19.538Z.txt,71,33,47,1,2,proposed,diffusart,diffusart,proposed,2989
32,userstudy_sid32_2026-01-19T03-32-19.538Z.txt,72,112,100,10,4,painttorch,proposed,proposed,painttorch,1726
32,userstudy_sid32_2026-01-19T03-32-19.538Z.txt,73,45,34,1,5,colordiffv2,proposed,proposed,colordiffv2,4431
32,userstudy_sid32_2026-01-19T03-32-19.538Z.txt,74,86,77,5,3,colordiffv2,painttorch,colordiffv2,painttorch,2955
32,userstudy_sid32_2026-01-19T03-32-19.538Z.txt,75,118,115,10,5,proposed,colordiffv2,colordiffv2,proposed,3416
32,userstudy_sid32_2026-01-19T03-32-19.538Z.txt,76,65,54,3,4,proposed,painttorch,proposed,painttorch,1418
32,userstudy_sid32_2026-01-19T03-32-19.538Z.txt,77,88,91,5,4,painttorch,proposed,proposed,painttorch,3599
32,userstudy_sid32_2026-01-19T03-32-19.538Z.txt,78,174,190,100,1,colordiffv2,diffusart,diffusart,colordiffv2,8745
32,userstudy_sid32_2026-01-19T03-32-19.538Z.txt,79,68,69,3,5,proposed,colordiffv2,proposed,colordiffv2,4800
32,userstudy_sid32_2026-01-19T03-32-19.538Z.txt,80,35,38,1,2,proposed,diffusart,proposed,diffusart,3659
32,userstudy_sid32_2026-01-19T03-32-19.538Z.txt,81,142,128,25,5,proposed,colordiffv2,proposed,colordiffv2,6571
32,userstudy_sid32_2026-01-19T03-32-19.538Z.txt,82,54,63,3,1,colordiffv2,diffusart,colordiffv2,diffusart,4254
32,userstudy_sid32_2026-01-19T03-32-19.538Z.txt,83,77,72,5,1,diffusart,colordiffv2,colordiffv2,diffusart,25508
32,userstudy_sid32_2026-01-19T03-32-19.538Z.txt,84,87,76,5,3,painttorch,colordiffv2,colordiffv2,painttorch,2057
32,userstudy_sid32_2026-01-19T03-32-19.538Z.txt,85,73,78,5,0,painttorch,diffusart,diffusart,painttorch,2610
32,userstudy_sid32_2026-01-19T03-32-19.538Z.txt,86,115,107,10,4,proposed,painttorch,proposed,painttorch,2461
32,userstudy_sid32_2026-01-19T03-32-19.538Z.txt,87,97,96,10,0,painttorch,diffusart,diffusart,painttorch,5080
32,userstudy_sid32_2026-01-19T03-32-19.538Z.txt,88,59,68,3,2,proposed,diffusart,diffusart,proposed,5646
32,userstudy_sid32_2026-01-19T03-32-19.538Z.txt,89,180,168,100,3,colordiffv2,painttorch,colordiffv2,painttorch,4018
32,userstudy_sid32_2026-01-19T03-32-19.538Z.txt,90,7,21,0,1,diffusart,colordiffv2,diffusart,colordiffv2,1418
32,userstudy_sid32_2026-01-19T03-32-19.538Z.txt,91,11,14,0,2,proposed,diffusart,proposed,diffusart,7795
32,userstudy_sid32_2026-01-19T03-32-19.538Z.txt,92,124,138,25,1,colordiffv2,diffusart,diffusart,colordiffv2,5279
32,userstudy_sid32_2026-01-19T03-32-19.538Z.txt,93,14,16,0,3,colordiffv2,painttorch,painttorch,colordiffv2,3776
32,userstudy_sid32_2026-01-19T03-32-19.538Z.txt,94,5,0,0,1,diffusart,colordiffv2,diffusart,colordiffv2,1509
32,userstudy_sid32_2026-01-19T03-32-19.538Z.txt,95,52,50,3,1,colordiffv2,diffusart,diffusart,colordiffv2,2309
32,userstudy_sid32_2026-01-19T03-32-19.538Z.txt,96,182,177,100,3,colordiffv2,painttorch,colordiffv2,painttorch,1476
32,userstudy_sid32_2026-01-19T03-32-19.538Z.txt,97,136,125,25,4,painttorch,proposed,proposed,painttorch,1297
32,userstudy_sid32_2026-01-19T03-32-19.538Z.txt,98,116,98,10,5,proposed,colordiffv2,proposed,colordiffv2,985
32,userstudy_sid32_2026-01-19T03-32-19.538Z.txt,99,159,156,50,3,painttorch,colordiffv2,colordiffv2,painttorch,1478
32,userstudy_sid32_2026-01-19T03-32-19.538Z.txt,100,183,176,100,3,painttorch,colordiffv2,colordiffv2,painttorch,1514
32,userstudy_sid32_2026-01-19T03-32-19.538Z.txt,101,71,55,3,5,colordiffv2,proposed,colordiffv2,proposed,5420
32,userstudy_sid32_2026-01-19T03-32-19.538Z.txt,102,117,111,10,5,colordiffv2,proposed,colordiffv2,proposed,2017
32,userstudy_sid32_2026-01-19T03-32-19.538Z.txt,103,163,145,50,4,proposed,painttorch,proposed,painttorch,1214
32,userstudy_sid32_2026-01-19T03-32-19.538Z.txt,104,184,178,100,4,painttorch,proposed,proposed,painttorch,1429
32,userstudy_sid32_2026-01-19T03-32-19.538Z.txt,105,152,155,50,2,diffusart,proposed,proposed,diffusart,6540
32,userstudy_sid32_2026-01-19T03-32-19.538Z.txt,106,60,71,3,3,colordiffv2,painttorch,colordiffv2,painttorch,2087
32,userstudy_sid32_2026-01-19T03-32-19.538Z.txt,107,154,147,50,2,diffusart,proposed,proposed,diffusart,2725
32,userstudy_sid32_2026-01-19T03-32-19.538Z.txt,108,8,19,0,2,diffusart,proposed,proposed,diffusart,2189
32,userstudy_sid32_2026-01-19T03-32-19.538Z.txt,109,128,139,25,2,diffusart,proposed,diffusart,proposed,2259
32,userstudy_sid32_2026-01-19T03-32-19.538Z.txt,110,18,9,0,4,painttorch,proposed,proposed,painttorch,2673
32,userstudy_sid32_2026-01-19T03-32-19.538Z.txt,111,99,114,10,0,painttorch,diffusart,diffusart,painttorch,2281
32,userstudy_sid32_2026-01-19T03-32-19.538Z.txt,112,49,70,3,0,painttorch,diffusart,diffusart,painttorch,1001
32,userstudy_sid32_2026-01-19T03-32-19.538Z.txt,113,144,162,50,0,diffusart,painttorch,diffusart,painttorch,1309
32,userstudy_sid32_2026-01-19T03-32-19.538Z.txt,114,139,134,25,4,proposed,painttorch,proposed,painttorch,1578
32,userstudy_sid32_2026-01-19T03-32-19.538Z.txt,115,167,152,50,5,colordiffv2,proposed,colordiffv2,proposed,3404
32,userstudy_sid32_2026-01-19T03-32-19.538Z.txt,116,2,20,0,0,diffusart,painttorch,painttorch,diffusart,2281
32,userstudy_sid32_2026-01-19T03-32-19.538Z.txt,117,160,164,50,4,painttorch,proposed,proposed,painttorch,1810
32,userstudy_sid32_2026-01-19T03-32-19.538Z.txt,118,125,124,25,1,diffusart,colordiffv2,diffusart,colordiffv2,1448
32,userstudy_sid32_2026-01-19T03-32-19.538Z.txt,119,9,5,0,2,proposed,diffusart,proposed,diffusart,1617
32,userstudy_sid32_2026-01-19T03-32-19.538Z.txt,120,162,146,50,4,painttorch,proposed,proposed,painttorch,1552
32,userstudy_sid32_2026-01-19T03-32-19.538Z.txt,121,126,136,25,1,colordiffv2,diffusart,diffusart,colordiffv2,1712
32,userstudy_sid32_2026-01-19T03-32-19.538Z.txt,122,101,103,10,1,diffusart,colordiffv2,diffusart,colordiffv2,2631
32,userstudy_sid32_2026-01-19T03-32-19.538Z.txt,123,120,120,25,0,diffusart,painttorch,diffusart,painttorch,872
32,userstudy_sid32_2026-01-19T03-32-19.538Z.txt,124,34,27,1,2,diffusart,proposed,proposed,diffusart,10445
32,userstudy_sid32_2026-01-19T03-32-19.538Z.txt,125,114,118,10,4,painttorch,proposed,proposed,painttorch,1007
32,userstudy_sid32_2026-01-19T03-32-19.538Z.txt,126,186,175,100,4,painttorch,proposed,proposed,painttorch,997
32,userstudy_sid32_2026-01-19T03-32-19.538Z.txt,127,48,60,3,0,diffusart,painttorch,diffusart,painttorch,1782
32,userstudy_sid32_2026-01-19T03-32-19.538Z.txt,128,10,13,0,2,diffusart,proposed,diffusart,proposed,1977
32,userstudy_sid32_2026-01-19T03-32-19.538Z.txt,129,75,88,5,0,painttorch,diffusart,diffusart,painttorch,1466
32,userstudy_sid32_2026-01-19T03-32-19.538Z.txt,130,105,112,10,2,proposed,diffusart,diffusart,proposed,12039
32,userstudy_sid32_2026-01-19T03-32-19.538Z.txt,131,95,93,5,5,colordiffv2,proposed,colordiffv2,proposed,3191
32,userstudy_sid32_2026-01-19T03-32-19.538Z.txt,132,43,31,1,4,proposed,painttorch,proposed,painttorch,1579
32,userstudy_sid32_2026-01-19T03-32-19.538Z.txt,133,89,75,5,4,proposed,painttorch,proposed,painttorch,2024
32,userstudy_sid32_2026-01-19T03-32-19.538Z.txt,134,143,122,25,5,colordiffv2,proposed,proposed,colordiffv2,2313
32,userstudy_sid32_2026-01-19T03-32-19.538Z.txt,135,110,109,10,3,colordiffv2,painttorch,colordiffv2,painttorch,1218
32,userstudy_sid32_2026-01-19T03-32-19.538Z.txt,136,74,92,5,0,diffusart,painttorch,diffusart,painttorch,1529
32,userstudy_sid32_2026-01-19T03-32-19.538Z.txt,137,36,36,1,3,colordiffv2,painttorch,colordiffv2,painttorch,1327
32,userstudy_sid32_2026-01-19T03-32-19.538Z.txt,138,106,117,10,2,diffusart,proposed,diffusart,proposed,2381
32,userstudy_sid32_2026-01-19T03-32-19.538Z.txt,139,80,80,5,2,diffusart,proposed,proposed,diffusart,2348
32,userstudy_sid32_2026-01-19T03-32-19.538Z.txt,140,17,15,0,4,proposed,painttorch,proposed,painttorch,2770
32,userstudy_sid32_2026-01-19T03-32-19.538Z.txt,141,85,83,5,3,painttorch,colordiffv2,colordiffv2,painttorch,2124
32,userstudy_sid32_2026-01-19T03-32-19.538Z.txt,142,62,56,3,3,colordiffv2,painttorch,colordiffv2,painttorch,2160
32,userstudy_sid32_2026-01-19T03-32-19.538Z.txt,143,61,51,3,3,painttorch,colordiffv2,colordiffv2,painttorch,3778
32,userstudy_sid32_2026-01-19T03-32-19.538Z.txt,144,135,131,25,3,painttorch,colordiffv2,colordiffv2,painttorch,1946
32,userstudy_sid32_2026-01-19T03-32-19.538Z.txt,145,50,65,3,0,diffusart,painttorch,diffusart,painttorch,1610
32,userstudy_sid32_2026-01-19T03-32-19.538Z.txt,146,29,24,1,1,diffusart,colordiffv2,colordiffv2,diffusart,3648
32,userstudy_sid32_2026-01-19T03-32-19.538Z.txt,147,47,42,1,5,colordiffv2,proposed,proposed,colordiffv2,1959
32,userstudy_sid32_2026-01-19T03-32-19.538Z.txt,148,1,3,0,0,painttorch,diffusart,diffusart,painttorch,2415
32,userstudy_sid32_2026-01-19T03-32-19.538Z.txt,149,0,22,0,0,diffusart,painttorch,painttorch,diffusart,1187
32,userstudy_sid32_2026-01-19T03-32-19.538Z.txt,150,3,6,0,0,painttorch,diffusart,painttorch,diffusart,4744
32,userstudy_sid32_2026-01-19T03-32-19.538Z.txt,151,40,45,1,4,painttorch,proposed,proposed,painttorch,1984
32,userstudy_sid32_2026-01-19T03-32-19.538Z.txt,152,169,173,100,0,painttorch,diffusart,diffusart,painttorch,2890
32,userstudy_sid32_2026-01-19T03-32-19.538Z.txt,153,6,8,0,1,colordiffv2,diffusart,diffusart,colordiffv2,2326
32,userstudy_sid32_2026-01-19T03-32-19.538Z.txt,154,38,46,1,3,colordiffv2,painttorch,painttorch,colordiffv2,2321
32,userstudy_sid32_2026-01-19T03-32-19.538Z.txt,155,94,73,5,5,proposed,colordiffv2,proposed,colordiffv2,3701
32,userstudy_sid32_2026-01-19T03-32-19.538Z.txt,156,64,52,3,4,painttorch,proposed,proposed,painttorch,4033
32,userstudy_sid32_2026-01-19T03-32-19.538Z.txt,157,31,44,1,1,diffusart,colordiffv2,colordiffv2,diffusart,2134
32,userstudy_sid32_2026-01-19T03-32-19.538Z.txt,158,156,151,50,3,colordiffv2,painttorch,colordiffv2,painttorch,1626
32,userstudy_sid32_2026-01-19T03-32-19.538Z.txt,159,27,33,1,0,painttorch,diffusart,diffusart,painttorch,1222
32,userstudy_sid32_2026-01-19T03-32-19.538Z.txt,160,164,150,50,5,proposed,colordiffv2,colordiffv2,proposed,1110
32,userstudy_sid32_2026-01-19T03-32-19.538Z.txt,161,79,81,5,1,diffusart,colordiffv2,colordiffv2,diffusart,1178
32,userstudy_sid32_2026-01-19T03-32-19.538Z.txt,162,98,113,10,0,diffusart,painttorch,diffusart,painttorch,3043
32,userstudy_sid32_2026-01-19T03-32-19.538Z.txt,163,134,140,25,3,colordiffv2,painttorch,colordiffv2,painttorch,789
32,userstudy_sid32_2026-01-19T03-32-19.538Z.txt,164,161,153,50,4,proposed,painttorch,proposed,painttorch,814
32,userstudy_sid32_2026-01-19T03-32-19.538Z.txt,165,113,102,10,4,proposed,painttorch,proposed,painttorch,1672
32,userstudy_sid32_2026-01-19T03-32-19.538Z.txt,166,41,25,1,4,proposed,painttorch,proposed,painttorch,1859
32,userstudy_sid32_2026-01-19T03-32-19.538Z.txt,167,39,32,1,3,painttorch,colordiffv2,colordiffv2,painttorch,3259
32,userstudy_sid32_2026-01-19T03-32-19.538Z.txt,168,44,39,1,5,proposed,colordiffv2,colordiffv2,proposed,1161
32,userstudy_sid32_2026-01-19T03-32-19.538Z.txt,169,53,66,3,1,diffusart,colordiffv2,diffusart,colordiffv2,2471
32,userstudy_sid32_2026-01-19T03-32-19.538Z.txt,170,15,18,0,3,painttorch,colordiffv2,painttorch,colordiffv2,976
32,userstudy_sid32_2026-01-19T03-32-19.538Z.txt,171,55,57,3,1,diffusart,colordiffv2,diffusart,colordiffv2,3600
32,userstudy_sid32_2026-01-19T03-32-19.538Z.txt,172,158,158,50,3,colordiffv2,painttorch,colordiffv2,painttorch,1451
32,userstudy_sid32_2026-01-19T03-32-19.538Z.txt,173,168,185,100,0,diffusart,painttorch,diffusart,painttorch,980
32,userstudy_sid32_2026-01-19T03-32-19.538Z.txt,174,12,23,0,3,colordiffv2,painttorch,painttorch,colordiffv2,1150
32,userstudy_sid32_2026-01-19T03-32-19.538Z.txt,175,187,169,100,4,proposed,painttorch,proposed,painttorch,1341
32,userstudy_sid32_2026-01-19T03-32-19.538Z.txt,176,37,26,1,3,painttorch,colordiffv2,colordiffv2,painttorch,2734
32,userstudy_sid32_2026-01-19T03-32-19.538Z.txt,177,146,159,50,0,diffusart,painttorch,diffusart,painttorch,1332
32,userstudy_sid32_2026-01-19T03-32-19.538Z.txt,178,104,105,10,2,diffusart,proposed,diffusart,proposed,6314
32,userstudy_sid32_2026-01-19T03-32-19.538Z.txt,179,92,85,5,5,proposed,colordiffv2,proposed,colordiffv2,3148
32,userstudy_sid32_2026-01-19T03-32-19.538Z.txt,180,151,144,50,1,diffusart,colordiffv2,diffusart,colordiffv2,2086
32,userstudy_sid32_2026-01-19T03-32-19.538Z.txt,181,178,187,100,2,diffusart,proposed,diffusart,proposed,888
32,userstudy_sid32_2026-01-19T03-32-19.538Z.txt,182,57,58,3,2,proposed,diffusart,diffusart,proposed,3353
32,userstudy_sid32_2026-01-19T03-32-19.538Z.txt,183,170,171,100,0,diffusart,painttorch,diffusart,painttorch,1285
32,userstudy_sid32_2026-01-19T03-32-19.538Z.txt,184,83,84,5,2,proposed,diffusart,proposed,diffusart,2952
32,userstudy_sid32_2026-01-19T03-32-19.538Z.txt,185,129,130,25,2,proposed,diffusart,proposed,diffusart,1254
32,userstudy_sid32_2026-01-19T03-32-19.538Z.txt,186,149,161,50,1,diffusart,colordiffv2,colordiffv2,diffusart,2675
32,userstudy_sid32_2026-01-19T03-32-19.538Z.txt,187,138,141,25,4,painttorch,proposed,proposed,painttorch,949
32,userstudy_sid32_2026-01-19T03-32-19.538Z.txt,188,78,90,5,1,colordiffv2,diffusart,diffusart,colordiffv2,1413
32,userstudy_sid32_2026-01-19T03-32-19.538Z.txt,189,175,188,100,1,diffusart,colordiffv2,diffusart,colordiffv2,2096
32,userstudy_sid32_2026-01-19T03-32-19.538Z.txt,190,16,12,0,4,painttorch,proposed,painttorch,proposed,2798
32,userstudy_sid32_2026-01-19T03-32-19.538Z.txt,191,173,174,100,1,diffusart,colordiffv2,diffusart,colordiffv2,1536
